Group Signal ,H1xy,Frame 6,
Format,Mag/Phase,Scaling,Ratio
Signal type,Transfer Function,Window,Rectangular
Signals,H1:1;2,,H1:1;3,,H1:1;4,,H1:1;5,
,2,,3,,4,,5,
Ref Chan,1,,1,,1,,1,
Chan Name,Acc_1,,Acc_2,,Acc_3,,Acc_4,
Ref Name,Hammer,,Hammer,,Hammer,,Hammer,
Point,8 X,,15 X,,0 X,,0 X,
Ref Point,39 X,,39 X,,39 X,,39 X,

Hz,(m/s^2)/N,deg,(m/s^2)/N,deg,(m/s^2)/N,deg,(m/s^2)/N,deg
Scaling,Mag,Phase,Mag,Phase,Mag,Phase,Mag,Phase
              0,       3.025795,       180.0001,       37.01847,              0,       23.37459,       180.0001,       37.23023,              0
         0.0625,       45.09119,       94.17696,       41.74588,       39.21868,       22.71895,      -172.8741,       31.48697,       23.93402
          0.125,        621.103,       64.54845,       293.7291,       42.18759,       28.73893,       -144.866,       210.3114,       95.01811
         0.1875,        688.549,       57.97948,       216.3014,      -25.36439,       32.96193,       164.3175,       132.8435,       2.373063
           0.25,       286.0579,       57.54824,       46.63191,       111.5561,        9.45428,        138.458,       67.75534,        27.4714
         0.3125,       183.0495,      -24.02311,       20.87508,      -94.55852,       2.082235,      -29.79605,        79.5002,       36.07919
          0.375,       219.1628,      -4.474983,       39.82934,       82.52408,       4.105665,       151.6933,       15.97962,      -14.16271
         0.4375,       289.9042,       6.724659,       70.41611,       20.10769,       1.967947,      -40.64169,       54.61735,       32.65197
            0.5,       158.2221,       7.460536,       74.37405,       -124.948,       6.088733,      -161.3588,       24.35818,      -58.97773
         0.5625,       115.4759,       34.98764,       29.66174,       79.17113,       5.503604,       167.4167,        27.2624,       10.22868
          0.625,       111.0764,      -5.270228,       11.36363,      -71.33933,       1.831774,       159.1388,       23.94586,      -65.05821
         0.6875,        159.197,       47.91055,       24.14241,       4.172194,       2.506117,       84.07276,       4.919639,      -135.1497
           0.75,       177.3384,      -26.62385,       20.13829,      -165.7995,       4.373654,       146.1295,       14.19287,       132.5121
         0.8125,       93.89966,      -19.87146,       27.19126,       31.51747,       5.553962,       76.08536,       7.780702,      -28.07205
          0.875,       105.0952,      -11.28899,       19.37698,      -122.1523,       1.848277,       151.8202,       20.87001,        0.10595
         0.9375,       60.68304,       -39.1069,      0.6442391,       59.21183,       3.438093,       114.8233,       16.37179,      -37.65197
              1,       85.42868,      -35.06582,       14.01189,       22.18408,       3.142352,       120.4418,       3.953852,      -67.63231
         1.0625,        57.6303,      -25.31101,       9.525387,      -96.08978,       1.529928,       39.79647,       1.960073,      -38.19543
          1.125,       75.38461,       -57.3037,       0.882466,       92.92783,       1.905852,       151.3878,       15.68807,      -57.63432
         1.1875,       62.35017,      -52.75574,       5.539271,       145.4043,       3.071556,        76.8651,       6.307005,      -90.05355
           1.25,       30.90295,      -15.96429,       3.211109,      -83.99892,      0.8407725,       167.8777,       6.213338,        9.30301
         1.3125,       64.92661,      -60.50982,       4.318477,      -138.7117,        3.94951,       117.7887,        6.91874,      -80.75615
          1.375,         46.504,      -53.09951,       2.316877,       162.1417,      0.7542892,       104.0294,       5.122496,      -12.45347
         1.4375,       60.15844,      -70.95748,      0.7577245,       -176.274,       4.948411,       142.9852,       6.121151,      -38.01753
            1.5,       50.64135,      -56.23135,       1.335124,       41.19836,       2.518423,         109.39,       4.709621,      -4.039029
         1.5625,        26.4137,      -86.96744,       2.569274,      -88.17876,        2.93262,        155.255,       4.954671,      -10.72186
          1.625,       41.11238,      -79.33854,       1.582891,       171.5943,      0.9569069,      -16.27966,       5.871282,      -41.40518
         1.6875,        25.6242,      -95.32969,       2.489994,       76.44878,       2.933603,       134.1938,       3.585217,      -29.16652
           1.75,       22.31282,      -108.3859,       1.465022,      -177.2808,       1.645026,      -177.7205,       3.320447,      -11.46756
         1.8125,       26.06966,      -111.8045,      0.9127266,      -78.79645,       1.390312,       110.6344,       8.204728,      -27.33547
          1.875,       16.20654,      -116.4369,      0.7291266,       40.80334,       2.712564,       130.6428,       3.264957,      -21.38416
         1.9375,       30.23671,       175.2395,       1.615468,       96.60586,       2.060201,       28.86445,       4.872581,      -61.16451
              2,       19.89461,      -165.8057,       1.675636,       138.2147,       2.515312,       163.2168,        5.16269,      -30.01769
         2.0625,       21.66457,      -145.0155,       2.790323,       29.68115,       6.141833,       78.60709,        7.58224,      -7.448824
          2.125,       22.48843,      -171.8187,       1.948306,         138.13,       2.517464,       112.5923,        6.91203,       -41.0573
         2.1875,       11.89989,      -85.82346,        3.64888,      -68.52609,       3.613013,       85.46867,       6.647987,      -32.00398
           2.25,        7.33653,       26.64511,      0.9939709,       171.5276,       1.792727,       90.16165,       6.377728,      -20.90834
         2.3125,       9.522835,      -9.132901,      0.2931438,      -10.95218,      0.5334675,       163.6845,       6.718007,      -44.36897
          2.375,       10.70275,        4.62228,      0.3643071,      -170.2693,       1.412357,       121.8583,       3.758024,       -19.9646
         2.4375,       19.65295,      -9.330794,       1.915054,      -169.6503,       3.819778,       100.7348,       4.386272,      -38.43921
            2.5,         14.699,      -16.46864,       1.312738,       25.23809,       1.091698,      -45.51517,       4.227604,      -28.28981
         2.5625,       12.95108,       7.920952,      0.7353764,      -125.0077,       1.019366,       158.4337,       4.550879,       29.51609
          2.625,        21.1671,      -44.22875,       2.382906,      -24.77631,       3.701975,       87.00073,       5.953658,      -32.57346
         2.6875,       11.21456,       1.186278,       1.095858,      -141.4308,       1.654767,       100.4167,       6.463296,      -30.89892
           2.75,       18.22383,      -61.78119,       1.141237,      -71.17243,       3.556508,       104.6393,       4.105876,      -21.12108
         2.8125,       9.704374,      -47.98583,       2.043547,       165.5384,        1.72095,       74.70974,        8.56672,       -5.65852
          2.875,       16.94437,      -106.9888,       1.038218,      -152.6802,       3.840683,       69.17394,       5.768204,      -38.15623
         2.9375,       13.42545,      -81.25014,      0.8893796,       -149.081,       4.752214,       117.2098,       7.880739,       -9.39437
              3,       3.426614,        -46.879,      0.1480479,       168.0089,      0.9223189,      -35.98511,       4.456357,      -52.81871
         3.0625,       4.861498,      -56.72441,       1.076396,       115.2858,       2.232893,       94.41218,       4.902061,      -33.05493
          3.125,       3.991306,       17.64944,       1.503204,      -29.65549,       1.392592,       10.56456,       4.098991,      -16.60693
         3.1875,       4.214571,       27.57188,      0.6678599,       25.13966,       1.866153,        126.281,        7.37631,      -14.59361
           3.25,       12.79495,      -1.898874,       2.057895,      -137.1964,       3.569134,       99.53527,       4.040234,      -6.228764
         3.3125,       9.234879,     0.06594107,      0.9443581,       24.67289,       1.636319,       22.83183,       5.200378,      -31.53122
          3.375,       15.24843,      -2.116296,      0.2638495,       1.016869,       2.957685,       88.95322,       5.687962,      -7.901268
         3.4375,       17.12609,       1.943253,      0.7259511,      -145.2059,       2.993258,       63.40375,       8.213655,      -5.148724
            3.5,       12.20863,      -30.64655,       1.813877,       64.04922,      0.4451006,       99.11489,       6.614955,      -49.38737
         3.5625,       15.45128,      -41.37908,       2.300745,      -116.3834,       5.567784,       92.35467,       7.679091,      -8.224043
          3.625,       15.88171,      -45.08764,        1.46001,       78.48151,      0.9517245,      -16.16413,       5.822229,      -24.73268
         3.6875,       10.69492,      -52.75383,       1.583282,      -98.07662,       3.293712,       83.89192,       5.346978,      -26.11664
           3.75,       17.49907,      -30.31743,        1.44317,       59.60501,      0.7980469,       73.55593,       6.271838,      -29.14229
         3.8125,       14.42056,      -61.83873,       1.206384,      -93.67935,       2.756447,       92.76599,       5.986115,      -10.70602
          3.875,       11.20075,      -42.60461,       1.099813,      -13.68013,       1.563819,       67.98083,       6.126164,      -32.42863
         3.9375,       11.61152,      -31.74643,       2.064132,      -157.5017,       1.972064,       85.75442,       6.509109,      -17.62389
              4,          9.337,      -3.501656,       1.541448,       142.9376,         3.2879,       44.89997,       6.432384,      -32.56565
         4.0625,       9.440087,      -74.96123,       1.269359,        56.4523,       2.030142,       105.8213,       7.682195,      -14.91446
          4.125,       8.599521,      -48.82553,       1.768399,      -18.47133,       1.614035,       84.84644,       7.623959,      -33.52786
         4.1875,        8.98233,      -57.43322,     0.08708017,       47.20967,       1.516156,       37.82967,       5.285071,      -34.50479
           4.25,       9.615509,      -46.60846,      0.7904233,      -53.68183,       2.370947,       95.19949,       6.422998,       -20.7943
         4.3125,       8.484036,      -64.69578,      0.7976848,      -151.4057,       2.334574,       51.06371,       4.968347,      -34.77871
          4.375,       8.816834,      -50.03848,       2.084578,        150.868,       1.400688,       58.64074,       6.180841,       -29.1354
         4.4375,       8.673822,      -54.15184,        1.94299,      -33.82697,       2.120207,       73.80431,       4.599888,      -6.560207
            4.5,       9.944588,      -53.21342,       1.067628,       116.7874,        1.18051,       79.63447,       7.785387,      -18.76993
         4.5625,       4.416036,      -32.01306,       0.898941,      -99.15411,       1.897572,       60.32719,       4.496491,      -16.55082
          4.625,       8.504623,      -60.98114,       1.758384,       8.578191,       1.765278,       76.82189,       4.188621,      -27.43357
         4.6875,       7.222487,      -19.10468,       1.342582,      -163.3735,        2.72288,       69.58302,       6.770139,      -13.22126
           4.75,       8.728938,      -21.51049,       1.401369,       53.60943,       1.384387,       39.79312,       5.748318,      -21.57308
         4.8125,       7.834051,      -19.25399,      0.5063233,       -64.4733,       1.452581,       116.7136,       4.585053,      -13.90019
          4.875,       10.14873,       -15.7017,       2.474168,      -65.87563,       2.938124,       83.28154,       7.244201,      -16.57543
         4.9375,       8.160125,      -32.75308,       1.290153,       143.4973,        1.43616,       56.01591,       4.878892,      -35.74394
              5,       13.87602,      -27.24091,      0.5651402,       54.18129,       1.617019,       65.24088,       5.633782,      -7.029387
         5.0625,       11.49925,      -30.90006,      0.9933516,      -8.042563,       2.047941,       104.3552,       4.219916,       -30.7851
          5.125,       15.66178,       -38.1437,       2.191021,      -100.4874,       2.202815,       38.65768,        6.85359,      -8.943792
         5.1875,       12.82078,      -61.02916,       1.988043,       31.45108,       2.776893,       78.10392,       6.505556,      -44.60522
           5.25,       14.71824,      -53.29932,       1.511627,       -66.7723,       1.913414,        37.7063,        4.22479,      -15.93602
         5.3125,       15.78847,      -70.02753,        2.23561,       177.3281,       2.119884,       70.35859,       6.091791,       -20.5815
          5.375,       12.04364,      -77.35471,       1.233992,      -0.823909,      0.5522088,       25.23428,       6.437275,      -44.08049
         5.4375,       11.30361,      -75.80595,       1.403144,      -96.82973,       2.181387,       77.95517,       4.593896,      -17.77487
            5.5,       12.58508,      -73.73086,      0.5832835,       99.99984,      0.6577777,       27.07349,       6.581741,       -35.0911
         5.5625,       9.081461,      -85.27153,      0.5455229,      -171.0224,       2.081606,       82.85296,       4.490499,      -14.36792
          5.625,       12.31441,      -76.99927,      0.6933079,       44.59429,       2.005417,       58.39832,       5.234378,      -18.22877
         5.6875,       6.643595,      -105.9524,      0.4866639,      -82.58607,       1.641163,       57.31326,       5.240064,      -26.50671
           5.75,       11.57295,      -64.46951,       1.812139,      -115.2183,      0.3489445,        43.0737,       5.092087,      -15.79167
         5.8125,       7.168033,      -85.04991,       2.104769,       116.0316,       3.133099,       80.06072,        5.63196,      -24.87026
          5.875,       7.477854,       -88.9245,       1.007943,      -106.6764,       1.493876,     0.00201578,       5.748364,      -21.73606
         5.9375,       6.591249,       -74.6071,      0.9105904,       36.37818,       2.126399,       106.2183,        5.50342,      -30.10109
              6,       6.489351,      -97.17052,      0.3279125,       175.3004,       1.161313,       48.47404,       4.141689,      -24.45043
         6.0625,       5.903742,      -73.99961,      0.6733531,      -7.350301,       2.241369,       60.42274,       6.579574,      -7.490387
          6.125,       6.442703,      -104.7424,      0.6953284,      -24.26214,       1.064425,       55.09098,       5.470217,       -35.7444
         6.1875,       6.509398,      -61.91364,       1.921397,      -117.1425,        1.17663,       55.95629,       6.976041,      -7.001339
           6.25,       8.222427,      -110.4029,      0.2625626,      -136.3839,       2.773428,       70.56264,        5.91959,      -41.87999
         6.3125,       4.287493,      -85.94312,      0.1762351,      -175.8965,       1.330208,       12.28483,       4.090922,      -12.65994
          6.375,       7.620572,      -95.65245,      0.5155266,       167.6087,       2.503175,       73.85124,       7.716524,      -30.38302
         6.4375,       4.052756,       -113.544,       1.402831,       97.67643,       1.229743,       48.54185,       4.222814,      -13.27015
            6.5,       5.349636,      -112.4187,       1.510874,      -29.75555,       2.365777,       71.44503,       5.069158,      -14.32296
         6.5625,       4.273927,      -108.1784,      0.1388362,       21.49044,       1.525449,      -15.02989,       5.728596,      -23.81107
          6.625,       4.124988,      -117.7807,       1.101665,      -65.43286,       3.476626,       100.8835,       5.418894,      -10.78009
         6.6875,       3.778764,      -111.8121,       1.009396,      -178.3461,       2.010108,       27.88321,       4.361327,      -22.99183
           6.75,       2.137798,      -141.0317,      0.5559348,      -21.30626,       1.666287,       37.42573,       4.600423,      -6.219501
         6.8125,       1.748289,      -127.1277,      0.6603474,       110.7579,       1.662096,       90.75311,       6.019007,       -23.0641
          6.875,       0.977505,       169.1952,      0.2826872,      -85.42107,       1.397444,       13.55248,       4.736618,      -27.26865
         6.9375,       1.619538,      -3.233392,      0.5985841,      -110.8791,       1.866013,       66.87854,       5.459853,      -17.23526
              7,      0.0139332,      -179.6591,      0.6974314,       92.77457,      0.9708946,       87.20939,       5.337926,      -27.92422
         7.0625,       3.992236,       28.01134,       0.242008,       14.14137,       2.545362,       42.76053,       6.031106,      -20.24473
          7.125,        3.94101,      -15.43256,      0.8760737,      -53.00305,       1.201144,       62.92064,        3.97762,       -22.1012
         7.1875,       3.521604,      -14.38635,      0.8780212,       123.8555,       1.351908,       66.26284,       6.491994,      -13.75531
           7.25,       7.066795,      -15.60496,       1.255314,      -56.42518,       1.499252,        41.0586,       5.070405,      -27.62924
         7.3125,       3.322475,      -52.56126,      0.2402067,      -85.09776,       1.415096,       60.14433,        3.89914,      -25.80033
          7.375,         7.3968,      -16.45977,      0.4163396,      -166.2702,       1.415026,       69.23121,       4.697662,      -1.214923
         7.4375,       6.089808,      -52.28842,      0.6875934,      -55.12641,       1.500265,       49.02274,       6.486618,      -20.69702
            7.5,        6.07856,      -40.50676,     0.07107596,      -156.4565,       1.967936,       45.61592,        4.28757,      -13.67374
         7.5625,       7.302138,      -64.51934,      0.4784856,      -50.21424,       1.801284,       80.12639,       7.748384,      -13.99959
          7.625,       6.822521,      -44.67435,       1.276422,       178.7909,       1.453215,       39.12753,       4.736435,      -28.66745
         7.6875,       5.699194,      -79.02378,      0.9201413,       2.497513,       1.781304,       33.65941,        5.92075,      -12.37775
           7.75,       3.140476,      -29.51114,      0.5904234,       71.36269,       1.640628,       51.66529,       4.947618,      -16.33486
         7.8125,       8.131979,      -65.01775,       0.440598,       131.0233,       1.199624,       92.27087,       5.060197,       -16.7863
          7.875,       2.985212,      -64.65406,        1.07273,      -56.76576,       1.532472,        41.1436,       5.198056,      -23.77405
         7.9375,       3.515528,      -50.13706,      0.1967106,       40.04342,       1.354698,        59.1713,       4.146118,      -11.79419
              8,       3.489003,      -50.80376,        1.11361,      -113.1981,       1.370119,       36.29364,       5.585923,      -17.42788
         8.0625,       2.871928,      -45.74024,      0.9814044,       72.18132,       1.616951,        49.6088,       5.899302,      -20.46358
          8.125,       3.648158,      -22.10929,      0.5426355,      -119.2681,       1.536187,       52.42434,       4.661083,      -6.028832
         8.1875,       3.894076,      -42.93907,      0.4156851,       30.48572,       2.212794,       35.54203,       6.505814,      -28.69891
           8.25,       5.055583,      -31.13145,      0.9213349,       53.18962,       1.394257,       43.04578,       6.077094,      -8.966015
         8.3125,       5.582191,      -29.90663,       1.103693,      -83.63033,        1.75739,        54.8431,       5.412532,      -23.99918
          8.375,        7.04319,      -36.25351,      0.9660453,       58.06905,       1.978843,       54.69468,       4.901749,      -10.19063
         8.4375,       3.991114,      -42.08186,      0.7153084,      -52.71106,      0.8587329,       61.66388,       5.145909,      -17.95819
            8.5,       8.352737,      -47.30199,       1.192381,      -121.1979,       2.319756,       19.51536,       5.158717,      -7.563111
         8.5625,       5.089189,      -40.49177,      0.3474122,        9.48886,       1.340781,       79.92972,       5.775161,      -18.35153
          8.625,       4.419456,      -48.74086,       1.063247,       159.3116,        1.64347,       34.93866,       3.562328,      -8.354865
         8.6875,       7.535515,      -58.12857,       1.435303,       16.72643,       1.507931,       65.07061,        5.59274,      -7.476253
           8.75,       4.938741,      -46.74177,      0.2757386,       156.2003,       1.011928,       37.67491,       5.186077,      -9.737724
         8.8125,       5.415958,      -86.53136,       1.630172,       -42.8818,       1.979552,       68.17537,       4.651848,      -15.04742
          8.875,       5.957726,      -66.07204,       0.648729,      -151.2822,       2.612301,       43.52814,       5.576718,      -1.470912
         8.9375,       4.444707,      -58.22307,      0.6577892,      -79.77892,      0.9182557,        77.0872,       6.008423,      -9.930799
              9,       3.996834,      -88.84936,      0.4782599,      -160.2462,        2.64261,       16.70424,       5.419217,      -18.17424
         9.0625,       3.178829,      -53.31819,      0.1295585,       135.3509,       0.775439,       112.8201,       5.425225,      -17.08481
          9.125,       2.335225,      -20.81284,       1.635522,       96.28165,       1.950017,       49.90691,       5.084536,      -11.05326
         9.1875,       3.567471,      -38.32093,        1.65211,       -19.4768,       1.783424,       39.41701,       4.237127,      -5.501874
           9.25,       3.537814,      -3.184992,       1.355949,       51.75935,       1.244054,       46.36073,       6.563098,      -4.587977
         9.3125,       5.312609,      -26.67862,       2.371557,       -58.8272,       1.924104,       53.03338,        5.28262,      -8.170531
          9.375,       5.430466,      -21.24262,       1.605373,      -159.1653,       1.507928,       52.72002,       5.892574,      -6.961566
         9.4375,       6.362712,      -32.82203,      0.4503881,       97.47422,        1.65922,       27.36366,        5.29587,      -26.26422
            9.5,       7.696476,      -39.88041,      0.2350337,      -151.6414,       1.712175,       35.12026,       5.688681,      -8.166621
         9.5625,       4.618256,      -48.72604,      0.6027299,       61.16516,       1.762037,       76.64963,       5.351605,      -10.55888
          9.625,       8.469811,      -48.29106,      0.2380083,       18.21362,       1.586051,       29.90411,       5.833061,      -5.759971
         9.6875,       5.210791,      -51.99904,      0.7690624,      -56.21588,        1.33541,       60.45279,       3.622856,      -20.40491
           9.75,       5.823025,      -57.74363,      0.4040092,      -22.64787,       1.552805,       48.37174,       5.754504,      -1.122375
         9.8125,       5.869653,      -58.08885,      0.8406007,      -114.1239,       1.689644,       47.78365,       4.501807,      -10.08489
          9.875,       6.145767,      -73.54494,       0.579563,       176.7604,      0.9286066,       50.68104,       5.217832,      -11.68454
         9.9375,       5.140821,      -57.35238,       1.061462,       36.34454,       2.108515,       65.31842,       6.290097,      -6.165235
             10,       3.844442,      -64.55498,      0.4526978,       176.3012,       1.189626,       40.59726,       4.506318,      -14.40291
        10.0625,       4.538735,      -61.09673,       1.046129,       35.60438,       1.726808,        57.2464,       5.208302,      -1.691568
         10.125,       4.379206,      -32.46687,      0.7047814,      -111.4924,       1.860869,        66.8593,       6.530371,      -8.144272
        10.1875,       6.460759,      -47.83694,      0.7806582,      -39.66167,       2.043342,       26.71707,       6.458228,      -7.777699
          10.25,         6.1701,      -45.32789,      0.3982617,       99.52563,       1.315335,        80.6361,       4.339678,      -22.88397
        10.3125,       6.078281,      -47.01019,      0.4344628,      -31.44941,       2.393752,       21.43804,       6.342932,      -5.502439
         10.375,       5.886477,      -57.07986,      0.5376502,      -63.88666,      0.7565094,       92.86453,       5.034778,      -9.655537
        10.4375,       6.239782,       -49.1395,      0.4854114,       59.42859,       2.404554,       54.11922,        4.92378,      -9.570716
           10.5,       7.824292,      -52.48873,      0.5957417,      -118.8707,       1.717317,       27.72097,       6.615942,       5.540279
        10.5625,       8.800438,      -69.22666,       1.421308,      -16.47773,        1.03749,       62.55441,       5.602019,      -20.99294
         10.625,       7.885364,      -68.01221,      0.4921264,       -174.642,        2.02971,       43.03158,       5.744212,      0.9473663
        10.6875,       8.991551,      -90.70844,      0.1950743,      -95.89549,       1.254481,       30.49273,       5.164353,      -29.91255
          10.75,       6.700326,       -89.0244,      0.3938671,      -48.26383,       1.906442,       63.37667,       5.330086,       1.405908
        10.8125,       7.061571,      -92.98737,      0.5243909,        133.456,      0.9535618,       37.59431,       5.463249,      -6.469837
         10.875,       5.753806,      -83.12545,      0.9212343,      -15.46024,       1.657433,       63.61058,       4.512962,     -0.3478079
        10.9375,       3.496568,      -98.95263,      0.9241632,      -100.8115,       1.354353,          36.17,       5.273456,      -8.964821
             11,       4.804296,      -84.20599,      0.2299529,       16.39166,       1.560126,       63.22704,       4.887521,       -3.65736
        11.0625,       3.545455,      -117.0989,       0.544365,       152.6687,       1.970632,       45.40798,       5.314965,      -7.195531
         11.125,       2.380022,      -66.86439,      0.3285185,      -125.8477,      0.8556751,       61.10362,       5.593421,      -5.880554
        11.1875,       3.016045,      -112.5965,      0.7745427,       75.43858,        1.65525,       32.85205,       5.217968,      -10.86833
          11.25,      0.9942743,      -62.70152,       1.245384,       3.199789,       2.242047,       58.68578,       6.252492,      -7.768256
        11.3125,       3.909201,      -47.85592,       1.876566,      -81.16776,       1.064098,       16.45082,       4.634274,      -7.914327
         11.375,       3.524423,      -44.91274,      0.9022065,       120.7212,       2.097458,       66.82494,       5.597933,      -3.379833
        11.4375,       4.512938,      -69.21704,       1.087591,      -30.02396,       2.049273,       29.29229,       6.952071,      -12.67289
           11.5,       4.556818,      -61.27462,      0.5376478,       -168.771,       1.531328,       68.47869,       4.649886,      -8.981524
        11.5625,       5.460451,      -73.76985,      0.5941712,       27.37849,       1.865616,       11.10516,       5.986913,      -9.163715
         11.625,       4.573844,      -59.69373,      0.5071889,      -80.11539,       1.445079,       73.01726,       4.730783,      0.5423914
        11.6875,       6.289659,      -81.59971,      0.4464951,       -7.33767,       1.825987,       40.43215,       5.771253,      -6.200222
          11.75,       4.374948,      -94.54418,      0.2040183,      -90.71309,       1.810341,       52.44977,       4.981813,      0.5525196
        11.8125,       5.164326,      -81.21204,      0.4865332,      -46.53326,       1.305211,        18.8428,       6.240773,      -12.95714
         11.875,       3.148639,       -109.064,      0.1843336,       120.2633,       1.567507,       56.58429,       5.321943,      -4.177745
        11.9375,       5.979196,      -105.1994,      0.9880582,      -56.73017,       2.138867,       60.09129,       4.738879,       -12.9076
             12,       2.282149,       -135.201,       0.362734,      -178.7102,       1.672295,       30.15272,        6.09026,     -0.3509166
        12.0625,       2.080431,      -139.4703,       1.093066,      -3.434026,       1.422615,       59.90818,       5.844294,      -14.87298
         12.125,       1.802526,      -132.1926,      0.7061737,      -86.81528,       2.304872,       38.25863,       4.896155,      -1.219787
        12.1875,       1.358297,      -120.9044,      0.2733109,        70.0154,      0.6077757,       54.99099,       5.561131,       2.264167
          12.25,       1.819128,       42.69258,      0.4232271,      -25.04121,       2.342796,       43.21859,       6.177958,      -16.41922
        12.3125,       1.256899,      -47.03232,     0.06941728,       66.01859,       1.627101,         30.405,       4.555534,      -9.588429
         12.375,       2.948793,       -16.3414,      0.4760331,      -35.04544,       1.659288,       27.16891,       5.837462,      -5.237327
        12.4375,       2.332778,      -34.63294,      0.1684086,       -2.84401,       1.154935,       62.35127,       6.401521,        -14.389
           12.5,       3.582308,      -21.51517,      0.5073733,       31.53218,       2.858227,       44.26904,       4.919349,     -0.2406658
        12.5625,       3.282828,      -47.81884,       1.317587,       -66.9155,       1.198809,       61.03863,       5.542677,       -10.9548
         12.625,       4.210833,      -44.09274,      0.5485119,      -168.3022,       1.519716,       12.70218,       5.447756,      -1.001178
        12.6875,       4.469606,      -61.61465,       0.867206,       18.47285,       2.186497,       47.50874,        5.64872,      -10.69309
          12.75,       4.022889,      -41.60762,     0.08673932,        178.636,       1.149674,       48.98366,       5.078198,     0.05210789
        12.8125,       3.398189,      -74.99091,       1.074926,      -42.19443,       2.138558,       75.89755,       5.405406,       -7.34935
         12.875,       2.551489,      -59.43286,      0.7311362,       84.67619,       2.892244,       6.749898,       5.648945,      -4.308001
        12.9375,       2.424866,      -53.71031,      0.8180737,      -75.61181,       1.139407,       95.70643,       4.762136,      -7.333544
             13,       1.986716,      -67.40933,       1.405839,       12.36883,       2.069416,       29.33267,       6.285753,       4.342135
        13.0625,       1.402161,      -44.28481,      0.5075096,      -129.3094,      0.8902691,        32.1037,       5.008942,      -12.56217
         13.125,       1.262272,        13.8684,      0.5419433,      -103.4557,       2.796562,       51.22521,       6.179654,       4.394115
        13.1875,       2.699469,      -38.79154,      0.4952097,       30.46913,       1.623182,        36.3316,       5.910665,      -7.588389
          13.25,       2.645108,      -4.739845,      0.5422177,      -19.40392,       1.659022,       41.12185,       6.051595,      -15.91804
        13.3125,       3.360794,      -32.02211,      0.1821774,       131.9481,       1.835826,       37.98406,       6.149944,     -0.1699723
         13.375,       2.916773,      0.8260497,       1.597561,      -18.95193,       1.783844,       40.12006,       5.383622,      -18.30451
        13.4375,       4.753624,      -14.29763,      0.3764721,      -135.7874,       1.849037,       19.82759,       5.273448,       -8.81783
           13.5,       4.208511,      -13.80666,       1.192636,       -44.6643,       1.493561,       76.17832,       5.566531,       4.604279
        13.5625,       4.694962,      -35.44505,      0.3243694,      -117.2812,       2.109301,       20.31598,       5.027547,      -13.97651
         13.625,       4.520476,      -17.72052,      0.4567256,      -40.08652,        1.50873,       54.79921,       6.180187,       2.940949
        13.6875,       6.728611,       -35.6701,      0.3706745,       73.13769,       2.408257,       47.23521,       7.282751,       -5.08195
          13.75,       4.162114,      -28.44099,      0.4459179,      -67.53807,       1.335348,       17.69731,        4.77358,      -9.400039
        13.8125,       5.212509,      -44.35904,       1.127038,       53.04286,       2.064098,       56.87097,       5.687715,      -1.058219
         13.875,        6.39176,      -51.70287,         1.6038,       -53.6864,       1.786321,       34.81229,       6.407672,      -4.053277
        13.9375,       4.628538,      -35.69535,      0.4231353,       -27.1838,       1.914448,       32.49012,       5.345646,      -13.16689
             14,       4.553885,       -51.8671,      0.1917842,       -101.228,       1.224897,       59.38703,        4.13098,      -3.041873
        14.0625,       5.597084,      -62.85303,       0.323199,       -161.841,       1.936725,       29.03714,       6.219705,      0.5803932
         14.125,       6.368594,      -44.43037,      0.8126227,       20.11959,       1.327882,        39.9668,       5.572701,       -11.0361
        14.1875,       4.717043,      -42.03298,      0.5021271,      -26.38249,       1.614721,        38.2687,       5.010157,      -11.05877
          14.25,       4.724715,      -57.47422,      0.2859777,      -74.50302,       1.614799,       28.39429,       5.630413,      -7.712397
        14.3125,       5.780709,      -52.50704,      0.4207351,      -8.719884,       1.610438,       45.71622,       6.247276,      -2.671169
         14.375,       5.150501,      -57.03486,      0.8795488,       -32.1512,       2.283231,       54.85448,        6.28207,      -3.580369
        14.4375,       5.008317,      -65.78626,      0.2483837,       176.8784,       1.715048,       14.70647,       4.777334,      -11.87387
           14.5,       5.164631,      -59.62687,       1.015743,       3.975645,        2.06111,       49.46775,       6.097673,      -6.007881
        14.5625,        4.13776,      -78.53757,      0.6663461,      -91.91563,       1.226333,       32.06485,       5.909619,      -8.289996
         14.625,       5.229149,      -77.19169,      0.6904677,        14.0978,       1.478402,       41.14028,       5.365143,      -13.40669
        14.6875,       3.507842,       -50.5072,       1.168784,      -49.74513,       2.119207,       27.17885,        5.11662,       6.986725
          14.75,       5.012119,      -61.77716,      0.1684905,       15.98191,       1.833488,       64.43808,       6.856077,      -4.656718
        14.8125,       2.976437,      -69.02033,       0.225047,      -83.88951,       1.666845,       12.01834,       5.171662,       1.367769
         14.875,       4.768611,      -67.79906,       1.332889,      -37.82494,        2.27832,       33.85442,       5.889333,      -11.41527
        14.9375,       3.760747,      -70.80315,      0.1606034,      -103.2274,       1.364828,        51.8524,       6.087839,      -1.131579
             15,        3.83878,      -68.24672,      0.6402175,      -19.73874,       2.054705,       27.07993,       5.722633,      -6.866671
        15.0625,       4.181596,      -72.61649,      0.6319094,      -81.69587,       1.062319,       50.36869,       5.446615,      -6.940781
         15.125,       3.075665,      -73.19639,      0.1679901,      -21.45158,       1.840959,       29.12943,       5.352007,      -3.742007
        15.1875,       3.843028,      -73.65358,       0.931917,       -60.7753,       1.373945,       58.96313,       5.747331,      -17.10052
          15.25,       2.841111,      -43.22071,      0.4684628,      -46.74486,       2.340786,       36.10061,       5.697985,       3.050153
        15.3125,       4.054577,      -84.76746,      0.7350005,      -22.60761,       1.311236,        38.6708,        5.42158,      -21.26258
         15.375,       2.361106,      -66.29725,      0.4874153,      -107.2689,       1.677024,       9.476851,       5.502438,      -5.687844
        15.4375,        3.08323,      -60.57251,      0.4483304,       39.10706,       1.467313,       41.61149,       6.214456,      -5.439706
           15.5,       2.654389,      -64.21221,      0.9366708,       -79.9271,       1.831978,        41.5736,       5.850546,      -11.47923
        15.5625,        1.85246,      -53.44007,      0.6435149,       37.18376,       2.044459,       26.74279,       5.724097,      -9.400391
         15.625,       3.890635,      -50.70607,       1.100585,      -32.15206,       1.201185,       49.36298,       5.635867,      -1.946474
        15.6875,       2.449301,      -32.84727,      0.5812852,      -142.2356,       1.646251,       36.85022,       5.060676,      -5.844652
          15.75,       3.041533,      -34.03067,       1.030874,    -0.06790665,       2.112833,       36.24079,       7.214411,      0.7586002
        15.8125,       2.675888,      -54.72174,      0.3219391,      -111.8752,       1.517402,       40.76716,       4.551242,      -21.41681
         15.875,       4.099984,      -37.13178,      0.4953475,      -60.81818,       1.549735,       19.27082,       5.930323,      -3.450742
        15.9375,        4.95755,      -38.31791,      0.3301008,       8.274258,       1.969218,       58.35421,       4.718202,     -0.2259799
             16,       4.908318,      -44.29104,      0.7684649,      -26.17059,       1.974556,      -4.515488,       6.551437,      0.4005573
        16.0625,       4.873932,      -54.70987,      0.6674574,       1.741555,       1.505459,       57.60257,       5.903579,      -12.97475
         16.125,       6.166623,      -50.19733,      0.9474757,      -118.8712,        1.93319,       35.03248,       5.524028,    -0.06679942
        16.1875,       3.923671,      -62.27318,       1.226755,      -10.01798,       1.463733,       22.98339,       5.733422,      -12.65465
          16.25,       5.726078,       -64.0691,      0.5288797,      -141.5751,       1.621774,       44.47921,       5.453954,      -10.51467
        16.3125,       4.250647,      -70.13301,      0.5175934,      -72.02821,       1.329126,       19.31759,        5.89485,      -6.947089
         16.375,       4.486742,      -74.75591,      0.4417199,       -66.1639,       1.588548,       40.93908,         4.8629,      -15.84128
        16.4375,       4.463995,      -58.23216,      0.3719615,       102.7029,       1.757018,         40.819,       6.482171,      0.1680583
           16.5,       4.414134,      -86.82253,       1.356115,      -27.31003,        1.72217,       56.46888,       4.490911,     -0.2265926
        16.5625,        3.99066,      -79.51543,      0.4777381,      -111.9421,        1.61809,       22.21496,       6.315502,      -18.61765
         16.625,       3.952584,      -67.57834,       0.344698,      -92.25165,       1.355437,       31.11999,       5.142219,      -6.264307
        16.6875,       3.458333,      -90.26144,      0.3494047,      -23.23558,       1.934579,       34.56565,       4.906407,      -7.918576
          16.75,       2.792537,      -67.42273,      0.4452752,      -65.31661,       1.430684,       43.35863,       5.672941,     -0.4919893
        16.8125,       4.547739,      -83.71207,      0.5953589,      -8.416529,       1.333825,       50.58764,       6.054175,      -4.224391
         16.875,       2.261414,      -88.11217,       0.602326,      -117.2888,       1.555803,        54.8324,       4.605507,       1.826879
        16.9375,       3.358505,       -57.4661,      0.4458348,       23.39327,       1.397618,       35.79944,        5.60502,      -14.77017
             17,       2.579391,      -93.01945,       0.416407,       -53.2141,       1.390728,       59.44645,       5.743979,       7.287713
        17.0625,       3.280173,      -69.53304,      0.1794283,       84.44597,       2.434644,       44.82266,       5.047617,      -5.723131
         17.125,       1.830175,      -79.91956,      0.3530726,      -90.19288,      0.8865199,       8.702165,       5.560082,       -6.40346
        17.1875,       2.529251,      -58.59098,      0.5584257,       11.97127,       2.211172,       66.40829,       4.990411,      -6.124045
          17.25,       2.477925,       -87.7887,       1.174665,       17.64542,       2.068552,       12.00032,       5.711669,       3.276737
        17.3125,       1.317344,      -43.78996,       1.287463,      -103.8432,       1.593645,       65.11105,       5.724906,      -7.133646
         17.375,       1.959793,      -66.60072,      0.6245481,       39.66512,        1.96852,       27.43956,        6.01386,       -7.38087
        17.4375,       1.344693,        -12.783,      0.1949054,      -64.01407,        1.90323,       43.14931,       5.988427,      -8.621096
           17.5,       2.258435,      -55.11061,      0.3743907,       68.85818,       2.203465,       41.35464,       5.710205,        4.73813
        17.5625,       2.908783,      -8.582981,       1.260094,       18.44376,       1.661911,        43.5126,       5.444448,      -7.380996
         17.625,       2.432328,      -30.84867,      0.9484133,      -50.36063,       2.014561,        30.2725,       6.027399,      -1.402724
        17.6875,       2.586695,      -19.23858,     0.04049918,      -161.9933,       1.940774,        48.3105,       5.758212,      -13.85511
          17.75,       4.183713,      -25.46745,       0.533053,      -21.17208,       1.605011,        17.0792,        5.01774,        3.42133
        17.8125,       3.530434,       -27.0229,       1.229881,        10.6335,       2.078192,       55.51402,       6.936134,      -8.773999
         17.875,        4.24504,      -19.83524,       1.129113,      -141.7083,       2.231776,       27.18612,       4.956487,      -3.776621
        17.9375,       5.166455,      -29.46508,       0.771264,       27.08951,        1.60126,        22.4581,       5.294471,      -5.142876
             18,       5.938055,      -42.53381,       1.433492,      -1.709249,        2.11713,        61.0709,       5.889765,      0.3605942
        18.0625,       5.665233,      -34.86127,      0.1370353,      -161.2387,       2.725737,       31.91821,       6.390954,       1.922492
         18.125,       5.307333,      -52.04381,      0.9028398,      -29.58035,       1.479248,       22.08537,       5.772516,      -5.279056
        18.1875,       6.306889,      -55.57945,       1.164822,      -20.75797,       1.322934,       38.39297,       5.540127,      -11.54078
          18.25,       3.745542,      -67.92726,      0.6561167,      -113.8674,       2.345498,       31.66302,        5.02459,      -4.479723
        18.3125,       5.941296,      -43.31816,      0.6000158,      -31.05623,       1.692345,       34.25224,       6.040565,      -5.453657
         18.375,       4.388211,       -76.3953,      0.6405827,       26.74425,       1.863679,        18.0643,       5.146618,      -6.429961
        18.4375,       5.193816,      -60.60489,      0.9012694,      -65.10519,       1.071111,       39.93705,       5.952896,      -4.968204
           18.5,        4.49685,      -62.97387,      0.6784426,       63.43639,       2.259502,       54.46383,       5.790797,       1.117872
        18.5625,       5.691067,      -71.49784,      0.9081727,      -33.07899,       1.606616,       18.54942,       5.328732,      -11.94936
         18.625,       3.465967,      -74.26709,      0.3336791,      -172.7305,       1.987564,       47.12215,       6.219389,      -4.471463
        18.6875,       5.399118,      -70.34953,       1.742948,       4.359057,       2.406763,        46.4486,        6.05625,       4.287485
          18.75,       4.848993,      -73.56979,      0.9574759,      -88.44566,       1.878773,       16.92933,       5.999943,      -8.607965
        18.8125,       4.429938,      -96.49667,      0.5049312,       112.7066,       1.945821,       40.16446,       5.579731,      -3.939583
         18.875,        3.91617,      -77.46546,      0.7560907,       -3.95458,       1.646696,       35.11143,       5.457226,       5.027825
        18.9375,       4.826036,       -90.4293,      0.5223705,      -7.807017,       2.210641,       34.06581,       6.780548,      -5.050512
             19,       3.316229,        -98.539,       1.520576,      -7.547669,       2.008979,       41.12807,       5.528211,      -6.217079
        19.0625,       2.311366,      -88.57822,      0.7006947,      -66.55567,       1.500765,       27.44726,       6.021746,      -3.203428
         19.125,       2.885168,       -80.3769,      0.4483246,       -50.3058,       2.110197,       34.55909,       5.436722,      0.4134233
        19.1875,       1.128872,      -101.6163,      0.7647958,       4.721246,       2.058286,       37.32238,       5.711135,      -8.010574
          19.25,       2.814674,      -53.51192,      0.7566113,      -60.07752,       1.599731,        33.3432,       6.109714,       -5.22424
        19.3125,       1.947942,      -11.77694,      0.3189398,      -63.21217,       2.374413,       37.43633,       4.805309,      -1.359585
         19.375,       3.679617,      -55.15579,      0.5146652,       25.27575,       1.217203,       22.01929,       6.749248,      -13.21052
        19.4375,       4.017868,      -39.61224,       1.484166,       -7.19703,       2.309978,       34.46822,       5.320848,      -3.355661
           19.5,        3.90695,      -49.51271,      0.5536481,      -85.51856,       1.522901,       32.47068,       5.197696,      -12.80498
        19.5625,       4.577434,      -54.99251,      0.1447255,      -150.0095,        2.55113,       39.67483,       6.710769,       3.866771
         19.625,       5.264814,      -65.89738,       1.019858,         1.6161,       1.567566,       8.219575,       5.300633,      -14.44861
        19.6875,       4.795087,      -63.95008,      0.9771096,      -26.30314,       1.784458,       55.00694,       5.428755,       3.037617
          19.75,        5.92701,      -85.79302,      0.2458923,       142.0123,       2.452196,       25.93578,       6.153071,      -2.909282
        19.8125,       4.484404,       -91.0603,      0.9629173,      -6.285258,        1.65553,       30.55471,       5.878199,      -2.775553
         19.875,       3.900871,      -98.08334,      0.6440303,      -22.17821,       2.506017,       35.95951,       5.758789,      -3.163831
        19.9375,       4.646994,      -102.3637,      0.6230446,        19.3043,       1.500441,       40.52521,       6.148097,       1.036411
             20,       2.404804,      -104.4216,      0.9276549,      -32.82792,        2.26759,       29.46416,       5.448658,      -14.21831
        20.0625,       1.956799,      -132.8114,      0.2847014,       -22.0549,         2.1081,       34.86924,       6.387541,       2.945534
         20.125,       1.374063,      -90.39017,      0.9608736,      -33.53887,       1.807671,       36.84482,       5.344452,      -3.923085
        20.1875,      0.9083385,      -30.81526,      0.3706398,       68.25076,       1.964208,       28.86504,       5.519817,      0.6441228
          20.25,       2.147267,       -62.4899,      0.9042742,      -21.98593,       1.783442,        40.1216,       6.695128,      -7.135326
        20.3125,       2.275688,      -35.98319,       0.580941,       8.707955,        1.96777,       42.04038,       5.076881,       -6.75549
         20.375,       2.854628,      -49.19445,      0.5121481,      -12.06984,       1.970446,       29.01764,       6.095913,      -3.823235
        20.4375,       3.593831,      -52.72892,       1.236458,      -48.06554,        2.47258,       42.10527,       4.999139,      -8.688241
           20.5,       3.343789,      -63.31643,      0.5310322,      -1.876797,       1.974184,       4.268064,       5.709277,      -3.730994
        20.5625,       4.351345,      -59.98798,      0.1982599,      -170.9163,       2.322808,       42.95943,       6.479031,      -1.148629
         20.625,       3.888209,      -72.05435,       1.352831,      -12.95234,       2.182026,       20.87004,       6.566181,      -11.49375
        20.6875,       3.502833,      -79.56749,      0.6145578,       42.78859,       1.356088,       19.32718,       4.984493,      -10.97887
          20.75,       4.183905,       -83.8839,       1.101561,        -10.397,       2.374855,       40.14091,       5.285206,      -8.347514
        20.8125,       3.792161,      -97.63873,      0.9170617,      -63.97403,       1.774812,       18.36202,       6.359479,       6.205312
         20.875,       3.078983,      -98.81174,      0.7182839,      -6.323637,       1.742167,       35.03638,       5.564993,      -5.390173
        20.9375,       3.125648,      -98.24364,      0.4491174,      -24.93432,       2.249264,       28.33326,       6.805943,      -1.851369
             21,       2.088378,      -113.4407,      0.7944138,       4.131286,       2.298965,       36.82217,       5.770298,      -19.19934
        21.0625,       2.618843,      -111.8163,       1.043275,      -73.49475,       1.775591,        32.0405,       4.936135,       5.436706
         21.125,      0.6871652,      -116.8903,      0.9435867,       46.99387,       2.020969,       32.83438,       6.376317,       20.41402
        21.1875,       1.926543,        -93.729,       1.077684,      -38.07828,       2.029782,       29.86844,       6.810786,      -19.85215
          21.25,       1.856455,      -102.6571,       1.050495,       19.23961,       1.495034,       37.84468,        5.76285,      0.3019574
        21.3125,       1.288619,       -129.156,       1.025127,      -36.69565,       3.254314,        30.7607,       6.052877,       -15.9184
         21.375,       1.194537,      -118.9975,      0.6697404,      -60.18462,      0.7117719,       -22.0897,       5.083963,      -2.755486
        21.4375,       0.290497,      -124.5725,      0.8681679,      -13.71867,       2.955534,       29.35131,       5.552218,      -4.434171
           21.5,      0.3814946,        -18.047,      0.4470873,      -65.80272,       1.324525,       37.82967,       5.764537,     -0.6523081
        21.5625,      0.9450074,      -37.34098,      0.7320823,        -15.585,       2.077989,       39.74627,       6.376941,       -7.48104
         21.625,      0.9371585,       -45.5102,       1.662058,       14.62606,       2.399226,       25.34387,        5.57515,      -14.41079
        21.6875,      0.6287374,      -23.38073,      0.6145764,      -75.64077,       1.857963,        19.3783,       6.028596,       -5.93059
          21.75,       1.343899,        13.9802,       1.743801,      -15.02427,       2.649816,       30.48638,       5.261791,       3.551828
        21.8125,       2.533787,      -4.541622,       0.586071,      -117.2355,      0.6343068,       37.71177,       6.375724,      -5.198973
         21.875,       2.491885,        -54.602,      0.5822044,       19.57529,       3.067681,       32.28636,       6.650028,      -11.50001
        21.9375,       2.551407,      -3.094736,      0.8785052,       4.727211,       1.906295,       40.02151,       5.045132,      -2.845104
             22,       1.573238,      -34.62713,       1.030547,      -33.13265,       2.246114,       7.988256,       5.143531,       2.730983
        22.0625,       3.294908,       0.621624,      0.2534309,      -27.20379,       1.162164,       40.08826,       6.635432,        13.9002
         22.125,       3.861484,      -41.65462,      0.6343693,      -44.93644,       1.903509,        39.5948,       6.752051,      -5.295114
        22.1875,       3.347658,      -54.48256,       1.227994,        42.6449,       1.971286,       42.74137,       6.890466,      -22.06941
          22.25,       2.151995,      -69.57475,       1.960582,      -16.48865,       3.009389,       39.08723,       3.948421,      -7.391493
        22.3125,       2.016351,       -56.9351,        0.14067,      -78.35912,       2.787495,       13.27717,       5.044345,       2.022939
         22.375,       1.942303,       -46.3494,       1.891095,      -6.508194,       1.662934,        28.6688,       5.894261,       1.272953
        22.4375,       1.678815,      -76.38345,      0.6037228,      -59.82862,       1.773372,       30.96833,       5.202693,      -3.622964
           22.5,       2.840903,      -31.55482,      0.9012306,      -12.82839,       2.452621,       12.28552,       5.340765,      -7.415792
        22.5625,       1.891837,      -50.78982,      0.7858431,      -21.05524,       1.659925,        26.5635,       6.330139,       7.350968
         22.625,       1.836629,      -40.83589,      0.3311767,      -40.30524,       1.505528,       38.51276,       7.151309,      -11.77603
        22.6875,         2.9214,      -58.39662,      0.8494918,       7.673779,       1.283406,       30.17426,       6.578743,      -2.989407
          22.75,       1.271084,      -39.66958,       1.229204,      -33.93184,       2.471499,       43.59378,       5.096818,      -12.72543
        22.8125,       1.102701,      -45.63556,      0.9181433,      -25.97669,       2.267464,       35.11586,       6.451232,      -4.300955
         22.875,       2.149076,      -49.58343,      0.8374367,       35.27274,       2.817451,       38.05352,        5.45338,      -14.62714
        22.9375,       1.170223,      -47.37429,       0.778028,       1.198999,       2.649092,       12.71159,       5.556599,     -0.7615176
             23,       1.303197,      -22.48808,       1.599056,      -12.31342,       2.105465,       19.34838,       5.195906,       1.280591
        23.0625,       1.254075,       17.85212,      0.8590431,      -47.89207,       1.714113,       14.88338,       5.814445,       12.15302
         23.125,       2.960641,      -9.807588,       1.162937,      -52.71542,       1.304791,       42.63773,       7.515431,       3.170599
        23.1875,       2.146485,       10.95839,      0.6864249,       84.06996,       1.740407,       29.29954,       6.337897,      -10.10359
          23.25,       2.276632,      -37.53756,       1.580714,         5.0359,       1.925734,        56.2535,       6.630161,      -6.913651
        23.3125,       1.236181,       0.578568,      0.7941474,      -30.58708,       2.624454,       30.66319,       5.095638,       -12.3033
         23.375,       1.515419,      -18.11079,       1.123246,      -19.01046,       2.341734,       12.43377,       4.944989,      -5.774344
        23.4375,       1.648538,       14.35792,      0.2846286,      -63.51211,       1.940218,       26.14148,       6.047719,       2.336719
           23.5,       3.039923,      -1.048042,       1.502023,      -15.98003,       1.731436,       24.10732,       6.384701,       1.675281
        23.5625,        1.70411,       -21.7582,      0.4936997,        115.064,       1.975816,       42.73586,       6.650578,      -8.808609
         23.625,        1.88761,        3.65672,       1.439108,      -20.79825,       2.182473,       19.26585,       5.616501,      -12.41052
        23.6875,        2.31014,       7.157954,      0.9040862,       5.376898,       2.330313,       35.07767,       5.277506,      -9.858409
          23.75,       2.645403,       33.50482,       1.000583,       -38.5408,        2.23184,       17.45472,        5.84447,     -0.5489735
        23.8125,       3.797564,       4.319511,      0.9604351,      -16.05603,       1.759804,       26.16765,       5.676237,     -0.7894589
         23.875,       3.932605,       9.041696,      0.6426787,       46.44933,       2.148519,       22.94838,       6.462135,       -2.84877
        23.9375,       3.797528,       6.458187,       1.505829,      -7.761425,       2.275564,       47.14233,       5.733955,      -2.647592
             24,       5.117275,       2.182725,       1.196042,       -58.4082,       2.333645,       14.01762,       6.325463,      -4.012921
        24.0625,       6.113244,       3.921785,      0.9130625,       59.60759,       1.749673,       25.88634,       5.468047,      -2.216648
         24.125,       5.250154,      -10.62252,       2.127436,      -34.52179,       2.191421,       47.01386,       5.999645,       5.877445
        24.1875,       7.194695,      -12.65674,      0.2249311,       88.43779,       2.665659,       21.85857,       6.522416,      -6.338167
          24.25,       6.504847,      -33.85267,       1.116931,       16.61143,       1.711849,       31.40407,       6.553462,      -5.818787
        24.3125,       6.310397,      -26.76663,       1.589702,      -19.29536,       2.725599,       29.31215,       5.313814,      -7.934023
         24.375,       6.836959,      -39.44048,      0.5460864,      -30.95275,       2.075435,       8.921739,       5.676876,      -2.786945
        24.4375,       6.656335,      -48.22457,       1.193057,      -20.88004,       1.664402,       24.26607,       6.327595,      -4.136055
           24.5,       5.014767,      -51.60774,      0.8246303,      -4.894263,       2.049423,       30.44882,       5.665507,     -0.4728889
        24.5625,       7.629162,      -60.10964,       1.476607,      -32.78132,       2.506999,       35.55912,       6.653545,      -8.800853
         24.625,       5.098403,      -72.27557,      0.2519693,       123.6678,        1.79324,       12.51566,       5.660439,      -11.92601
        24.6875,       4.866856,      -75.61832,       1.282405,      0.1108326,        2.92124,       35.51342,       5.290876,       -1.45351
          24.75,       4.418218,      -78.68147,       1.581658,       15.68272,         1.6126,       9.128329,       6.744102,       2.444797
        24.8125,       4.003181,      -87.76192,       1.638448,      -60.48123,       2.277472,        38.7606,       6.196781,       -10.3502
         24.875,       2.949551,      -91.40266,        1.11504,       27.27762,       2.008598,       24.83585,       6.084356,      -6.818509
        24.9375,       2.132097,      -91.85658,       1.067144,      -7.956771,       2.502046,       26.98735,       5.440881,       5.001824
             25,       1.332648,      -66.81786,       1.173309,      -45.59246,       1.920229,       28.87781,       5.880655,      -7.181619
        25.0625,       1.731687,       -77.5928,       1.150636,       37.13384,       2.494456,       33.11683,       5.889873,       1.258018
         25.125,       2.109006,      -18.59596,       1.353072,      -27.93071,       1.847652,       28.90187,       6.122889,      -2.534705
        25.1875,       1.398002,      -36.69582,      0.5463187,      -49.98909,       2.373098,        16.4401,       5.650757,      -3.883155
          25.25,       2.291456,      -26.03133,       1.548803,       40.12919,       2.403335,       44.66307,       6.193974,      0.9480458
        25.3125,       3.164766,      -32.94056,       1.655253,      -28.72677,       1.895043,       26.72637,       7.004646,      -3.309805
         25.375,       2.105387,      -10.76389,       1.101478,      -4.317671,       2.812767,       27.29062,       5.230734,      -8.486268
        25.4375,       2.907098,      -32.05598,      0.7786103,      -16.45378,       1.819337,       14.39504,       5.747654,      -1.034695
           25.5,       3.131442,      -54.25964,       1.358708,      -25.64143,       2.409491,       36.67635,       7.091335,      -2.086693
        25.5625,       2.553426,      -37.72497,      0.6651527,       15.63258,       2.264469,       18.36897,       4.874924,      -12.16434
         25.625,       1.609036,      -78.33352,       1.633464,      -10.85541,       2.456023,       23.22744,       7.124074,      -5.163537
        25.6875,         1.8954,      -17.89876,      0.7808146,      -25.36188,          1.551,       21.95422,       5.101497,      -2.331201
          25.75,       2.443478,      -46.52165,       1.273952,      -12.68927,       2.454571,       25.66364,       6.553848,      -10.90682
        25.8125,       1.405237,      -16.31508,      0.4079503,      -47.79816,       2.312034,       22.04876,       5.064286,       2.169018
         25.875,        2.50361,      -17.63711,       1.781591,      -6.553418,       2.048616,       28.42019,        6.30738,      -1.584445
        25.9375,       2.504175,       10.21489,      0.8828222,       7.699276,        2.18795,       36.27621,       6.900444,      -4.702868
             26,       2.347858,      -12.35831,      0.8143838,      -15.84939,       2.829081,        17.0737,       5.478876,      -2.390475
        26.0625,       3.472703,      -3.096467,       1.664273,       3.626086,       1.413117,        23.8641,        5.66215,      -1.545117
         26.125,       3.714412,     -0.4545998,       1.213223,      -32.32253,       2.194659,       41.76135,       6.276502,      0.9279008
        26.1875,       4.602002,       -3.94567,      0.8282509,      -6.167088,       2.551448,       23.81398,       6.011366,      -7.091942
          26.25,       4.037101,      -23.12227,       1.107271,       3.523175,       1.979637,       29.99781,       5.972215,      -2.805287
        26.3125,       5.773901,      -16.53996,       1.108599,      -23.53932,       2.303005,       20.36531,       5.682139,      0.2512396
         26.375,       4.586449,      -30.38693,       0.810167,       12.63329,       2.591933,       29.32828,       6.684646,      -1.722874
        26.4375,       4.997936,      -32.56289,       1.284425,      -3.013074,       2.038342,       17.03015,       5.612624,      -5.735897
           26.5,       5.702065,      -39.83395,       1.422564,      -13.30263,       2.494496,       30.15081,       6.685045,      -5.489602
        26.5625,        4.49321,      -49.17593,       1.341196,      -9.563393,       2.340239,       18.95778,       5.728725,      -4.260568
         26.625,       4.896307,      -46.62046,       1.389429,      -34.58826,       2.245126,       22.26042,       6.680521,       -6.85389
        26.6875,       4.443188,      -57.57536,      0.9269468,        20.8812,       2.316242,       35.34836,       6.012177,      -3.653897
          26.75,       4.387255,      -71.01851,       2.017221,      -11.01921,        2.10053,       17.67538,       6.500556,      -10.66857
        26.8125,       3.562854,      -50.58425,      0.5763085,      -70.40574,       2.054536,       19.82344,       4.851392,        1.83887
         26.875,       3.885588,      -69.82561,       1.897933,      -3.093657,        2.97856,       34.94611,       7.563293,      -3.084319
        26.9375,       3.293052,      -80.98241,       1.116919,        -10.737,       1.749116,       19.16527,       5.550288,      -4.142579
             27,       2.749046,      -70.54575,      0.4558179,       -5.97191,       2.465778,       27.23633,       6.167693,      -0.377554
        27.0625,       1.757851,      -80.26053,       2.090913,       1.880608,       2.332906,       25.70314,       5.736124,      -1.883083
         27.125,        1.87805,      -56.68454,      0.8849328,      -31.73538,       2.537443,       29.40602,       7.182444,     -0.2791171
        27.1875,       1.327309,      -50.15421,       1.346045,      -26.30573,       2.331951,       28.39408,        5.71269,      -2.946146
          27.25,       1.878971,       -46.5336,      0.9454831,       40.20618,       2.016859,         23.842,       6.139997,      -5.800961
        27.3125,       1.595086,      -7.602221,       1.699686,      -23.67589,       2.330848,       33.75725,       6.190865,       3.640393
         27.375,       1.943918,      -30.27696,        1.13877,       18.89252,       2.720809,       19.83636,       6.158543,      -9.523451
        27.4375,        2.15706,        -21.684,       1.709679,      -7.010545,       2.150566,       27.16641,       6.131877,        2.18271
           27.5,        1.88556,      -15.16599,       1.294882,      -37.99779,       2.523182,       25.04386,       5.731473,      -6.829286
        27.5625,       2.484889,       -23.9445,       1.110169,       -9.75781,       2.099122,       17.34134,       6.099969,       -7.59739
         27.625,       2.533514,       -13.1933,       1.709528,      -2.700559,        2.50111,       24.41706,       6.241209,      -2.578847
        27.6875,       2.226093,       -43.9441,      0.8583676,      -48.47594,        2.63967,       32.36669,       6.567509,      -6.377398
          27.75,       2.547351,      -16.86829,        1.64493,       14.03002,       2.420376,       16.67591,       6.418034,      -5.638588
        27.8125,       1.717643,      -2.543008,        1.44611,       2.433271,       2.391928,       12.76803,       5.455125,      -5.896808
         27.875,       2.661268,      -23.43346,       1.520438,      -23.95457,       1.834311,        31.1089,       6.509042,      -3.191692
        27.9375,       2.051238,     0.09119753,       1.160356,      -13.39307,       2.469254,        19.4797,       5.882661,      -4.818025
             28,       1.944493,       14.67269,        1.38121,      -15.33365,       2.578089,       38.73923,       6.076983,       1.681343
        28.0625,       3.785511,       9.858012,       0.444417,      -19.06048,       2.392651,        12.6431,       6.976444,      -7.942249
         28.125,       3.369098,      0.1152149,       2.025314,       5.744171,       2.528773,       25.65868,       5.597933,      0.6804361
        28.1875,        4.03869,       7.648484,       1.204177,      -1.057139,       2.162598,       20.36201,       5.560029,      -5.294852
          28.25,       4.700216,       2.373178,       1.618134,      -37.03452,       2.728071,       35.69226,       6.498034,       4.591379
        28.3125,       5.238018,      -17.54608,       1.455888,       27.06563,       1.816119,       7.610938,        6.89405,      -2.432999
         28.375,       4.596234,      -12.39093,       1.201253,       1.481267,       2.810898,       32.29535,       4.970963,      0.7841702
        28.4375,       6.015116,      -16.76442,        1.94693,      -23.20993,       2.497631,       24.28548,       7.582141,      -4.871622
           28.5,       4.758923,      -32.84677,      0.9783078,      -2.746438,       2.461732,       15.02725,       5.729652,      -5.510715
        28.5625,       5.402673,      -33.56973,       2.115395,      -4.941846,       3.002642,       30.64431,       7.349094,      -2.156319
         28.625,       4.931659,      -40.25147,        1.21524,      -16.95852,       2.828468,       4.443633,       5.772827,      -10.67984
        28.6875,       4.334726,      -42.45369,       1.556223,      -21.03502,       1.537498,       27.65436,       6.343426,      -7.970423
          28.75,       4.079632,      -49.63664,       1.417163,       15.75745,       2.610287,       15.50197,       6.521644,      -1.144999
        28.8125,       3.425361,      -49.25351,       1.613134,      -17.88955,       2.202119,       23.55045,       5.146073,      -2.167332
         28.875,       2.488352,      -22.82529,        1.41037,      -16.97853,       2.697921,       31.06489,       7.652706,      -4.043871
        28.9375,        4.34183,      -38.48819,       1.107472,       6.875307,       2.882065,         12.171,       5.726339,      -2.707213
             29,       3.169531,      -29.23071,       1.947166,      -8.713207,       2.310606,       17.91434,       6.826244,      -4.088301
        29.0625,       2.927379,      -21.19641,       1.084414,       1.652454,       1.650554,       29.68843,       5.672008,      -8.604502
         29.125,       3.966237,      -21.06579,       1.539169,       2.797536,       3.247496,       28.71568,       7.004995,       5.485472
        29.1875,       4.077495,      -20.35474,       1.847521,      -6.241847,       1.955455,       25.04952,       6.047651,      -7.878979
          29.25,       4.472784,      -24.20832,       1.221267,       2.575526,       2.728031,       31.99179,       6.252062,       1.894188
        29.3125,       5.047248,      -32.68267,       2.168003,       -4.70266,       2.725032,       14.19727,       6.280987,      -4.188964
         29.375,       4.863289,      -38.22893,       1.276889,      -30.42474,       2.537731,       26.79153,       6.542878,      -2.052484
        29.4375,       4.796081,      -49.49954,       1.413694,       1.094488,       2.320655,       19.25363,       6.203191,       -1.78532
           29.5,        4.33468,      -41.11929,       1.703617,      -9.707929,       2.617747,       16.78249,        6.58549,      -9.712477
        29.5625,       4.573616,      -63.13578,       2.222101,      -2.319358,       2.611756,       23.76841,       7.025304,       2.690644
         29.625,       3.569754,      -50.81037,       1.186403,      -30.29272,       2.539779,       6.391751,       6.124685,      -17.64816
        29.6875,       2.614025,      -72.20053,       1.635896,      -16.36498,       2.144783,       29.50928,       6.200758,     -0.3619215
          29.75,       3.274538,      -45.55306,       1.511599,         -10.89,       2.730117,       25.94388,       6.495349,      -1.659971
        29.8125,        2.45515,      -46.81021,       1.652352,      -3.105263,       2.213051,       14.61082,       6.495455,      -5.209513
         29.875,       2.986222,      -54.50659,      0.8229073,      -47.49741,       2.981574,       28.30739,       6.778488,      -10.51201
        29.9375,       2.357265,      -46.29656,       2.461159,       15.53711,       2.260605,       12.14444,       5.654853,      -1.633514
             30,       1.975764,       -29.6173,       1.509573,      -27.91546,       2.831283,       31.11613,       6.580856,      -1.080725
        30.0625,        2.67756,      -47.77855,       1.567587,      -6.879835,       2.711519,       10.89772,       6.319486,      -7.066741
         30.125,       1.788652,      -22.10734,       1.514283,      -14.88111,       1.861195,       26.41549,       6.156285,     -0.2784714
        30.1875,        3.17332,      -29.58899,       2.030714,    -0.01077392,       2.600252,       32.28622,        6.24289,       1.917577
          30.25,       1.657334,      -9.082236,       1.357767,         16.109,       2.722149,       17.17529,       6.630357,      -3.222112
        30.3125,       3.437277,      -26.75352,       2.862024,      -17.70356,       3.028599,       39.80783,       6.737774,       1.658223
         30.375,       2.350948,       -7.81534,       1.059127,       6.530577,       2.449414,       2.503448,        6.21181,      -4.128338
        30.4375,       2.758199,       -40.7269,       2.205842,      -23.90282,       2.808573,       25.32722,        6.59482,      -7.166881
           30.5,       2.210447,       12.14968,       1.258818,       20.57235,       2.526378,       13.71779,       6.392389,      -5.395294
        30.5625,       2.882285,      -12.09846,       2.280677,       -14.2537,        2.49895,       21.47047,       6.450562,      -5.298466
         30.625,         2.8675,       3.578598,       1.610132,       2.823552,       2.738771,       23.66553,       6.393976,        0.29473
        30.6875,       3.805537,      -6.507135,       2.234122,      -11.22093,       3.184767,        22.0279,       6.761935,      -7.812449
          30.75,       3.881579,      -10.20282,       2.282096,      -8.870886,        2.57794,      -5.812911,       6.827078,      -5.840091
        30.8125,       2.474073,       -19.6022,       1.684283,      -42.16368,       2.372274,       14.43838,       6.995574,       -17.7859
         30.875,       4.228733,      -15.62858,       1.299789,       -17.0146,       2.232337,       27.17858,       5.545284,      0.2282853
        30.9375,       3.417547,       10.39843,       2.051083,      -4.732577,         2.3582,       23.43436,       6.241876,       1.059303
             31,       3.910515,      -6.767678,       1.335727,       6.499475,       2.647748,       22.53362,       6.541898,      -6.603809
        31.0625,        4.39958,      -3.722117,       2.206735,      -3.935541,       3.113555,       23.28695,       6.594902,       1.554878
         31.125,       4.709901,      -9.297808,       2.069302,      -17.52353,       2.399338,       8.758404,       7.573699,      -6.383807
        31.1875,       4.464588,      -10.32549,        1.45696,      0.9873602,       2.720539,        18.5505,       5.914182,       -6.85748
          31.25,       4.789721,      -12.88215,       2.051956,      -34.33788,        1.69301,       8.952886,       6.680512,      -9.409488
        31.3125,       4.933498,       2.011229,        1.44779,        22.3681,       2.797798,       37.85994,       5.172992,       5.371082
         31.375,       5.904059,      -10.75048,        1.49728,        7.15554,       3.028322,       21.79565,        7.58718,       5.392524
        31.4375,       6.053524,      -10.07724,       2.695739,       4.199985,       3.016725,       28.04809,       6.425383,      -3.028956
           31.5,         6.5943,      -26.39348,       2.267521,      -23.47737,       3.193626,       7.855419,       7.906559,      -6.543828
        31.5625,       7.262588,      -25.05452,       2.032883,      -3.451906,       2.980957,       13.98451,       7.255595,      -8.141801
         31.625,       5.669459,      -43.47684,       2.401474,      -31.15527,       2.225578,       3.727953,       6.245305,      -11.77566
        31.6875,       5.817318,      -33.86337,       1.261538,       11.71748,       2.529452,       26.87151,       6.097587,      -9.497265
          31.75,       5.135098,      -37.11599,       2.740764,      -3.646055,       3.287916,       27.69884,       6.964055,       4.907987
        31.8125,       6.105712,      -34.91574,       2.180678,      -15.62125,       3.305719,       4.317244,       7.649046,      -7.992217
         31.875,       6.024852,      -55.74393,       3.048532,      -27.04081,       2.927124,        2.10827,       6.541698,      -8.837173
        31.9375,       4.698531,      -56.10178,       1.128989,      -39.59088,       1.946638,       5.484735,       7.327293,      -17.00312
             32,       3.826777,      -48.62017,       1.555032,      -20.58268,       1.829792,       21.55359,       5.271864,      -6.376982
        32.0625,       4.123148,      -48.78817,       2.024803,       2.629274,       2.812498,       29.27946,       6.910642,       1.804217
         32.125,       4.041147,      -31.83163,       1.549097,       -10.0759,       3.443497,       25.93347,       6.401592,      -3.593636
        32.1875,       4.273414,      -34.71332,       2.535219,      -7.433019,       2.874242,       -2.20929,       7.194668,      -4.376109
          32.25,        5.31068,      -51.79823,       2.206238,      -13.61702,       2.311465,       11.71105,       6.396774,      -6.745973
        32.3125,       3.822531,      -36.42989,       1.721572,      -28.90768,       2.155628,       24.19304,       5.927394,      -4.498033
         32.375,       4.540886,      -45.77924,       1.924805,       9.501565,       2.986392,       24.85973,       6.721657,      0.9673521
        32.4375,        5.42267,      -44.55077,       2.924459,      -22.72177,       3.127756,       13.55268,       7.097624,      -4.710403
           32.5,       3.918081,      -58.98457,       1.225164,     -0.5823308,       2.087406,       7.482687,       6.471021,      -9.930645
        32.5625,       4.511174,      -55.66961,        2.75093,       -12.7014,       2.873027,       6.207196,        6.77833,      -9.898355
         32.625,        3.92303,       -71.7543,        1.81731,      -18.54009,       2.195453,       20.04014,       7.301745,      -6.917091
        32.6875,       2.483572,      -51.37761,       1.991072,      -26.03595,        2.73232,        22.3557,       5.629756,      -2.547705
          32.75,       3.387106,      -64.17844,       2.323976,       10.95374,       3.761385,       22.16782,       7.858374,      -4.315773
        32.8125,       2.357466,      -59.26834,       2.424025,      -28.61292,       2.981735,       -14.3384,       6.689537,      -10.98512
         32.875,       2.927831,      -61.45404,       2.724678,      -10.66695,       2.599092,      -1.734942,       6.918215,      -15.73706
        32.9375,       0.749654,      -49.55072,       2.302177,      -57.99635,       2.104448,       2.142749,       6.966174,      -14.92955
             33,       1.376738,      -29.73471,        1.66563,      -0.631605,       1.934472,       19.35271,       4.962959,      -4.388572
        33.0625,        2.87492,       9.512985,       1.647537,       -18.0827,        2.24672,       19.40337,       6.728614,      -2.454324
         33.125,       2.356035,      0.4111367,        2.01995,      -12.11804,       2.677423,       31.55816,       6.282835,      -1.106737
        33.1875,       3.667405,      -1.223853,       1.851147,      -8.453637,       2.870931,       6.933084,       6.840271,      -4.585429
          33.25,       3.627212,      -11.05628,       1.923562,      -8.329361,       2.676085,       19.71555,       6.296582,      -8.658924
        33.3125,       3.562552,      -18.82053,       1.814797,      -23.52541,       2.055378,       10.67077,       6.512986,      -9.573148
         33.375,         3.3428,       -10.3127,       1.943521,       -5.17857,       2.365468,       12.88838,       5.263039,      -3.376036
        33.4375,       3.472246,      -9.550523,       1.784334,        4.57732,       2.307611,       41.76045,       6.502205,       2.503389
           33.5,       4.283338,      -7.433105,       2.399421,      -4.075614,       3.405811,       29.84029,       7.119202,     -0.1169376
        33.5625,       4.654735,      -15.29632,       2.520038,      -12.80215,       4.021863,       4.033671,       7.217186,       -6.15632
         33.625,       4.131693,      -28.17447,       3.202878,      -28.66443,       2.857865,       -1.82293,       7.660577,      -17.05181
        33.6875,       3.586311,      -40.34067,       1.031235,      -33.55624,       1.616685,      -13.36905,       5.690367,       -9.84329
          33.75,       2.766919,      -2.821833,        1.76457,      -20.50448,       1.981596,       31.71363,       6.135938,      -5.148288
        33.8125,       3.390546,      -8.977574,       1.715737,       3.226887,       2.854399,       29.65491,       5.512588,      -5.975678
         33.875,        4.42561,     -0.5666937,       2.596517,      -3.678958,       3.423456,       13.98586,       7.620735,       6.162011
        33.9375,       4.890656,      -17.22276,       2.957614,      -16.56498,       3.049043,       9.922134,       7.756381,      -14.08774
             34,       3.985626,      -25.19875,       1.332826,      -45.44024,       2.238944,       2.033664,       6.003128,      -6.786419
        34.0625,       3.900734,      -12.13571,       1.715142,      -9.703532,        2.24861,       38.25047,       6.286795,      -11.74672
         34.125,       4.721996,      -9.912566,       1.436312,       22.91549,       2.469541,       22.78478,       5.740477,       9.883739
        34.1875,       4.159144,      -18.63949,       2.759919,      -5.007728,       3.242628,       24.01743,       6.817376,      -6.370427
          34.25,       5.393898,      -8.496946,       2.091225,      -3.986699,        2.81672,       31.15478,       6.985333,       3.878758
        34.3125,       4.467617,      -27.02867,       2.710776,       7.146564,       3.473449,       16.27298,       6.781477,       -3.97425
         34.375,       5.222723,      -18.58352,       2.353588,      -12.93859,       3.003442,       15.43541,        7.13365,       0.842038
        34.4375,       4.761227,      -29.99277,       2.402951,      -12.52008,       2.852334,       14.25069,       6.708526,      -3.504226
           34.5,       3.920168,      -23.40747,       2.228977,     -0.9146443,       2.687899,       21.27823,       6.871038,      -7.224687
        34.5625,       5.069104,      -17.76441,       2.304165,      -7.868984,       2.878164,       17.25979,       6.602614,      -2.515918
         34.625,       4.865334,      -19.74652,       2.767623,        1.09154,       3.680508,       17.55127,       7.745245,     -0.9960608
        34.6875,       5.557322,      -23.81305,       3.266102,      -21.88971,       2.493012,        6.44724,       7.282759,      -12.29414
          34.75,       4.696727,      -31.56385,       2.026076,      -26.28953,       3.424163,       3.377008,       6.536695,      -13.14585
        34.8125,       4.714516,      -16.30037,       2.249058,      -10.35122,        2.32928,       19.12833,       7.175438,      -9.369919
         34.875,       4.743668,      -23.41673,       1.792355,      -12.72658,       2.297796,       14.61184,       5.787931,       1.223147
        34.9375,       5.207607,      -22.78427,       2.590745,       1.686794,       3.036103,       28.10582,       6.931188,       -6.07253
             35,       6.055762,      -28.09933,       2.307039,      -17.06041,        3.50103,       6.930441,        7.18577,      -5.595114
        35.0625,        5.67854,      -37.89769,       2.925985,      -8.282916,       2.895225,       13.43635,       7.017506,      -6.988984
         35.125,       4.847299,      -26.85309,       1.885964,       -6.71579,       2.254599,       23.44776,       6.392014,      -1.140604
        35.1875,       4.855554,      -45.76934,        1.98446,      -9.108092,       2.855662,       19.60757,       6.798373,      -5.685051
          35.25,       4.041083,      -27.29863,       2.687812,       3.925424,       3.329411,        21.5029,       6.299831,       5.097733
        35.3125,       4.840487,      -36.50942,       2.541484,      0.5661439,       3.128243,       24.33095,       7.774478,      -3.052099
         35.375,       4.349368,      -35.34297,       2.834343,       2.017169,        3.42364,       19.37396,       7.164103,       7.680372
        35.4375,        3.83286,      -26.76112,       2.680399,      -20.35346,       3.718134,       10.36152,       8.425814,      -13.97013
           35.5,       3.735442,      -32.13595,       2.902892,       1.792384,       2.747268,       19.13637,       6.596266,     -0.5920116
        35.5625,       4.225637,      -30.17944,       2.261942,      -12.20144,       3.679633,       3.553742,       7.126008,      -15.86137
         35.625,       3.826444,      -14.21407,         3.2007,      -12.73604,       2.522565,       19.67667,       6.784679,       7.565495
        35.6875,       3.305255,      -15.66639,        2.31679,       6.642898,       3.342363,       16.78889,        7.41468,      -4.032611
          35.75,       5.717699,      -22.26309,       3.453624,      -12.53083,       4.085671,       10.12373,       7.883625,      -15.69484
        35.8125,       4.593393,      -21.58936,       3.228115,      -22.51846,       3.370601,       -3.08026,       7.692253,      -4.495572
         35.875,       5.406179,      -25.86034,       2.545117,      -12.76341,       2.756263,       12.11528,       7.526215,      -13.23945
        35.9375,       4.403837,      -27.59383,       2.765566,       -13.3311,       3.602765,       13.65781,       6.930608,       -6.29106
             36,       4.465152,      -21.68419,       2.402893,      -16.89639,       2.799406,        11.9079,       7.573253,      -3.007419
        36.0625,       4.976465,      -26.75704,       2.689771,       1.598478,       3.214293,       11.70927,       6.413294,      -13.91479
         36.125,       4.394333,       -27.7861,       3.403487,      -13.17419,       3.492344,       11.10518,       8.483423,       1.282928
        36.1875,       4.890096,      -20.88412,       2.993082,      -14.93451,       2.812164,       5.238145,       6.662934,      -13.43948
          36.25,       4.119906,      -28.73614,        2.54929,      -4.063317,       3.258748,       18.96342,       7.255188,     -0.6912756
        36.3125,       5.018886,      -23.16306,       2.809328,      -13.09735,       3.017176,       17.30334,       7.740825,      -1.387864
         36.375,       4.768416,       -21.9434,       2.911196,      -5.792966,       3.685242,       15.63095,       6.940394,      -9.065768
        36.4375,       4.189486,      -7.968684,       3.284347,      -1.645962,       3.808091,       9.793274,       7.972298,      -0.671954
           36.5,       6.073812,      -16.50637,       3.152838,      -5.711344,       3.593032,       18.32342,       8.009139,      -3.367251
        36.5625,       5.963652,      -23.53214,        3.76635,      -21.36231,       3.574222,      -2.365921,       7.690138,      -9.812123
         36.625,       5.327964,      -27.58117,       2.562707,      -11.57087,       3.525004,       18.21423,       7.493489,      -12.52829
        36.6875,       5.824481,      -19.37193,       3.393956,      -4.658585,       3.699465,       3.618909,       7.612369,       1.495241
          36.75,       7.035318,      -31.24987,       3.575545,      -11.03416,       3.826881,       4.820606,       8.420087,      -15.77366
        36.8125,       5.408041,      -39.24712,       3.717992,      -29.37736,       3.621005,       2.372115,       7.923124,      -3.384713
         36.875,       5.650492,        -31.802,       2.484825,      -7.374607,       3.201411,      -1.211448,       7.740657,      -15.93181
        36.9375,        5.86366,      -36.35421,       3.760849,      -5.761702,       3.705235,       15.34768,       7.308318,       2.698836
             37,       5.267232,      -37.21848,       3.695013,      -9.817264,       3.527459,       10.54514,       9.440192,      -13.99965
        37.0625,       5.437747,      -40.17901,       3.663947,         -23.61,       4.678172,       4.067545,       7.295506,      -5.466562
         37.125,       4.444246,      -40.14695,       3.417371,      -8.889436,       3.670939,        1.48724,       8.635778,      -10.48372
        37.1875,       5.449821,      -44.57071,       4.054251,      -21.57755,       4.042526,       1.527844,       8.301917,      -13.80799
          37.25,       3.655419,      -35.55453,       3.558223,      -17.20006,       3.329429,      -8.159919,       7.684138,      -10.05659
        37.3125,       3.563443,      -28.62587,       2.812041,      -20.36825,       3.444503,       12.57242,        7.48472,      -10.58729
         37.375,       3.975079,      -25.15295,       3.973454,      -3.561867,       4.208863,       8.840616,        8.40005,     -0.3040216
        37.4375,       4.777507,      -16.61919,       4.094985,       -22.2002,       4.181671,       4.363334,       8.064512,      -12.78848
           37.5,       4.148141,      -22.64651,       3.927073,       -15.3075,       4.480152,       -8.79622,       9.244679,      -10.96559
        37.5625,       5.038182,      -16.32245,       4.533426,      -28.58369,       3.985235,      -7.171815,       7.834677,      -18.55684
         37.625,       5.518113,       -22.0887,       3.698718,      -34.98079,       3.789519,      -7.144814,       8.829637,      -13.32746
        37.6875,        4.53865,      -24.00792,       3.384762,      -22.76102,       3.823769,      -8.132584,       7.897925,      -17.48885
          37.75,       5.297591,      -13.85382,       3.390681,       -21.5371,       3.631335,      -5.843026,       7.783511,      -17.79908
        37.8125,       5.929964,      -19.06843,       3.991854,      -18.35809,       3.903624,       0.941713,       8.401175,      -12.39897
         37.875,       6.787181,      -18.81243,        4.52468,      -20.29811,       4.771718,      -6.125778,       8.783173,      -15.46104
        37.9375,        6.51022,      -23.94531,       4.786395,      -32.35021,       4.801525,      -12.40043,       9.115794,      -18.25872
             38,       6.767135,      -32.85753,       4.334321,      -44.01587,       3.784196,      -32.86265,       8.499431,      -23.54657
        38.0625,       5.524573,      -30.78308,       3.220926,      -32.05894,       3.410286,      -3.918855,       8.218575,       -20.9553
         38.125,       5.627108,      -18.65488,       3.065165,      -19.90335,       3.537109,      -11.61893,       7.535969,      -17.50442
        38.1875,       6.096991,       -19.4169,       4.454165,      -26.65917,       3.705839,       1.215687,       8.101464,      -13.76081
          38.25,        7.93824,      -22.12815,       4.745213,      -16.18424,       5.688073,       -5.78353,       10.08643,      -9.158671
        38.3125,       7.082006,      -27.57081,        4.87721,      -35.45272,       4.873496,      -25.74252,       9.366851,      -28.44368
         38.375,       7.547899,      -30.54053,       5.604129,      -38.37444,       4.033726,      -17.28691,       9.080712,      -21.22276
        38.4375,       7.307887,      -36.39761,       3.795491,      -46.08249,       4.330339,      -38.24069,       8.578742,      -31.28403
           38.5,       7.141733,      -29.09693,       4.618585,      -40.57536,       4.256833,      -11.06087,       8.125961,      -20.36646
        38.5625,       8.154522,       -30.2779,       4.925028,      -36.23635,       4.809009,      -32.27679,       9.553525,      -28.49297
         38.625,       8.642614,      -40.89278,       4.930676,      -52.79971,       4.575989,      -37.78614,       8.553509,      -32.65234
        38.6875,       8.549277,      -47.48788,       4.673591,      -52.15101,       3.946937,      -38.87751,       8.800184,      -37.20091
          38.75,       7.902925,      -45.23374,       4.865675,      -56.69547,       3.860197,      -48.20299,       7.954702,      -31.30835
        38.8125,       8.570128,      -55.49249,        3.99776,       -61.1305,       4.021811,      -47.06265,       8.388072,      -45.05099
         38.875,       7.880444,      -54.35356,       5.093196,      -65.92898,       3.551006,      -52.17095,       7.191102,      -37.43778
        38.9375,       8.237782,      -64.34572,        2.97061,      -61.15476,       3.041854,       -52.8769,        7.24828,      -41.40682
             39,       6.483167,      -65.63577,       4.186692,      -65.25477,       3.081687,      -54.42242,       6.597994,      -32.91596
        39.0625,       6.912624,      -65.17471,       3.474137,      -67.05724,       2.487534,      -52.17218,       7.301332,      -38.22783
         39.125,        5.86048,      -63.65082,       2.962141,      -56.67232,       2.316715,      -38.75254,       5.975705,      -38.52617
        39.1875,       6.391037,      -73.71083,       4.051556,      -67.60269,       3.564746,      -51.18535,       7.318965,      -34.49477
          39.25,        5.60638,      -65.00989,       3.310394,      -62.78217,       2.277181,      -61.46421,       6.427857,      -39.14373
        39.3125,       5.549993,      -73.51575,       3.947849,      -68.01482,       2.327753,      -48.96578,       6.244725,        -38.502
         39.375,       4.593014,      -73.02033,       2.826983,      -82.70501,        2.62826,       -65.2421,       6.084165,      -41.52073
        39.4375,       4.147757,      -66.11935,       2.643957,      -74.74374,        1.34219,      -61.43173,       5.065442,      -35.80426
           39.5,       5.031999,      -59.48903,        3.09213,      -61.21988,       2.619194,      -47.51537,       6.408654,      -37.67404
        39.5625,       4.774738,      -64.04124,       3.061967,      -71.98656,       1.683885,      -60.01863,       5.314028,      -33.86255
         39.625,       5.318332,      -69.93565,       3.482414,      -80.81464,       2.302711,      -67.26756,       6.377295,      -41.63895
        39.6875,       4.431083,       -77.6864,       3.089158,      -88.56822,       1.994409,      -79.58389,       4.586267,      -52.36807
          39.75,       4.763978,      -89.87083,       2.672188,      -114.0219,       2.073785,      -106.8057,       5.368973,      -56.27766
        39.8125,       2.758872,      -86.97078,       1.670075,      -110.9149,       1.006608,      -143.5386,         2.7124,      -40.99118
         39.875,       2.178851,      -73.03488,       1.117764,      -77.57039,      0.1034699,       121.2044,       4.204989,      -24.95671
        39.9375,       2.697226,      -48.96468,      0.9415628,      -66.84427,      0.8100964,       21.91082,       3.624982,      -19.03847
             40,       2.828218,      -43.15738,       2.177983,      -67.54488,      0.4727795,      -16.67584,       5.609748,      -23.44888
        40.0625,        3.13389,      -51.19144,       1.077415,      -82.02185,       1.230172,       -28.1727,       4.123852,      -32.55181
         40.125,       2.895549,      -57.85138,       1.167197,       -91.9035,      0.3805267,      -118.4632,       3.656694,       -24.3578
        40.1875,       2.879732,      -31.33998,      0.6955644,      -67.61795,      0.7798771,       98.22534,       3.061456,      -18.60505
          40.25,       2.459284,      -15.48119,      0.7399148,       17.35454,       1.511277,       62.09103,       4.653663,       4.263143
        40.3125,       4.330594,      -30.17923,       1.255031,      -6.810238,       1.658051,       35.45751,       5.023006,      -4.593814
         40.375,       4.789991,      -27.60225,       1.722384,      -20.95814,       2.066407,       16.51966,        5.50635,      -8.372125
        40.4375,       6.156312,      -48.81358,       2.557272,      -46.18465,       1.420451,      -32.29676,       5.037143,      -23.33592
           40.5,       3.783155,      -67.72137,      0.9310021,      -54.06665,      0.6374806,       34.10474,        4.28509,      -11.40391
        40.5625,        3.91568,      -61.21933,      0.7286107,      -93.52548,      0.6885732,       55.19793,       4.223877,      -13.72382
         40.625,       2.731718,       -55.3851,       1.340346,      -1.708905,       1.445777,       39.89657,       3.830125,      -9.494564
        40.6875,       2.804476,      -59.32036,       1.062303,       -4.72535,       1.951443,       46.60526,       5.143196,       3.464758
          40.75,       3.262163,      -57.48153,       1.813233,      -12.29471,       2.227281,        10.0841,       6.010335,       -8.85002
        40.8125,       2.413324,      -60.55154,       2.433994,      -27.32517,       1.325354,       11.41491,        5.47541,      -17.18464
         40.875,       2.394196,      -49.20499,        1.21877,      -56.51749,       1.385307,      -10.32695,       4.034729,      -22.35282
        40.9375,      0.8527778,      -64.89312,       1.450433,      -18.59497,       1.189887,       40.53708,        4.76423,      -10.36774
             41,       2.689219,      -15.77602,      0.6577455,      -23.83764,       1.361941,       47.69032,       4.282352,       -1.21899
        41.0625,       2.538661,       2.518141,       1.133896,       -18.9115,       1.526073,       36.74846,       5.686256,      -5.166942
         41.125,       4.028934,      -9.904108,       2.836867,       12.69745,        2.89192,       24.12127,       5.137436,      -6.524572
        41.1875,       3.817883,       -20.1674,       2.074396,       -38.1946,       2.249382,        9.43525,       6.066123,      -5.486639
          41.25,       4.342593,      -35.04468,       1.451073,      -10.41144,       1.274428,       13.72601,       5.078288,      -11.51079
        41.3125,       3.635783,      -23.50028,        2.06471,      -22.46634,       1.757477,       5.351903,       5.178489,       -5.15564
         41.375,       3.891668,      -39.66562,       1.547381,       -19.5043,       1.554864,        35.0597,       4.941365,       -13.7604
        41.4375,       4.109845,       -25.0374,       1.665666,       -19.2889,       1.867621,       30.58034,       5.211975,       1.110769
           41.5,       2.937291,      -51.81853,       1.597727,      -2.441144,       1.998077,       29.04343,       5.093799,      -8.466425
        41.5625,       3.162268,       -32.9429,       2.143089,      -19.09461,       1.340109,       37.40471,        5.29858,      0.7768366
         41.625,       3.205252,      -38.97695,        1.52641,      -29.67241,       2.426195,       19.90191,       4.975391,      -18.48687
        41.6875,       1.852234,      -18.06619,       1.530391,       6.852882,       1.921802,         37.671,       5.605007,       12.35829
          41.75,        2.90546,       -44.2514,       1.920784,      -7.688644,       1.910379,       2.484283,       5.125839,       -18.3509
        41.8125,       2.531624,      -7.118553,       1.372023,      -29.55724,        1.36234,       18.58569,       4.652228,      -4.316803
         41.875,       2.526394,      -11.29866,       2.049444,     -0.5703623,       1.894651,       41.70596,       6.112046,      -6.552031
        41.9375,       3.670649,      -4.359609,       1.533034,        1.10884,       2.265591,       25.14786,       4.470516,       -3.47481
             42,       3.908174,       6.567621,       2.797974,       6.017971,       2.667615,        47.0427,         7.0101,       6.571427
        42.0625,       4.923913,      -21.28644,       2.430699,      -18.43017,       3.488814,       18.15009,       6.212432,      -11.14132
         42.125,       4.836274,      -14.13729,        2.51367,      -14.67299,       2.226967,       1.442842,       6.093069,      -8.575187
        42.1875,       5.104873,      -36.49072,       1.790435,      -8.037482,       2.086317,     -0.2446278,       5.638702,      -13.84771
          42.25,        3.58884,      -28.49037,       2.764183,      -19.33186,       2.029861,       22.77346,       5.912628,      -5.487195
        42.3125,       4.684423,      -31.62651,       1.464499,      -7.899943,       2.087287,       20.28148,        5.34301,      -8.505751
         42.375,       2.977711,      -27.25216,       2.203804,       -11.7486,       2.436753,        9.24597,       5.460361,      -2.457563
        42.4375,       3.890173,      -33.00009,       2.702911,         -3.852,       1.775511,       37.51559,       5.857266,         2.8771
           42.5,       3.721928,      -27.53695,       2.022883,      -25.31988,       2.438739,      -1.991972,       6.244407,      -14.85403
        42.5625,       3.511037,      -37.46668,        1.96499,      -8.286481,       2.231807,       41.80636,       5.296283,      -1.016817
         42.625,       2.675262,      -38.55311,        2.15375,      -40.64299,        1.93091,      -22.05795,       5.559557,      -22.38151
        42.6875,       2.722135,      -12.54116,       1.704023,       6.514137,        1.50076,       64.28452,       4.553959,       4.468518
          42.75,       2.540586,      -8.724232,       1.845885,       14.31291,       2.383249,       35.67006,       4.969795,     -0.2985475
        42.8125,       2.943164,       4.903477,       2.261078,      -8.308085,       2.487966,       31.96126,        5.56472,       2.249023
         42.875,       4.914657,      -10.33539,       1.905057,       4.181345,       3.180028,       14.83661,       6.267036,      -3.522725
        42.9375,       4.011521,      -3.943435,       3.828704,     -0.5945282,       2.284784,       14.76592,       6.609447,      -3.186693
             43,       4.791557,      -25.01387,       2.412981,       -41.3263,       2.036839,       11.08408,        6.09153,      -15.87174
        43.0625,       3.697107,      -22.86898,       2.087401,       2.740156,       2.090641,       19.28128,       5.571196,      -4.525379
         43.125,       3.597051,      -8.646559,       2.199137,      -8.894256,       2.684269,       38.12455,       5.792105,      0.7119783
        43.1875,       4.397024,      -17.90628,       2.286076,     -0.1533585,       2.289953,       14.42238,       5.734365,      -10.17965
          43.25,       4.148763,      -6.684834,       3.138686,      -8.065053,       3.732924,       22.96386,       7.211038,        4.67027
        43.3125,       5.691793,      -25.58211,       2.741855,      -7.313931,       2.302063,       7.812879,       5.956783,      -11.97329
         43.375,       3.213845,       -23.5216,       2.593424,      -27.79761,       2.496487,     -0.8224421,       6.376078,      -11.21881
        43.4375,         4.2699,      -30.50748,       2.066125,       2.475032,       1.888257,       36.43336,       5.575826,     -0.6376895
           43.5,       3.143602,      -6.795542,       2.459331,      -13.68119,       2.033173,       6.785557,       5.278409,      -13.24265
        43.5625,       3.239994,      -11.17599,       1.957142,      -6.278372,        2.46877,       18.88368,       5.987773,       3.964177
         43.625,       4.615537,      -2.721628,       2.660872,       -11.7867,       1.805084,       42.43447,       5.244051,      -8.737967
        43.6875,       4.092013,      -11.70741,        2.20566,       1.699738,       3.034267,       18.69687,       6.970724,       6.282513
          43.75,       3.527446,      -17.98425,       2.863723,      -6.333157,       2.293865,       15.05968,       5.403615,      -16.37924
        43.8125,       5.185875,      -9.219089,       2.542871,      -26.22823,       2.168542,       14.98884,       6.095646,      -6.264276
         43.875,       4.009164,      -19.76756,       2.003185,     -0.4022571,       2.077823,        22.6199,       5.871902,      -9.392469
        43.9375,       3.814749,      -9.548503,       2.265986,      -5.509731,       2.383172,       26.31717,       5.026374,       4.553492
             44,       4.826601,      -20.04186,       2.821972,       2.113107,       2.670243,       26.52287,       6.289293,      -8.643375
        44.0625,       3.949145,      -7.211633,       2.769111,      -2.765413,       2.688901,       22.26933,       6.440297,       3.905249
         44.125,       4.659179,      -17.71318,       2.999437,      -10.26174,       2.994252,       11.53497,       6.470335,      -10.90399
        44.1875,       3.961094,      -24.92603,        2.89589,      -15.48438,       2.426609,       21.94912,       5.902227,      -4.048707
          44.25,       4.062567,       -11.1978,       2.427699,      -8.690874,        2.42984,       10.27916,       6.520901,      -8.219397
        44.3125,       4.285876,      -15.55682,        2.51846,      -3.598104,       2.742899,       17.84625,       6.031934,      -8.028335
         44.375,       3.507234,      -10.36345,       2.791082,      -15.22722,       2.408812,       13.82607,       5.629801,       2.560357
        44.4375,       4.029768,      0.7177169,        2.59649,      -0.554822,       2.356444,       30.58617,       6.452345,      -9.631265
           44.5,       4.474137,      -12.73536,       2.320755,       -7.58985,        2.32159,       15.19371,        5.82445,       1.202982
        44.5625,        4.13752,      -4.221216,       3.453258,      -11.85892,       2.689468,       20.70653,       6.427669,      -5.928221
         44.625,        4.66392,      0.1059003,       1.780646,       0.430519,        2.68075,       14.31168,       5.946286,      -1.127192
        44.6875,       4.778087,      -2.832639,       3.049268,      -8.000882,       2.120839,       25.09777,       5.560356,      -11.10085
          44.75,       4.748131,      -15.96055,       2.496402,      -12.63909,        2.49136,       8.608518,       5.772707,     -0.3021851
        44.8125,       4.881487,      -1.231451,       2.619085,      -7.864911,       2.400476,       22.07336,       6.271736,      -5.742784
         44.875,       4.821864,      -11.46471,        2.69562,       2.723037,       2.204811,       32.75289,       6.092204,     -0.6263828
        44.9375,       4.997335,     -0.1962617,       2.536162,      -5.177311,       3.102708,       23.83717,       6.092031,      -6.367632
             45,       5.866064,      -5.847118,       3.377659,      -4.429232,       2.714847,        12.7349,       6.181155,      -2.230368
        45.0625,        5.38025,      -16.33488,       2.951977,      -1.399164,       2.933122,        14.5638,       6.896649,      -5.471166
         45.125,       5.150622,      -11.77484,       3.493019,       -18.9995,       2.789305,       9.863368,       6.140938,      -7.559993
        45.1875,       5.194391,      -17.11894,       2.486802,       -16.0992,       2.300401,       12.88019,       6.263124,      -8.717122
          45.25,       4.998621,       2.196025,       2.535162,      -5.500377,       2.487716,       15.24235,       6.237493,      -7.700559
        45.3125,       5.254609,      -18.87691,       2.813105,     -0.5178226,       2.259865,       24.85154,         6.3431,     -0.1970065
         45.375,       5.177904,      0.4595355,       3.253427,      -1.862988,       3.205059,        28.3982,       6.460819,      0.1930885
        45.4375,       6.092575,       -12.6586,       3.402866,      -12.02578,       3.002814,       10.16823,       6.618021,      -8.654889
           45.5,       4.648328,      -15.78292,        2.13839,      -12.23715,         2.2046,       12.65833,       6.252773,      -1.997527
        45.5625,       5.441871,      -7.418076,       2.640638,      -8.058186,       2.081749,       17.31823,       5.209481,      -11.21547
         45.625,       4.654067,      -7.100804,       2.379973,      -7.145646,       2.435338,       21.59841,         5.8376,      0.2588742
        45.6875,       6.491351,      -9.112844,       3.227928,       4.898471,       2.487767,       29.17439,       6.018389,      -4.685232
          45.75,       4.991199,      -5.477579,       2.343766,      -8.566047,       3.050107,       25.87009,       5.877452,       1.720489
        45.8125,       6.674584,      -8.639412,       3.403232,        1.55866,       2.693041,       28.52657,       6.509079,       3.726485
         45.875,       6.125968,      -12.75598,       3.219589,      -4.266738,       3.379682,       11.14627,       6.795428,      -5.999448
        45.9375,       6.261801,      -20.83749,         2.9758,      -5.611695,        2.10974,       7.799625,        5.93518,       -9.50975
             46,        5.65404,      -18.28823,       3.079257,      -10.53968,       3.310274,         25.435,       6.242292,       -4.58049
        46.0625,       6.577379,      -20.53389,       3.076816,      -7.087387,        2.67764,       14.76384,       6.211724,       -5.70496
         46.125,       5.013143,      -19.34933,       3.182381,       3.197867,       2.360738,       14.06159,       6.517719,       2.371389
        46.1875,         6.0109,      -19.45724,       3.247902,      -16.06729,        3.53256,       15.31092,       7.055817,      -8.142896
          46.25,       5.775001,      -21.24209,       3.180357,      -10.43568,       2.713675,       11.35462,       6.378397,      -4.029465
        46.3125,       5.735231,      -24.91843,       3.140546,       1.936617,       2.647029,       18.08297,       6.000653,      -11.13966
         46.375,       5.208323,      -19.36908,       3.668141,      -12.69742,        3.18796,       13.42946,       7.353013,      -1.132678
        46.4375,       4.028304,        -19.064,       2.992863,      -16.87484,       2.644966,        5.30579,       6.089378,      -4.345544
           46.5,       5.822257,      -14.65802,       2.680001,      -5.335138,       2.144129,       15.58045,       6.295534,      -10.81833
        46.5625,       3.965793,      -15.17877,       3.370447,       -10.0558,       2.402027,       22.46122,        5.97192,      -4.505393
         46.625,       5.536169,       -4.30303,       2.397233,     -0.8415715,       2.807485,       26.05396,        6.01047,      0.9662272
        46.6875,       5.462827,      -5.622238,       3.166508,      -1.531902,       2.820832,       23.61194,       6.695656,     -0.6500775
          46.75,       5.751792,      -12.70103,       3.220501,      -7.992731,       2.786006,       13.03198,       5.556311,      -10.57475
        46.8125,       6.054922,      -14.76746,       2.973516,      -6.107445,       2.834397,       13.42528,       6.335425,       4.156683
         46.875,       5.685492,      -14.07173,       2.567703,       -4.50286,       2.112015,       23.72398,       6.019819,      -8.321618
        46.9375,       6.015593,      -20.00681,       3.596054,     -0.2873134,       2.875014,       24.52651,       6.287034,      -5.649384
             47,       6.183284,      -13.62905,        2.96941,      -3.030625,       3.157387,       21.30806,       6.759853,        4.86242
        47.0625,        6.77315,      -21.01864,       3.882733,       4.540325,       3.350396,       25.68401,       6.970524,      -5.679076
         47.125,       5.604003,      -30.69384,       3.489432,      -16.26016,       2.952134,       10.14725,        6.26147,      -1.752863
        47.1875,       5.569378,      -25.41068,       3.378748,      -10.61429,       2.830811,       6.660079,       7.114655,      -12.07643
          47.25,       4.884087,      -26.91456,       3.385776,       -7.73833,       3.081168,       18.53586,        6.34178,      -1.101356
        47.3125,       4.870691,      -26.87676,       3.350534,      -6.297242,       2.619387,       11.19253,       6.640442,      -7.092937
         47.375,       5.158928,      -17.03473,       3.260234,      -7.076925,       3.101399,       10.23906,       6.173496,      -5.305257
        47.4375,       4.346931,       -22.1867,       3.763018,      -4.801776,       2.722874,       25.82245,       7.091889,      -0.864732
           47.5,       4.680803,        -9.3756,       2.749154,      -1.035586,       3.120267,       15.45017,       6.402504,      -6.129555
        47.5625,       4.177022,      -17.00701,       3.395046,      -11.91209,       2.639324,       2.688416,       6.667126,      -6.160384
         47.625,       5.426718,      -8.599042,       3.915541,      -6.436731,       2.612722,       22.64107,       5.872281,     0.07629491
        47.6875,       4.001674,      -17.22118,       2.331695,      -2.385017,       2.467382,       31.80656,       6.414117,        -4.7253
          47.75,        5.12199,       1.382981,       3.436004,       1.017709,       3.164034,        10.6913,       6.193838,      -3.026978
        47.8125,       5.514905,      -13.48255,       3.751111,      -8.079941,       2.402688,       21.63195,       6.235425,      -5.185023
         47.875,       5.263402,      -1.885437,       2.959589,      -14.04856,       3.524051,       27.10842,       6.373521,      -1.302922
        47.9375,       5.861052,      -8.911499,       3.795478,       4.750544,       2.781104,       4.398856,       6.805763,      -3.602953
             48,       5.500902,       -9.75545,       3.430228,      -4.748591,       2.713347,       12.43476,       6.172668,      -7.395143
        48.0625,       6.314875,      -7.931419,       3.663512,      -12.08764,       3.062834,       26.96358,       6.779607,      0.9594312
         48.125,       5.855159,      -20.36653,       3.499724,      -5.388624,       2.912215,       3.374043,       6.548523,      -13.20447
        48.1875,       5.642493,      -9.328707,       3.629163,       -1.04288,       2.887348,       26.98113,       6.751842,      -1.661586
          48.25,       5.934973,      -12.28201,       3.303024,      -7.667771,       3.003085,       18.55189,       6.134988,      -1.500729
        48.3125,        6.67667,      -17.37203,       3.999776,      -10.44561,       3.582836,       8.397316,        7.36705,      -7.825249
         48.375,       5.439602,      -11.92238,       3.431056,       8.524347,       2.734883,       29.07973,       6.130354,       2.242267
        48.4375,       6.733189,      -28.30354,       4.191609,       -18.6325,       3.299585,     -0.1253731,       7.735074,       -8.66961
           48.5,       4.676139,      -13.18377,       3.083115,      -11.30291,       2.463309,       22.17432,       6.278078,       -5.62125
        48.5625,       5.170287,       -18.6892,        3.13275,       4.950378,       3.089794,       18.70524,       5.779145,      -3.997099
         48.625,       4.540482,      -21.95046,       3.852656,      -9.356474,       2.122334,       12.92621,       6.369275,      -3.145681
        48.6875,       5.201133,      -5.962486,       3.136293,     -0.9712157,       3.607799,       26.57324,        6.82566,       2.152359
          48.75,        4.94626,      -13.89344,       4.025568,      -4.485717,       3.497732,       7.052408,       6.933514,      -6.756682
        48.8125,       5.149376,      -3.503205,        3.55297,      -6.194327,       2.563816,       33.28144,       6.606359,      0.2300728
         48.875,       4.336202,      -11.94208,       3.638048,      -10.87979,       2.975907,        6.40415,       6.156555,         -8.323
        48.9375,       5.662433,       10.53922,       2.648966,       13.83286,       2.962338,       32.59843,       6.265492,       7.201077
             49,       5.196512,      -8.801541,       4.040803,      -5.320753,       3.277755,        6.77499,       6.799603,      -9.501109
        49.0625,       6.569425,       2.748311,       4.372558,      -8.035358,       3.135653,       19.80503,       7.323702,      -4.731875
         49.125,       6.137898,      -6.798419,        3.21079,      -10.94967,       3.005625,       6.602512,       6.278754,      -7.138371
        49.1875,        6.54113,     -0.4105122,       4.079155,      0.4970511,        2.89105,       34.49207,       7.229701,         3.6969
          49.25,       7.377033,      -6.169832,       3.750674,       -8.07214,        4.09404,       11.77344,       6.952213,      -11.06199
        49.3125,       6.895351,      -17.94393,       4.126815,      -13.17811,       2.847582,     0.04268827,       6.797807,      -8.495436
         49.375,       6.359396,      -6.019428,        3.05377,       2.693156,       2.417922,       20.26932,       5.973853,      -1.323443
        49.4375,       6.959862,      -13.88519,       4.075146,      -7.483261,        3.26411,       19.09951,       7.177813,      -4.341861
           49.5,       6.762966,      -15.11125,       3.883303,      -10.66943,       2.850286,       10.27636,       6.453746,      -5.559771
        49.5625,       6.401039,      -14.65559,       3.591741,      -2.892085,       3.287894,       27.49082,       6.414259,     -0.8751369
         49.625,       6.320821,      -12.23711,       3.423407,       3.322329,       3.221691,       8.452732,       6.777963,      -1.163397
        49.6875,       6.478882,      -19.47234,       4.336668,      -3.991413,       2.627621,       27.17525,       6.637367,      -2.559396
          49.75,       5.485385,      -20.46917,       3.004406,      -10.93699,       3.204906,       12.16836,       6.385509,      -6.023628
        49.8125,       6.233738,      -17.17432,       3.985373,       2.454862,       3.100007,       18.65231,       6.818816,        2.10056
         49.875,       5.297888,      -19.00342,       3.899463,      -8.387047,       2.732589,       12.59678,       6.329836,      -11.03745
        49.9375,       4.979146,      -15.60405,       3.866724,       2.213069,       3.247344,       25.93443,        6.24639,       1.065301
             50,       5.398129,      -11.47685,       3.600872,      -6.648192,       3.092787,       14.69646,       7.384093,      -2.319399
        50.0625,       5.820043,      -6.517185,       4.350253,      0.9525204,       3.932005,       22.55701,       6.780958,      -4.189153
         50.125,       5.325352,      -15.15022,       4.032497,      -8.495494,       3.087051,       9.530895,       7.062164,      -1.865547
        50.1875,       5.072347,      -6.176369,       4.093176,       -12.9689,       3.104019,        11.9882,        7.15751,      -8.078504
          50.25,       5.389954,     -0.7638975,       3.833189,       3.219876,        3.41846,       15.64293,       6.304113,      -7.331795
        50.3125,       5.976797,      -6.630798,       3.695517,      -12.44945,       2.723992,       8.473449,        6.64545,      -4.258845
         50.375,       6.471783,       2.049494,       4.784666,      0.6197948,       3.583849,       12.03558,       7.365639,      -5.867002
        50.4375,       5.755173,      -1.208842,       3.302842,      -8.323529,       3.022108,         28.062,       6.156382,       0.677474
           50.5,       6.989435,      -2.643211,       4.402249,      -7.889162,       3.268454,       3.276022,       6.880201,      -6.935898
        50.5625,       7.673037,      -4.855459,       3.952637,      -1.989839,       3.092882,       21.32846,       7.599072,      -3.567855
         50.625,       6.322425,       -2.70458,       3.849346,      -5.452464,       2.785619,       13.37286,       6.538027,      -2.989412
        50.6875,       7.580739,      -3.894828,       4.234006,      -7.865494,        3.52973,       18.18145,       6.161455,      -3.161321
          50.75,       6.579446,      -16.33868,       3.083189,      -4.959364,        2.16651,       21.05613,       6.561952,      -5.194331
        50.8125,       7.426461,      -4.816415,       4.453575,      0.5594162,         3.9935,       17.49639,        7.11742,      -2.337989
         50.875,       6.424937,      -12.04344,       4.025355,      -4.332251,       2.878952,       16.56748,       6.575032,       2.527736
        50.9375,       6.819531,      -11.62841,       3.481759,      -6.688963,       3.116828,       22.04569,       6.803931,      -7.250827
             51,       6.344639,      -8.183426,       4.350757,       2.889072,       3.346709,       15.38888,        6.72358,      -1.978992
        51.0625,       6.174898,      -11.77423,       4.112547,      -5.249823,       2.990638,       10.95224,       6.751297,      -4.487368
         51.125,       7.306835,      -7.269775,       4.651236,      -11.13803,       3.746917,       21.09696,       7.028011,      -6.215428
        51.1875,       6.057576,       -10.1754,       3.494238,      -3.911932,       3.156313,       11.12712,       7.007081,      -4.610692
          51.25,         7.1595,      -3.407422,       4.444953,      -3.449463,       3.333097,       13.84665,       6.801327,      -1.297521
        51.3125,       8.113911,      -6.679248,       4.270962,      -6.296539,       3.415339,       21.15252,       7.629201,      -2.411877
         51.375,       6.677018,      -8.175945,       3.967872,        1.68726,       3.293647,       11.34951,       6.778533,      -7.407084
        51.4375,       7.236842,      -10.68412,        4.64181,      -6.887059,         3.4184,        11.9144,       6.463747,      -1.091448
           51.5,       7.586546,      -8.017471,       4.060277,      -10.72469,       3.162301,       9.358386,       7.596681,      -8.519561
        51.5625,       8.100241,      -13.39441,       4.811886,      -2.868181,       3.282196,       18.04427,       6.630003,      -1.993184
         51.625,       6.366357,      -9.088594,       3.676184,      -3.189703,       2.995296,       15.49859,       6.529693,       4.416965
        51.6875,       7.887269,       -13.7964,       4.448833,      -12.52417,       3.051064,       11.90167,       7.285042,      -10.64839
          51.75,       6.768059,      -13.73428,       3.796384,       2.201895,        3.17253,       19.48037,       6.846395,     -0.3252416
        51.8125,       7.547873,      -13.78389,       4.478367,      -3.888141,       3.497027,       17.69245,        6.77534,       -3.65518
         51.875,       6.516247,       -13.3802,       3.579572,      -7.189784,        2.78705,       17.57169,       6.879875,      -2.242855
        51.9375,       6.968473,      -9.056879,       5.317147,       2.009506,       3.877289,       18.37537,       6.627435,      -1.982572
             52,       7.368379,      -19.13141,       3.938798,      -15.23806,       3.240438,       10.20335,       7.119131,      -10.98848
        52.0625,       6.498258,      -12.60579,       4.015618,      -6.249303,       3.003491,       14.78343,       7.095374,        4.38437
         52.125,        6.80764,      -10.09985,       4.030568,          1.757,       3.275755,       20.47608,       6.948164,      -11.78932
        52.1875,       7.396566,       -9.17346,       4.414431,      -3.177048,       3.632912,       17.48717,       6.630297,      -1.798121
          52.25,       6.795343,      -18.28775,       4.439704,      -3.726501,       3.300498,        8.90391,        6.78738,      -2.758718
        52.3125,       7.670406,      -9.141823,       4.845636,      -3.657233,       3.889786,       21.48077,       7.364793,     -0.1775619
         52.375,       7.541897,      -20.74841,       3.877963,      -12.71103,        3.47463,       6.749993,       7.391853,      -7.628467
        52.4375,         6.6134,      -16.93197,       4.677457,      -1.779132,       3.230837,       7.353978,       6.489513,      -9.093748
           52.5,       6.778435,      -12.80715,       4.269816,      -2.160843,       3.030211,       21.02932,       7.364783,       1.120166
        52.5625,       6.735678,      -13.07672,       4.293868,      -4.158183,       3.671328,       17.28625,       7.338859,      -3.807273
         52.625,       6.658928,      -10.72951,       4.681159,      -4.706831,       2.901501,       20.72277,       6.236279,       -5.02797
        52.6875,       6.772204,      -15.73236,       4.735405,     -0.5489138,       4.054045,       7.794454,       7.441507,      -2.110292
          52.75,       6.080893,      -13.58648,       4.473526,      -12.23918,        2.88214,       23.13564,       7.437412,      -2.944083
        52.8125,       6.692936,      -5.309025,       4.012309,      -2.099531,       3.467465,       12.35629,       6.410488,      -7.247777
         52.875,       7.021954,      -12.07338,       4.566772,      -3.539735,       3.596776,       13.11644,       7.034324,       2.904701
        52.9375,       6.916476,      -6.221783,       4.651632,       2.695027,       3.270746,       22.64223,       7.208681,      -3.574658
             53,       6.505293,      -8.718548,       4.117085,      -7.605163,       3.140307,       9.055934,       6.963738,      -2.310195
        53.0625,       7.457305,      -7.872937,       4.999931,      -3.325241,       3.921632,       19.88503,       6.883157,      -6.712895
         53.125,       7.096143,      -7.649392,       4.335488,      -5.316246,       3.193186,       6.525768,       6.855525,      -3.124751
        53.1875,       7.755708,      -12.84694,       5.002952,      -8.921653,         3.5634,       15.44767,       7.290901,       -4.90348
          53.25,       7.199212,      -8.452703,       4.408054,      -3.511672,       3.468333,       10.16056,       7.135105,      -1.393746
        53.3125,       6.672592,      -13.03922,       4.455601,      -3.875883,       3.136841,       19.45522,       6.969481,      -6.158547
         53.375,       7.645471,       -8.06417,       4.340202,      -5.735034,       3.442026,       10.96576,       7.282054,      -5.144591
        53.4375,       7.537508,      -13.11344,       5.169331,      -4.207366,        3.47391,       15.14354,       6.950159,      -4.115103
           53.5,       6.487373,      -6.187794,       4.618666,       1.043681,       3.792591,       22.35349,       7.400117,        1.06424
        53.5625,       7.762154,      -11.01958,       4.845616,       -7.25771,       3.482068,       12.46148,       7.416461,      -2.866351
         53.625,       6.405312,      -9.447783,       4.607422,      -4.459097,       3.649336,       10.33381,       6.645384,      -6.243224
        53.6875,       7.497831,      -9.380013,       4.345384,      -4.136708,       2.836232,        12.9693,       7.164907,      -1.542678
          53.75,       7.395604,       -4.45199,       5.065694,     -0.6159343,       4.151739,       20.07755,       7.721421,      -2.598881
        53.8125,       6.272402,      -15.55627,       3.828065,      -9.853412,       2.280089,       13.18062,       5.631263,      -8.764337
         53.875,       7.994829,       2.989746,        5.51772,        2.38717,       4.289252,       21.91828,       8.047073,       4.553042
        53.9375,       7.862855,      -9.982598,        4.75598,      -7.930585,       4.026413,       7.419507,       7.511595,      -6.356906
             54,        7.20788,      -4.737584,       4.320152,      -1.601079,       3.020953,       21.36462,       6.639456,      0.1588098
        54.0625,        7.89713,      -6.388923,       4.946078,      -5.086784,       3.673953,       11.31316,       7.296185,      -6.481258
         54.125,       7.887063,      -7.597376,       4.796876,      -1.988545,       3.478815,       10.77613,       6.819243,      -5.297734
        54.1875,       8.224942,      -6.073471,        5.04918,      -5.225886,       3.790487,       19.37785,       7.668297,      -2.489999
          54.25,       8.116024,      -12.38396,       4.806226,      -5.896605,       3.554275,       8.798184,       7.012119,      -3.049991
        54.3125,       8.827641,       -2.98759,       4.609222,      -2.118304,       3.865601,       13.22234,       7.740288,      0.9120623
         54.375,       8.704755,      -17.32543,       5.381812,      -5.376314,       3.299222,       24.13741,       6.799147,      -10.84211
        54.4375,       7.699449,        -11.657,       4.412704,      -8.004313,       3.778412,       7.795017,       7.474962,      -1.222056
           54.5,       8.865168,      -11.84105,       5.482491,       -1.72653,       3.888123,       13.64725,       7.783601,     -0.2501217
        54.5625,       8.019967,      -17.51703,       4.587778,      -6.347194,       3.306952,       10.74952,       7.006767,      -8.185563
         54.625,       7.597896,       -14.8286,       4.743408,     -0.4682224,       3.346478,       21.80059,       6.835976,      -4.957056
        54.6875,       7.073297,      -13.09446,       5.192223,      -7.806578,        3.91755,       9.879086,       7.430542,      -2.601429
          54.75,       8.032701,      -10.74614,       4.667683,        4.85348,       3.370026,       20.14952,       6.519273,       1.677958
        54.8125,       6.705603,      -16.99649,       5.389372,       -10.7876,       3.881545,       10.22922,       7.795725,      -2.107501
         54.875,       7.874349,      -7.500611,       4.658435,       4.143305,       3.022119,       22.09543,       7.115377,      -1.856406
        54.9375,       6.879591,       -19.2884,       5.486912,      -12.58832,       3.959049,       11.30292,       7.241109,      -9.040588
             55,       7.661462,       1.032751,       4.273778,      -5.027145,        3.43945,       13.39207,       6.740225,      -1.222694
        55.0625,       8.073932,      -11.90724,       5.016864,       3.395093,       3.890362,       20.29087,        7.59506,       1.113545
         55.125,       7.759253,      -9.520757,       4.985991,       -10.3704,       3.532944,       6.405578,        7.52628,      -10.73134
        55.1875,       8.360403,      -3.767103,       5.348353,       2.166539,       4.191704,       22.05003,       7.153707,       2.485481
          55.25,       8.351749,      -12.88597,       5.252735,      -4.312759,       3.497042,       5.310521,       7.720056,       -5.08763
        55.3125,       7.894917,      -12.13758,       4.734712,      -7.315278,       3.650697,       13.96469,       7.023423,      -8.075199
         55.375,       9.290825,      -4.226737,       5.965008,      -5.868633,       3.810367,       12.60029,       7.707026,      0.6928309
        55.4375,       7.852057,      -15.94945,       3.975028,      -3.085496,       3.613394,       15.87194,       6.824788,      -10.06291
           55.5,       9.412102,      -13.09352,       5.731546,       -1.54044,       3.800398,       9.499471,        7.56843,       2.196539
        55.5625,       8.122514,      -17.58256,       5.385667,      -6.000396,       3.872992,       10.95413,       7.747175,      -3.992963
         55.625,       8.161299,      -10.91582,       4.838507,      -2.309093,       3.258485,       17.06115,       7.085306,      -3.734671
        55.6875,       8.448159,      -17.04126,       5.605582,      -3.643816,       4.074113,       15.53783,       7.843682,       -4.08666
          55.75,       7.869554,      -16.68153,       4.620719,      -9.031709,       3.155074,       6.983542,       6.841807,      -2.029792
        55.8125,       7.064703,      -13.67017,       5.596062,      -1.023382,       4.002561,       26.08478,       7.132419,       4.659883
         55.875,        8.17427,      -20.99173,       4.688959,      -5.202689,       3.434154,      -1.359921,       7.585518,      -15.43623
        55.9375,       6.701807,      -11.93827,       5.387941,      -1.834386,       3.892253,       25.87303,       7.112064,        5.91957
             56,       7.282275,      -14.65606,       5.258983,      -6.195643,       3.551508,       13.21735,       7.874329,      -3.477136
        56.0625,       6.858959,      -12.47118,       4.917007,      -2.774971,       3.865291,        17.9656,       6.570238,        -6.2496
         56.125,       7.829687,      -7.167723,       5.875237,      0.1502237,       4.151125,       10.86525,       8.090447,       2.493547
        56.1875,       7.199885,      -13.46331,        5.10648,       -10.3904,       3.734374,       12.66003,       7.629456,      -9.454232
          56.25,       7.119391,      -5.828585,       5.460422,     -0.7286736,       3.773678,       14.84408,       6.979255,       1.866675
        56.3125,       7.970867,      -9.220866,       5.476912,      -12.15265,       4.242624,        7.91011,       8.301433,      -8.296611
         56.375,       7.036265,      -3.483576,       5.061122,       1.060136,       3.037197,       18.30697,       6.652895,      -3.445848
        56.4375,       8.673338,      -5.448501,       5.410309,       -6.14045,       4.012015,       10.05297,        7.90116,     -0.9860316
           56.5,        8.10258,      -7.523662,       5.674839,       2.566314,       4.093132,       20.11852,       7.129666,      -2.433769
        56.5625,       8.111283,      -4.364759,        5.60205,      -7.915465,        3.62283,       7.318173,       8.035427,      -2.826803
         56.625,       8.974371,       -14.8649,       4.997623,      -10.46144,       3.924442,       12.94297,       6.881509,       -9.52539
        56.6875,       8.360035,      -4.534695,       5.566555,     0.08273929,       3.867756,       16.23543,       8.050145,       2.249297
          56.75,       8.500081,      -10.15718,       5.054346,      -1.447334,       3.184523,       4.982904,       7.007037,      -6.995387
        56.8125,       8.696502,      -11.07941,       5.590037,      -3.469093,        4.31034,       17.76663,       7.749634,      -3.780794
         56.875,       8.559696,      -6.518311,       5.604464,      -4.905774,       3.609557,       16.19122,        6.86448,     -0.8042465
        56.9375,       8.983886,      -14.85336,       5.595054,     -0.5740395,       3.727745,       10.40113,         7.9671,      -2.646379
             57,       7.934388,      -13.30637,       5.585641,      -10.34151,       4.125992,       13.59698,       7.639317,      -8.955615
        57.0625,       8.463339,      -7.944016,       5.319397,     -0.6959994,       3.665338,        9.18103,       6.808465,       2.481138
         57.125,       8.454422,      -15.64034,       5.048574,      -8.830674,       3.565556,       21.32907,       7.679439,       -7.20022
        57.1875,       8.708399,      -9.032357,        6.12855,      -2.305485,       4.047828,       11.58534,       7.764362,       1.542537
          57.25,       9.065461,      -15.36219,       5.656466,      0.2288102,       4.446423,       15.22627,       8.212421,      -8.012177
        57.3125,       7.537029,      -14.13361,       5.415873,       -7.26443,        3.33776,       9.672477,       6.628362,      -0.743986
         57.375,       9.009808,      -10.89031,       5.708938,     -0.3770524,       4.632548,       17.46694,        8.34257,     -0.9066235
        57.4375,       7.467227,      -17.41105,       5.657547,      -6.646045,       3.367431,       6.783466,       7.232745,      -5.625086
           57.5,       8.789582,      -13.33762,       5.741175,      -7.263257,       3.726393,       15.39974,       7.646478,      -5.314585
        57.5625,       7.799659,      -11.51703,       5.602871,      -1.660799,       4.246517,       14.65891,       8.228511,     -0.3060608
         57.625,       7.536791,      -10.82533,       5.519411,      -3.996362,       3.505025,       15.56207,       6.434697,      -1.333261
        57.6875,       7.332526,      -9.367526,       5.516187,      0.6333937,       4.146333,       17.38036,       8.101787,      -2.329138
          57.75,       8.703587,       -6.56717,       5.987184,      -4.248925,       3.827432,       10.18811,       8.120142,      -0.296189
        57.8125,       7.929397,      -10.98089,        5.96437,      -4.722488,       4.283416,       19.62326,        7.42945,      -7.250589
         57.875,       7.336799,      -5.763573,       5.373472,     -0.9950196,       3.559014,       11.39415,       7.310148,      0.2521795
        57.9375,       8.673799,      -14.38064,       5.737213,      -13.28288,       4.439352,       0.317279,       7.843255,      -9.732953
             58,       7.301097,      -1.932225,       5.492255,       3.364844,       3.194697,         29.361,       6.808014,      -1.363174
        58.0625,       9.514447,      -5.678554,        6.04964,        -4.8485,       4.670453,       14.47522,        7.68997,       0.344074
         58.125,       8.047218,      -8.349446,       5.706919,       2.069825,       3.787672,       9.993048,       8.362849,      -1.157065
        58.1875,       9.315622,      -10.11706,       6.217888,      -7.542003,       4.285159,       14.20248,       7.553506,      -7.944569
          58.25,       8.880692,      -11.66871,         5.9382,      -7.833047,       4.239055,       10.07294,       7.722522,     -0.8751435
        58.3125,       8.514688,      -13.65735,       5.431375,      -3.826085,       3.211509,       7.310191,       7.949701,      -5.931977
         58.375,       8.404502,      -10.21518,       5.703861,      -1.768363,        4.45249,       22.81572,       7.304813,      -4.858851
        58.4375,       8.661574,      -13.33777,       6.108206,       -3.27646,       4.015326,       11.79754,       8.096938,      -1.756736
           58.5,        8.44129,      -13.11063,       5.978666,      -2.128225,       4.326801,       9.268513,       7.508982,      -3.317996
        58.5625,       7.432765,      -12.77541,       6.139424,      -3.663396,        4.16279,       15.34958,       8.119977,      -5.283081
         58.625,       8.460683,      -2.583956,        6.32666,      -2.365795,       3.882816,       15.19708,       7.424075,        4.04149
        58.6875,       8.175432,      -16.72657,       5.426154,      -6.786607,        4.06351,       10.35562,       7.980496,      -10.04356
          58.75,        6.97256,      -8.617525,       5.765543,      -5.744808,       3.945561,       14.04633,       7.360672,      -1.474807
        58.8125,       8.054713,       2.438183,       5.994213,       3.801714,       3.858721,       20.47569,       7.323839,       3.059856
         58.875,       8.298669,      -9.104445,       6.052009,      -5.712636,       4.281642,       5.980781,       8.059999,      -7.986516
        58.9375,       8.565101,      -8.177507,       6.250955,      -8.777493,       4.096259,       14.44796,       7.943023,      -6.664397
             59,       8.029643,     -0.6980792,       5.382075,      -1.346464,       3.721514,       12.57658,       7.168624,     -0.2936539
        59.0625,       8.705275,      -4.729692,       6.021823,      -4.116555,       4.039096,       17.46111,       7.343338,      -3.127397
         59.125,       8.579885,      -5.350629,        6.04752,      -2.053341,       4.130472,       6.559339,       7.971975,      -5.553477
        59.1875,        9.10039,      -5.270818,       6.143619,      -4.645265,        4.06061,       24.18705,       7.467974,      -1.098967
          59.25,       9.915721,      -9.967309,       6.373359,      -6.092226,       4.731528,       3.154628,       8.450594,      -6.495041
        59.3125,       8.601814,      -7.701383,       5.601768,      -4.771379,       3.668159,       10.09938,       7.349889,      -4.655495
         59.375,       9.367771,      -9.572149,       6.719153,       1.082012,       4.536603,       21.18649,       7.992792,      -1.736896
        59.4375,       8.596118,      -7.038741,       5.801182,      -6.117398,       3.937389,       14.87475,       7.640499,       3.463521
           59.5,       8.809974,      -10.58429,       6.457752,      -2.929384,       4.677781,       4.285102,       8.131873,      -9.038492
        59.5625,       9.158311,      -6.043518,       6.080146,      -5.330693,         3.3354,       22.41562,         8.4856,    -0.08522641
         59.625,       8.516629,      -10.31529,       6.476726,       1.505365,       4.925785,       11.88202,       7.278505,      -3.505133
        59.6875,       8.389708,      -15.03997,       5.809527,      -13.25916,       4.047474,       7.480493,       7.820369,       -8.33882
          59.75,       7.621899,        3.15555,       6.202885,       5.246462,       3.957222,       23.88211,       7.325656,       5.860709
        59.8125,       8.743122,       -7.30749,       6.225098,      -7.573139,       4.895689,       6.424615,       8.463249,      -2.420869
         59.875,       8.597659,      -1.281906,       6.491399,      -1.522032,       3.081499,       11.74889,       7.438982,      -8.036507
        59.9375,       8.243917,      -6.563623,       5.707942,      -6.634078,       4.891942,       12.59881,        7.57911,      -1.200481
             60,       9.132403,     -0.9987603,       6.274218,      -2.225033,       3.606511,       10.11049,       8.086168,      -1.218484
        60.0625,       8.738797,     -0.3112529,       6.360518,     0.07587829,       4.732156,       15.70532,        7.98861,        -1.1665
         60.125,       9.444798,      -6.693808,       6.614032,      -7.901886,        4.07023,       6.403512,       7.892847,      -8.455921
        60.1875,       9.133045,      -4.520247,       6.121315,      -3.461151,       3.705095,        19.2564,       7.335175,      -3.418367
          60.25,       9.179705,      -5.074547,       6.179987,     -0.9209704,       4.816901,       16.55559,       8.142564,       2.904664
        60.3125,       9.092273,       -5.63414,       6.697924,      -11.13002,       3.748101,      -1.962505,        7.92504,      -12.05116
         60.375,       10.33334,      -4.018553,       6.327767,      0.9685475,       4.921943,       23.41846,       9.308493,       2.887207
        60.4375,       8.428802,      -5.731725,       6.218596,      -5.333833,       4.096968,       8.549499,       7.129117,       -11.2146
           60.5,       9.835037,      -4.570922,       6.424622,      -1.090269,       4.418489,        15.5176,       7.667612,      -0.506618
        60.5625,       9.246098,      -3.839537,       6.711589,       -1.63272,       4.615165,        7.29822,       8.424102,     -0.6292153
         60.625,       8.934667,       -5.76571,       6.015277,       -8.60981,       3.981192,       14.21665,       7.693647,      -7.061363
        60.6875,        9.87548,      -1.696567,        6.99575,       2.282877,       4.211276,       7.334727,       8.154912,       0.830531
          60.75,       8.920621,       -1.38138,       6.023552,      -4.963378,       3.889757,       27.08748,       7.631528,      -2.843159
        60.8125,       10.54593,      -1.876209,       7.177292,     -0.4556533,       5.368917,       8.086086,       8.658041,        3.56128
         60.875,       9.163239,      -5.704728,       5.974012,      -4.273263,          3.553,        20.5691,       7.241624,      -9.540837
        60.9375,       9.641862,      -7.245847,       6.788519,      -10.79728,       5.017176,      -1.324301,       8.056591,      -3.708182
             61,       10.09501,      -2.987761,       6.115585,       4.809583,       3.500565,        24.9534,       8.018332,     -0.8655772
        61.0625,       10.11496,      -7.956101,       6.677512,      -4.741597,       4.910146,       11.73352,       7.739849,      -2.887953
         61.125,       8.689171,      -6.039634,       6.722865,      -5.567596,       4.111771,       11.62746,       8.167976,      -4.894062
        61.1875,       10.02884,      -6.438461,       6.666158,      -2.600263,       4.063338,       13.11388,       7.133667,      0.2085134
          61.25,       9.917948,      -7.333885,       6.696498,      -1.344935,       5.112983,       6.291842,       9.738721,      -2.688545
        61.3125,       9.253125,      -4.493822,       6.751151,      -6.172298,       3.937837,       16.00713,       7.260646,      -9.824158
         61.375,       9.023157,       -5.68884,       6.487509,      -4.552706,       4.705874,       11.68161,       7.476372,       2.392182
        61.4375,       9.818274,      -2.547256,       6.901031,       -4.86284,       4.300663,       13.43246,       9.355015,      -2.156996
           61.5,       9.196268,       4.123469,       6.617464,       3.335013,       4.290665,       16.55275,        7.48697,      -3.160715
        61.5625,       11.44373,      -8.209617,       7.099072,       -6.29125,       4.763411,       5.388949,       8.425867,      -4.567571
         61.625,       9.179231,       3.333489,       6.772729,      -6.587676,       4.684243,       15.08103,       8.976848,     -0.9564174
        61.6875,       10.66533,      -0.801162,       6.646548,      0.4237169,       3.763077,       8.861708,        7.22966,      -4.488735
          61.75,       10.20805,      -5.421845,       6.395769,      -6.406901,       5.038081,       17.49332,       8.076641,      -2.068047
        61.8125,       11.11445,       2.355241,       7.304451,     0.09708687,       4.068394,     0.07508469,       8.420721,      -4.431935
         61.875,       10.96376,      -6.210496,       6.777823,      -4.674675,       4.342328,       13.28631,       7.548681,      -1.892106
        61.9375,       10.34931,      -3.969308,       6.368631,      -6.885335,       4.108582,       15.05261,       8.077182,      -3.626979
             62,       11.25326,      -5.163883,       6.788206,     -0.8581697,       4.812241,       14.48701,       8.211635,       -2.45359
        62.0625,       11.53856,      -6.365744,       7.363737,      -1.837406,       4.571784,       9.117691,       8.396975,      -3.367922
         62.125,       10.58649,      -6.196604,       6.857954,      -1.236628,       4.210029,        14.7108,       7.593891,      0.2413224
        62.1875,       10.63217,      -9.502623,       6.891889,      -9.939462,       5.008112,       4.986402,       8.410688,      -6.838571
          62.25,       10.92504,      -11.01346,       6.686335,       -1.17864,       3.605181,       11.13004,       8.337516,      -1.717475
        62.3125,       11.34535,       -6.90144,        7.51913,      -4.511545,        5.16555,       15.07183,       8.302752,      -3.079961
         62.375,       9.425426,      -10.19015,       6.304104,      -5.410264,       4.235791,       14.57613,       7.892888,      -4.747289
        62.4375,       10.70267,      -3.764636,       7.625314,      0.6911393,       5.156735,         9.9045,       8.830593,       3.058479
           62.5,       10.84593,      -7.341175,       6.902433,      -1.845521,       4.482552,       5.965658,       8.285622,      -8.588276
        62.5625,       10.38328,      -5.346762,       7.578911,      -5.956137,       4.238636,       14.80213,       8.654197,       1.412654
         62.625,       10.67776,      -5.201961,       6.912259,      -3.117063,       4.766381,       17.46731,       7.921988,       -6.52021
        62.6875,       10.46482,       -4.98996,       6.684055,      -1.853284,       4.719461,        6.40045,       7.924973,      0.0237303
          62.75,       11.31083,      -6.606496,       7.683433,      -7.407241,       4.419848,       9.725207,       9.318581,      -4.367499
        62.8125,       10.37304,      -2.216522,       6.240512,       1.284325,       4.196351,        17.0328,       6.880226,      0.7238662
         62.875,       11.57929,      -9.697429,       7.471406,      -3.903238,       4.480412,       6.354599,       8.997932,      -4.912915
        62.9375,       10.92519,      -8.488179,       7.144352,      -3.590961,       4.898469,       16.22252,        8.16142,      -2.076366
             63,       11.38457,      -11.84357,       7.609539,      -6.812478,       4.425087,       6.346951,       8.782249,      -8.347594
        63.0625,       10.52543,      -8.860202,       6.544792,      -3.264108,       4.526666,       12.50748,       7.631761,      -1.634654
         63.125,       10.72891,      -11.14085,        7.57456,       -3.12744,       4.742902,       8.604971,       8.178741,      -3.653738
        63.1875,       10.05972,      -10.33842,       7.111995,       -1.46511,       4.567114,       10.22792,       8.180125,      0.7333379
          63.25,       11.02056,      -9.560764,       7.368467,      -8.412564,       4.486229,       14.85324,       8.756795,      -6.924085
        63.3125,       9.076878,      -8.077394,       7.154295,     -0.4158961,       4.673562,       6.918875,       8.171691,     -0.3823776
         63.375,       10.39334,      -6.225215,       7.092803,      -5.011265,        4.59477,       15.90799,        8.16436,      -4.339407
        63.4375,       10.09679,      -5.458738,       7.685842,      -3.304035,       4.773561,       7.507513,       8.474861,      -0.997333
           63.5,       10.01382,        -4.8179,       6.891209,       -3.86727,       4.554839,       9.107724,       8.657595,      -7.297686
        63.5625,       9.792873,      -1.442079,       7.479049,      -3.719781,       4.274538,       11.66962,       7.962091,      -1.564862
         63.625,       12.18841,       2.621909,       7.990546,      -2.973471,       5.064207,       13.12621,       8.405334,     0.04839239
        63.6875,       10.54393,      -3.581065,       6.730342,       1.005649,       4.430223,       15.11112,       8.470614,      0.5567667
          63.75,       11.34038,      -2.424108,       8.071186,      -1.631252,       4.702852,       11.21974,        8.74431,      -2.336178
        63.8125,        11.1329,      -4.059157,       7.060566,      -12.23182,       4.106133,        9.60632,       7.995264,      -7.889462
         63.875,       12.28189,      -3.739925,       7.756726,       4.244096,       5.749036,       14.76482,       8.536057,       1.572402
        63.9375,       10.65386,      -8.328403,        6.92107,      -9.181652,       3.480208,       1.032053,       8.574406,      -6.424214
             64,       11.42786,      -4.768149,       7.184731,      -1.438028,        5.12578,       13.47748,       7.283245,       1.217495
        64.0625,       11.10284,      -9.264627,       7.530262,      -3.432261,       3.964601,       8.227291,       8.708036,      -5.085349
         64.125,        12.5829,      -5.554317,       7.659757,      -2.182179,       5.342101,       15.66035,       8.990358,      -4.423216
        64.1875,       10.02691,      -6.987986,       7.209999,      -2.391451,        4.26504,       13.35632,       7.931776,      -1.690383
          64.25,       12.95809,      -8.303985,       8.211476,      -5.884812,       5.430195,       5.349463,       8.492156,      -1.538401
        64.3125,        10.1002,      -10.47952,       6.857853,      -4.560273,       4.345109,       5.722383,       8.802088,      -4.588056
         64.375,       11.46266,      -2.443327,       8.117091,      -1.775527,       4.213048,       18.88173,       8.004827,      -2.081881
        64.4375,       10.89978,      -9.846512,       7.231169,      -8.509492,       5.258449,       9.285461,       9.272763,       -9.30638
           64.5,        12.3695,     -0.4060458,       7.967564,        2.38823,       4.555972,       12.45132,       7.612633,       6.503457
        64.5625,       11.21139,      -8.583355,       7.863441,      -5.452296,       4.850017,       17.79877,       9.651951,      -7.276642
         64.625,       11.68675,      -2.109093,       7.285185,      -4.131649,       5.153955,       7.595455,       8.242199,      -1.861389
        64.6875,       11.94078,      -8.922235,       7.670588,       -3.58607,       4.560395,       7.446682,         8.7577,       -3.55616
          64.75,        11.8367,      -4.600788,       7.861653,      -1.349509,       4.902586,       11.78923,       8.230415,      -2.223677
        64.8125,       11.42488,      -6.873334,       7.407016,        -2.1968,       4.475056,       12.67664,       8.284833,      -1.210844
         64.875,        11.9446,      -5.617995,       7.771411,      -3.270781,       4.766949,       10.26802,       8.759973,      -4.551883
        64.9375,       11.44886,      -8.311756,       7.606296,      -6.864815,       4.725172,       12.15235,       8.666882,      -0.617482
             65,       12.29119,      -2.595714,        7.97805,       2.095199,        5.06372,       13.10254,       8.170894,      -2.800934
        65.0625,       11.51977,      -8.121364,       7.772012,      -6.386644,        4.22843,        3.82521,        8.39455,      -3.217866
         65.125,       12.42146,      -12.11952,       7.693147,      -5.484987,        5.02523,       12.05414,       8.810004,      -3.191733
        65.1875,       11.19384,       -1.32105,       7.215587,      -4.586308,       4.617249,        10.6287,       7.713925,      -2.635384
          65.25,       12.90984,      -8.948957,       8.319337,     -0.7137005,       4.624783,       14.68053,       9.195056,      -2.582208
        65.3125,       13.02486,      -7.114841,       7.876113,      -7.565651,        5.43292,       8.894197,       8.557483,      -2.580403
         65.375,       12.37795,      -7.698538,       7.850443,      0.1818381,       4.843796,       9.324416,       9.381541,      0.2302755
        65.4375,       12.40415,      -10.64759,       8.134719,      -5.391113,       4.672303,        8.88943,       8.150137,      -8.240358
           65.5,       12.74504,      -14.09822,       7.919302,      -4.308987,       5.198235,       14.94824,       8.837719,       -2.33272
        65.5625,       12.94572,      -7.494092,       8.228042,      -1.968619,       4.842918,       8.311378,       9.513566,     -0.5551469
         65.625,       11.59399,      -17.22837,       7.481513,      -7.634053,       4.928174,       7.345919,       7.630008,       -10.3569
        65.6875,       12.40266,      -9.416775,       8.255531,       2.429025,       4.914345,       16.21905,       9.329018,       5.483256
          65.75,       11.85681,      -11.36554,       8.403189,      -4.392552,       5.087201,       7.860015,       8.746336,      -5.523969
        65.8125,       11.45581,      -17.51694,       7.302131,      -6.040393,       4.596186,       10.97152,       8.260182,      -5.276817
         65.875,       10.87272,      -8.922819,        8.25596,      0.9981337,       4.837716,       11.19591,       9.097816,       2.808369
        65.9375,       11.21388,      -13.96602,       8.333202,      -5.365977,       4.877525,        13.2226,       8.052391,      -8.113347
             66,       11.03035,      -11.95829,        7.80025,      -2.682544,       5.264899,       4.897677,       8.736392,      -1.341813
        66.0625,       10.57951,      -12.18207,       8.027388,      -5.450185,       4.481685,       15.59705,       8.477991,      -4.483293
         66.125,       10.10056,       -13.2048,       7.318076,      -9.518687,       4.614867,       2.541651,       8.394193,      -4.228596
        66.1875,       10.46744,      -4.971079,       8.795392,       2.556951,       5.265242,       15.88541,       9.212787,       1.353603
          66.25,       11.27722,      -2.747026,       7.704596,     -0.5869313,       5.290897,        11.7501,       8.871511,      -5.259391
        66.3125,       10.55248,      -10.19078,       8.679008,      -7.691698,       4.348446,      -1.315736,       8.517986,      -4.497167
         66.375,       11.43283,        1.28342,       8.617309,     -0.9552081,       5.351085,       21.58254,       9.210147,      -1.538068
        66.4375,       10.95854,       -5.63038,       7.567345,      -6.765911,        5.05198,         6.8271,       8.421457,       -6.52346
           66.5,        11.2987,      -2.097548,       8.369214,      -4.407735,       5.082693,       9.403073,       8.875546,      0.6882541
        66.5625,       12.15612,      -3.845267,       8.040519,      -4.421412,       4.752577,        13.2144,       8.689943,      -5.485405
         66.625,       11.71032,     -0.9148996,       8.781093,      0.8544949,       5.798016,       8.901199,       9.188301,      -3.191311
        66.6875,       12.66205,       1.917876,       8.334145,       0.160974,       5.043431,       14.56965,       9.180965,       4.206898
          66.75,       13.44157,      -4.794276,       9.412618,      -5.809907,       5.731272,       8.887794,       9.089594,      -6.063255
        66.8125,       12.33651,      -4.730794,       7.942622,      -4.297277,       4.326691,       5.298994,       8.976734,       0.256035
         66.875,       11.95727,       -6.30842,       8.257421,      -3.388091,        5.21398,       8.939319,       8.530023,      -7.535961
        66.9375,       13.29752,      -5.880255,       8.669578,      -5.893189,       5.091888,       12.07152,       9.277906,      -6.948505
             67,       12.74164,       -7.25977,       8.028086,     -0.3627377,       5.146918,       10.38819,       8.184364,       3.030955
        67.0625,       12.26258,      -5.372539,       8.909604,      -7.159259,       4.997278,       9.194808,       9.089945,      -7.081474
         67.125,       12.99413,      -1.726842,       7.802087,      -0.506704,       4.808367,       8.714693,       8.401783,       2.023809
        67.1875,       12.69756,      -11.47006,       8.912343,      -3.080007,       4.977695,         8.4828,       8.924125,      -5.577617
          67.25,       13.41804,      -10.18747,       8.358312,      -8.357333,       4.989661,       12.69262,       9.036268,      -3.228951
        67.3125,       12.00374,      -3.172012,       8.415658,       0.733685,       5.472937,       11.68328,        9.11742,      -2.145747
         67.375,       13.46922,      -12.92403,       8.521701,      -7.683664,       5.146264,       4.572697,       8.580927,       -6.16194
        67.4375,       12.88844,      -6.849792,       8.595176,      -3.587316,       5.233016,       12.14164,       8.880852,      -1.714014
           67.5,       12.92632,      -12.14351,       8.258215,      -3.708118,       4.922178,       1.503889,         9.2587,      -4.200525
        67.5625,       12.98742,      -6.423624,       9.090203,      -3.329798,       5.620108,       14.15387,       9.141548,      0.3407751
         67.625,       12.85685,      -9.104137,       8.626482,      0.3708124,       4.919623,        12.5677,       8.935599,      -3.839924
        67.6875,       12.98155,      -10.68647,       9.295114,      -1.259623,       5.449308,       10.66525,        9.29058,      -2.322835
          67.75,       12.05633,      -10.88444,       8.185584,      -6.144963,       5.463749,       6.468085,       8.849336,     -0.4241571
        67.8125,          12.81,      -7.740796,       8.889135,      -1.634055,       5.093382,       10.44663,       9.220121,      -3.833256
         67.875,       11.60784,      -12.11776,       9.363521,      -5.541424,       4.903708,       7.587014,       8.320391,        -2.8465
        67.9375,       12.42905,      -8.048253,       8.203404,      -2.404206,       5.188106,       12.48819,       9.856404,       1.187044
             68,       12.06972,      -5.464565,       8.639493,      -2.194001,       4.932426,       10.36943,       8.647377,      -1.827812
        68.0625,       12.10599,      -9.281549,       8.927769,      -2.910704,       5.632199,       14.99484,       9.492635,      -5.236133
         68.125,       12.25438,      -9.932056,       9.169715,      -7.094324,       5.055223,      -3.431389,       9.165014,      -6.310546
        68.1875,       11.65198,      -4.556178,       7.733583,      -1.210081,       5.370836,       19.55377,        8.22088,      -0.888801
          68.25,       12.30748,      -8.490631,       9.493305,       -2.63563,        4.85374,       2.431763,       8.922124,      -3.366531
        68.3125,       12.81223,      -4.362449,       9.372474,       -3.79045,       6.140328,       13.46184,       10.01999,     -0.7812383
         68.375,         12.738,       -10.7951,       8.344356,      -5.789356,       4.876537,       4.001286,        8.28498,      -8.380478
        68.4375,       12.68678,      -3.852862,       9.999433,      -3.249632,       5.236545,       11.20491,       10.21167,       2.685026
           68.5,       12.48346,      -6.042073,       8.210468,      -3.152942,       5.534298,       12.82978,       8.740381,      -6.407484
        68.5625,         13.806,      -10.54471,       9.243911,      -6.133842,       5.855787,        4.14373,       10.13862,      -8.109623
         68.625,       12.03057,      -3.880162,         9.3556,     -0.2709717,       4.808969,       8.398836,       8.176325,       1.375339
        68.6875,       12.93379,      -10.35896,       8.870759,      -7.320079,       5.749321,       11.00781,       9.351342,      -2.751009
          68.75,       12.09783,     -0.9469868,        8.81599,       1.173603,       4.782444,       11.36765,       8.998935,       2.668276
        68.8125,       13.74225,      -7.978686,        9.94497,      -4.263154,       5.810546,       9.161785,       9.699341,      -7.476383
         68.875,       12.30689,      -5.844872,       8.293455,      -7.534585,       5.350497,       9.207814,       9.160297,      -1.598035
        68.9375,       12.94539,      -4.404614,       9.644156,       1.697746,       5.195354,       10.91822,       9.272738,      -1.514483
             69,       12.86544,      -11.42349,       8.950222,      -7.845654,       5.512199,       3.232485,       9.064106,      -7.477293
        69.0625,       12.26514,     -0.2164307,        9.03252,      -3.375898,       5.067672,       13.30868,        8.76938,         2.1668
         69.125,       12.89532,      -7.018994,       8.711433,      -1.155747,       5.542507,       11.61765,       9.100745,      -5.829332
        69.1875,       14.18126,      -6.418903,        9.80693,       -5.38403,       5.529577,       1.945598,       10.11005,     -0.2067771
          69.25,       12.35659,      -2.277112,       9.030013,       2.279005,       5.033148,       19.78075,        8.92745,      -3.773148
        69.3125,       13.32917,      -11.19633,       9.479325,      -9.067326,       5.936338,       6.853904,       9.665208,      -5.780332
         69.375,       13.44023,      -5.441343,       9.188352,      -2.375368,       5.394146,       4.734501,       8.971068,      -3.405683
        69.4375,       12.89569,      -6.488504,       9.234657,      -5.935294,       5.865803,       12.39164,        9.21678,      -5.512451
           69.5,        13.8645,      -5.494026,       9.656039,       -1.06951,        5.24676,      0.5069934,       9.709983,       3.146735
        69.5625,        13.3947,      -7.975762,       9.609878,      -3.756821,       5.475689,       10.99146,       9.828789,      -5.601322
         69.625,       12.64497,      -7.937254,       9.198835,      -5.091555,        5.51026,        11.7266,       9.384728,      -3.181974
        69.6875,       12.99658,      -4.975694,       9.454604,      -2.058284,       5.338886,       8.056987,       9.217534,      -4.437181
          69.75,       13.26559,      -3.733175,       9.660988,      -1.448763,       5.665469,       10.55898,       9.090119,     -0.6684045
        69.8125,        12.9447,      -7.360955,       9.688425,      -6.405744,       5.474558,       6.594727,       9.483814,     -0.6692984
         69.875,       14.09427,      -7.674365,       9.489916,      -3.451033,       5.425309,        4.77184,       9.948789,      -5.841264
        69.9375,       12.40082,      -8.514607,       9.106078,      -2.988021,       5.033178,       12.97157,       9.192173,       -3.62007
             70,       12.51176,      -2.078571,       9.863287,      -2.226271,       5.504488,       12.70428,        8.82731,      -1.756952
        70.0625,       13.36814,      -5.503547,       9.348155,      -5.494092,       6.075301,       8.911318,       9.613662,    -0.09357659
         70.125,       12.67765,      -3.664751,        9.35586,      0.2546258,       5.346982,       3.852143,       9.599682,      -2.880714
        70.1875,       12.60448,        -4.8242,       9.510606,      -7.067664,       4.954774,       6.812088,       9.263572,      -6.400757
          70.25,       14.22008,      -1.791354,        9.65429,     -0.1502237,       5.319996,        15.8118,        9.70658,      -3.841255
        70.3125,       12.94048,      -3.338968,       10.62501,      -4.296857,       6.486984,       12.02376,       9.166118,      -2.510478
         70.375,       12.84974,      -4.114224,       8.646859,      -6.939222,       5.348626,     -0.6299353,       8.542928,      -2.432512
        70.4375,       14.57738,     -0.5043895,       10.36688,       -5.56679,       5.207643,       8.811492,        10.6049,      -1.274403
           70.5,       14.77471,      -2.916561,       9.458633,     -0.9518222,       5.742311,        15.4922,        10.3382,      -3.893487
        70.5625,       12.99009,      -1.138443,       9.280056,      -1.499473,       5.292613,       9.335713,       8.202184,      -1.809464
         70.625,       15.90743,      -2.670471,       11.04133,      -5.097809,       6.617811,       11.79853,       11.25498,       -1.94577
        70.6875,         14.125,      -6.045683,       9.314298,      -2.997438,       5.364648,       2.122918,       8.466754,      -7.726548
          70.75,       14.11257,      -4.489357,       9.611528,      -4.244529,        4.91556,       9.297284,       9.662674,      0.7296087
        70.8125,       15.37756,      -4.863932,       10.84364,      -3.915707,       6.355924,       10.43015,       10.30632,      -2.573273
         70.875,       14.33366,      -2.562097,       9.020762,     -0.6407783,       4.848563,       12.06675,       9.426162,      0.6330372
        70.9375,       14.51241,      -9.178457,       10.55066,      -4.941574,       6.173058,       9.018934,       10.01526,      -5.836286
             71,       14.82374,      -1.495294,       9.815596,       1.854473,        6.02806,       14.38293,       9.689771,     -0.4658713
        71.0625,       14.41275,       -8.97693,       10.44659,      -7.256622,       5.714647,       2.106106,       9.213718,      -7.067394
         71.125,       14.13838,      -9.660708,       9.603517,      -6.682617,       5.487341,       10.87962,       9.809226,      -4.669596
        71.1875,       14.27197,      -6.128119,       10.07061,      -4.719923,       5.848344,       3.157402,       9.066687,      -2.708741
          71.25,         13.529,        -7.2735,         9.1731,      -7.363353,       5.371926,       7.647672,       9.459288,      -6.027818
        71.3125,       14.86232,      -3.475811,       9.865227,       1.166424,       5.253205,       11.89421,        9.60827,       1.020594
         71.375,       14.28191,      -6.679152,       10.63326,      -1.816263,       6.080956,       13.35871,       10.21606,      -5.722566
        71.4375,       14.04424,      -6.203651,       10.30146,      -4.694687,       5.713852,       1.754758,       9.157144,      -4.468036
           71.5,       14.88142,      -5.647638,       10.04082,      -4.066229,       6.198986,       13.17803,       9.680748,       -2.21131
        71.5625,       14.56939,      -7.319114,       9.789965,      -9.803834,       5.552166,     -0.2543386,       9.771558,      -5.366359
         71.625,       14.43185,     -0.3730598,       10.18746,       7.129878,       5.361905,       16.85931,       10.29353,       4.601396
        71.6875,       15.11962,      -9.591325,       10.83227,      -7.098872,       5.816903,       8.577653,       10.00721,      -8.849713
          71.75,       14.44324,      -3.270304,        9.99141,      0.3089045,       6.170175,       12.95267,       9.321555,     -0.3156524
        71.8125,         15.164,      -7.701915,       11.19185,        -4.9455,        6.42487,         8.9845,       10.53921,      -1.666984
         71.875,       13.28951,       -3.61506,       9.480318,      -4.653157,       5.016197,       3.265242,       9.335156,      -1.412883
        71.9375,       14.82455,      -1.342073,       10.28019,     -0.4330094,       5.907162,       8.433588,        9.93951,      -3.397889
             72,       15.23441,      -9.868824,       10.65761,       -5.00915,       6.152391,       13.59237,       10.34317,      -5.162476
        72.0625,       14.53042,      -2.860333,       10.40988,       -1.76769,       5.959674,       11.67542,       9.215122,       -3.91466
         72.125,       13.92768,      -5.315656,       10.28173,      -1.432745,       6.174022,       3.705869,       9.520126,      0.7383846
        72.1875,       15.46641,      -7.595895,       11.08841,       -12.3441,       5.506614,      -1.453268,       10.21559,      -7.045997
          72.25,       14.18617,      -2.944871,       9.563087,       3.540236,       5.208549,        14.4576,       10.07438,      0.3337347
        72.3125,       15.24187,       -7.35516,       10.70376,      -8.271714,       5.959371,       12.71191,       10.18311,      -9.530416
         72.375,       14.52178,      -5.093497,       10.54768,     -0.3686921,       6.640486,        7.86813,       9.798574,      -2.573842
        72.4375,       14.89671,      -5.600938,       10.73321,      -4.677609,       5.972246,       5.483511,       9.397449,      -4.697486
           72.5,       14.58462,      -4.960957,       10.18001,      -4.374506,       5.699843,       5.582735,       9.852347,      -1.829109
        72.5625,       14.58347,      -6.497213,       10.61348,      -4.735846,       5.367354,       4.280199,       9.978063,      -6.921097
         72.625,       15.36284,      -3.737473,       10.11968,      -4.585537,       6.103741,       11.62761,       10.24296,      -1.125658
        72.6875,       15.23926,      -4.152607,       11.14315,      -2.410189,       6.371047,        12.3878,       9.493292,      -4.170245
          72.75,       15.32367,      -5.280356,       10.84693,      -1.684985,       5.752133,       8.800756,       10.37032,       -4.27306
        72.8125,       15.77158,     -0.2348541,        10.9292,     -0.1788962,        6.65073,       6.876669,       9.696773,       2.262944
         72.875,       16.07818,      -9.956962,       10.85351,      -8.136724,       5.983131,       8.476445,       10.19138,       -6.65726
        72.9375,       14.83248,      -3.331306,       10.88488,      -1.659758,       5.702653,       5.896237,       10.24195,      0.8898479
             73,       15.02285,     -0.7747231,       9.932997,      -1.408182,       5.415093,       19.57613,       9.729712,      -1.610815
        73.0625,       16.49883,      -9.364832,       11.10178,      -4.103941,       7.137052,       4.552693,       10.45562,      -4.295175
         73.125,       15.42268,      -5.468788,       11.05399,      -2.867819,       5.925602,       9.109683,       9.715502,      -4.907125
        73.1875,       15.93547,      -5.863361,       11.00714,      -4.268397,         6.0704,       7.040793,       9.712575,      -3.252485
          73.25,       15.34651,      -10.19449,       10.50513,      -5.067515,       6.233312,       6.779238,       10.34223,     -0.6056139
        73.3125,       14.88519,      -9.611432,       10.67483,      -5.058371,       5.412695,       -2.29743,         9.5825,      -7.643737
         73.375,       15.08237,      -4.452167,       11.20186,      -3.251918,        6.23447,       16.60945,       11.09032,      -1.208083
        73.4375,       15.69037,      -7.252417,       10.93586,       -2.61127,        5.86765,       10.61647,       9.806445,      -5.918687
           73.5,       14.46519,      -7.275795,        10.9883,      -3.383412,       6.230652,        6.83837,        9.60942,      -3.464766
        73.5625,         15.674,      -4.826147,       11.68137,      -3.736937,       7.024329,       9.786109,       10.94212,     -0.2363783
         73.625,       14.31105,      -5.517079,       11.02289,      -3.751275,       5.217769,       2.779069,       9.900406,      -6.512905
        73.6875,        14.4559,      -1.253863,       10.11274,      -4.467292,       6.058109,       12.76965,        9.91474,    -0.07784498
          73.75,       16.43163,      -4.316103,       12.38716,      -2.395621,       6.672729,       11.83448,       11.47231,      -7.678379
        73.8125,       15.20762,       1.443305,       10.72822,     -0.2558885,       6.498636,       6.636958,       9.366769,      0.6611794
         73.875,       15.73944,      -3.607933,       11.76302,      -6.862513,       5.739317,       2.487553,       10.19397,      -4.340941
        73.9375,       16.33296,       1.256379,       10.86645,      -3.185057,       6.284286,       11.80726,       10.63431,      -2.145555
             74,       17.08722,        -2.1442,       11.03625,       -3.17235,       6.404322,       10.61862,       10.29995,      0.5917102
        74.0625,       16.57943,      -4.732176,       11.68147,      -2.135489,       5.765559,        5.92486,       10.21704,      -7.287184
         74.125,       16.55789,      -6.436279,       10.79279,       -8.64329,       6.246551,       7.359357,        9.91653,      -4.895258
        74.1875,       16.51142,      -3.062107,       10.75044,      -2.344168,       6.032511,       6.620237,       10.14285,     -0.3281463
          74.25,       17.59199,      -7.124485,       11.74583,      -1.728348,       6.436863,       8.587283,       11.16064,      -4.345238
        74.3125,       16.93511,      -7.313768,       11.41845,      -3.542938,       6.246069,       10.75087,       9.914797,       -6.70574
         74.375,       16.61972,      -6.739971,       11.52677,      -6.143603,       6.409356,       2.506968,        10.1912,      -1.871878
        74.4375,       16.77719,      -7.318795,       11.44536,      0.5052288,       5.886878,       14.91316,       10.37461,      -1.111191
           74.5,       16.34661,      -8.972349,       11.01224,      -7.174219,       6.192446,       4.283595,       10.17603,      -5.778887
        74.5625,       16.10947,      -7.660964,       12.11984,      -3.413972,       6.689484,       12.57249,       10.53357,      -2.054524
         74.625,       16.48618,      -9.009035,       10.74379,      -4.678556,         6.1323,       4.188733,       10.42953,      -2.662078
        74.6875,       15.96783,      -6.565788,       12.49783,       -1.38105,       7.089213,       6.972128,       11.08991,      -7.127296
          74.75,       16.00066,      -6.198492,       11.12382,      -2.769229,       5.886273,       11.59562,       10.02199,     -0.8258354
        74.8125,       16.33459,       -7.40397,       12.53403,      -5.148911,       6.758143,       3.250396,        10.2239,      -3.306017
         74.875,       15.53508,      -3.457196,       11.28471,      0.6502528,       6.147985,       14.59657,       10.94072,     -0.2815905
        74.9375,       17.01038,      -8.297382,       12.33917,       -9.47039,       6.884428,       3.232253,       10.92367,      -6.215398
             75,       15.40522,      -6.976717,       10.93772,      -2.170752,       5.945797,        8.78093,       9.849077,      -4.671909
        75.0625,       16.33167,      -2.325396,       11.84164,      -1.685637,        6.32777,        9.95368,       10.56623,       2.135341
         75.125,       15.33151,      -10.13755,       11.18895,      -6.516984,        6.58993,       4.903609,        10.3623,      -7.106619
        75.1875,       17.00996,      -3.240593,       12.46553,      -3.360144,       5.960663,       6.201051,       10.51108,      -3.872682
          75.25,       15.33325,      -6.886325,       11.06653,      -3.239202,       6.423993,       8.217763,       10.29177,      -4.082644
        75.3125,         17.134,      -5.189489,       12.32298,      -3.252955,       6.854255,       9.364297,       11.21352,      -3.472751
         75.375,       15.50977,       -9.44362,       11.53579,      -6.300627,       5.652885,       4.892772,       9.566645,      -5.486882
        75.4375,       16.04477,      -3.432211,       11.63816,      -5.161024,        7.18009,       8.379103,       10.73675,      -1.829374
           75.5,       15.56304,       -7.71854,       12.07226,      -4.243708,       5.793383,       5.726646,       10.75861,      -7.699008
        75.5625,       16.83387,      -4.115254,       11.47413,       -2.86055,       7.119638,       12.96014,       10.77073,      -3.742923
         75.625,         14.918,      -5.550862,       12.13849,      -5.217571,       6.434498,       1.649871,       10.00884,      -6.288937
        75.6875,       16.36936,       1.297027,       11.88317,     -0.8904042,       6.332907,       9.826067,       11.00984,       2.555516
          75.75,       16.19865,      -1.989381,       12.31691,      -1.827652,       6.484083,       12.23438,       10.55898,      -6.461543
        75.8125,       17.19602,      -3.355001,        12.0465,      -4.696948,       7.073303,        6.42099,       10.78506,        1.21935
         75.875,       15.85613,       2.547987,       12.09406,      -2.770345,       6.071862,       10.83658,       10.77154,      -2.595396
        75.9375,       16.66046,      -4.814562,       11.96696,      -3.052108,       7.028726,       2.000493,       10.61638,       -7.58953
             76,       18.30634,       3.437718,       13.03013,      -4.073346,       6.265015,       14.68542,       11.54145,       2.248531
        76.0625,       17.52468,      -2.302231,       11.83494,      -2.212926,       7.357258,       6.055684,        10.6179,      -6.807084
         76.125,       17.42437,      0.2452114,       12.41616,      -4.360712,       5.925447,       6.052423,       10.88061,      0.2493573
        76.1875,       16.77947,      -1.671438,       11.56808,      -3.404463,       6.329954,       10.59979,        9.98396,      -10.49461
          76.25,        18.5794,      -3.565091,        11.8877,      -6.202051,        6.78799,       3.756114,       11.02862,      -1.808974
        76.3125,        18.3238,      -3.275647,       12.34003,      -4.688987,       6.180701,       7.485509,       10.29238,      -7.713426
         76.375,       18.23133,      -6.423543,       12.47311,      -6.626845,       7.247185,       4.730937,       10.95033,       -3.69937
        76.4375,       18.30593,      -3.821272,       11.61241,      -1.744562,       6.166987,       8.916276,       10.46091,      -4.618323
           76.5,       17.75449,      -7.249461,       12.46396,      -7.746495,       6.190115,       4.705173,       10.55713,      -6.723703
        76.5625,       17.68062,      -2.535768,       11.68174,      0.1698234,       6.539152,       15.14664,       9.968516,     -0.4672023
         76.625,       19.59086,      -5.740662,       13.34755,      -4.899378,       7.718411,        2.70951,       11.86693,      -2.054924
        76.6875,       17.47851,      -5.030127,       11.88354,      -4.270141,       5.612848,       7.839505,       10.66221,      -6.760764
          76.75,       18.47394,      -5.277255,       12.79701,     -0.5199919,       7.136638,       10.76648,       10.93043,       2.342152
        76.8125,       17.84279,      -5.815899,       12.28628,       -5.14592,       6.730348,        7.08421,       10.48994,      -8.739398
         76.875,       18.95407,      -6.281129,       13.13281,      -2.572846,       6.990979,       9.797453,       11.08692,      -1.048126
        76.9375,       17.25591,      -3.953441,       12.50773,     -0.3197202,       6.451207,       7.013882,       10.91471,       1.800749
             77,       19.21882,      -1.830635,       13.26322,      -3.199762,       7.064053,       9.609342,       11.43791,      -1.082083
        77.0625,       17.46613,      -4.958978,       12.48678,      -4.085761,        6.60964,       11.42607,       11.07502,      -2.860087
         77.125,       20.49039,      -8.925816,       13.20114,      -5.694578,       7.875857,       1.704378,       11.95778,        -6.0653
        77.1875,       16.16264,      -9.165585,       11.93821,      -6.088573,       5.672028,        8.28715,       9.769398,      -11.75435
          77.25,       18.01766,       -3.30448,       12.57843,      -2.915847,       7.149765,       5.374143,       11.04142,       1.968358
        77.3125,       17.50475,      -6.023574,       12.37486,      -3.828937,       6.161962,       4.206969,       10.32258,      -5.725747
         77.375,       18.89097,       -7.50552,       13.08538,      -3.960166,       6.783918,         12.812,       11.52086,      -4.421464
        77.4375,       17.42682,       -2.66308,       12.96467,      -1.705177,       7.266182,       9.929208,       10.92825,      0.3273964
           77.5,       17.35915,      -8.936289,       12.05267,       -9.15511,       6.391465,     -0.4622036,       10.84203,      -13.36419
        77.5625,       19.38033,      -4.015788,       13.74176,      -1.795112,       7.508135,       11.60928,       11.45413,      0.5863243
         77.625,       18.15678,      -3.027948,       12.76206,      -4.612395,       6.565401,       4.271147,       10.74637,      -4.153046
        77.6875,       17.76774,       -5.35171,       12.73422,       -5.04429,       7.408283,       10.74199,       10.66009,      -4.084528
          77.75,       18.28661,     -0.4921372,       12.62273,       1.683813,       6.008112,       7.790427,       11.00529,       3.855796
        77.8125,       20.79339,      -3.004813,       14.30851,      -3.605864,       8.175503,       9.205503,       13.28627,      -4.545824
         77.875,       17.06444,      -2.976117,       11.96105,       -2.22789,        6.01441,       7.398864,       9.790213,      -4.148463
        77.9375,       20.07761,      -5.687757,       14.09385,      -4.414505,        7.73466,       5.890553,       11.12817,      -5.199839
             78,        19.0201,      -5.042418,        12.2521,      -4.741855,       6.579183,       6.845431,       10.91492,     -0.4194634
        78.0625,       19.27387,      -2.844873,       14.30602,       1.476228,       7.250044,       9.511915,       11.84738,       1.652792
         78.125,       19.35099,      -7.704139,       12.96714,      -9.659385,       6.585642,       5.237501,       11.52032,      -8.272773
        78.1875,       18.30811,      -5.631979,       12.59583,      -3.452657,       6.951247,       7.758265,       10.84447,      -2.053175
          78.25,       19.52781,      -5.265666,       12.92263,      -2.465672,       6.965397,       6.780992,       10.86917,      -6.784621
        78.3125,       19.37016,      -8.901196,       13.71698,      -3.600445,       6.887057,       7.710803,       11.44794,      -1.928651
         78.375,       17.96868,      -7.493472,        12.9851,      -4.270991,       6.982625,        7.44269,       10.90905,      -3.779423
        78.4375,       19.10098,      -8.893031,       13.50156,      -6.218275,       7.204068,       0.770789,       11.71316,      -5.658025
           78.5,       18.31503,      -6.445375,       12.96012,      -5.245954,       6.716669,       11.97881,       10.50303,        -6.6951
        78.5625,       19.06491,      -5.483692,       13.81368,      -1.048052,        7.27949,       7.606975,         11.691,       -2.57709
         78.625,       18.12183,      -4.703947,       13.21633,      -4.656438,       7.280579,       8.781556,       11.29059,      -2.498407
        78.6875,       20.20309,       -5.57283,       14.91261,       -4.13648,       7.573193,       3.364213,       11.48472,      -3.259656
          78.75,       18.38633,      -2.981555,       12.32012,      -2.339506,        6.48243,       11.17957,       11.76169,      0.8262947
        78.8125,       18.86708,      -3.691647,       14.28353,      -2.088486,       7.752552,       10.48359,       11.46916,      -4.225478
         78.875,       19.45949,      -6.073168,       13.42993,      -6.648233,        6.88837,       1.211684,       11.33277,      -7.560166
        78.9375,       19.16441,      -1.099171,       13.51727,      -1.154524,       7.459804,        12.2484,       11.41752,       1.546163
             79,       19.90811,      -5.755301,       14.40337,      -2.414801,       7.192195,       4.208359,       11.59471,      -4.890603
        79.0625,       19.40012,      -1.430466,       13.58926,      -3.104785,       6.832643,       11.69642,       11.90407,       1.183339
         79.125,       19.48643,      -6.928537,       13.27926,      -4.612933,       7.701154,       5.762867,       10.64135,      -7.239798
        79.1875,       18.83087,      -4.501973,       13.46707,      -3.879684,       6.913234,       6.367189,       11.79588,      -1.437002
          79.25,       20.60884,      -5.647387,       14.31814,      -2.999409,       7.415963,       4.525631,       11.30626,      -5.218035
        79.3125,       18.84244,      -9.380007,       13.82691,      -7.412293,       6.272532,       8.098053,       11.61603,      -6.473671
         79.375,       19.56354,      -4.302712,       13.71344,      -2.863193,       8.273514,       8.069591,       11.32011,      -1.231766
        79.4375,       19.32503,      -9.163017,       13.99805,      -4.940482,       7.170265,       3.544236,       11.57211,      -7.302604
           79.5,       18.70838,      -2.117063,       13.85189,       -6.04546,        7.07114,       6.021013,       11.36238,       -3.15089
        79.5625,        19.9676,      -3.257738,       13.78679,      0.2722369,       7.132707,       8.858983,        11.8492,       2.870759
         79.625,       20.51645,       -7.40463,       14.99541,      -5.414757,       7.790065,       9.411781,       12.61552,       -10.1655
        79.6875,       18.97142,      -1.941563,       13.38591,      -5.611977,       7.427339,       3.861801,       10.98013,      -4.420439
          79.75,        20.9106,      -3.511697,       14.74024,     -0.5006022,       7.715923,       12.16714,       12.37452,       0.430787
        79.8125,       19.75044,      -4.477259,       14.32625,      -6.148986,       7.160239,      0.4322976,       11.70641,      -5.171833
         79.875,       20.62072,     -0.3979183,        13.9404,      -2.815502,       7.894214,       12.20695,       12.06436,      -1.416662
        79.9375,       21.22924,      -5.329562,        14.9422,      -2.110947,       6.982511,       6.346346,       11.71813,      -4.564829
             80,       19.67772,     -0.3341527,       13.60393,       -2.30416,        7.47567,       9.611479,       11.78059,      -2.486607
        80.0625,       20.83906,      -5.205252,       14.45817,      -3.757992,        7.16416,       6.618077,       10.64537,       -2.81427
         80.125,       21.31415,      -5.765229,       14.56216,       -3.73061,       7.836246,       5.764665,       12.81203,      -2.758927
        80.1875,       20.35505,      -4.559737,        14.0029,       -4.93166,       7.033959,       10.35226,       10.75218,      -2.409827
          80.25,       21.10719,      -8.953832,        14.8215,      -8.111109,       8.107689,        1.37882,       12.65675,      -8.963627
        80.3125,       21.32344,      -5.411402,       13.75095,      -1.412184,       7.273091,       10.21576,       11.59627,     -0.2132577
         80.375,       20.01369,      -3.888748,       14.18539,     -0.7442901,       7.428835,        6.01385,       11.77756,      -3.445603
        80.4375,       21.12241,      -8.142258,       15.72895,      -7.246633,       7.761454,       5.882925,       12.03341,      -4.721082
           80.5,       19.97062,      -7.230552,        13.1754,      -4.319846,        7.04786,        1.14698,       11.22892,      -6.159341
        80.5625,       21.22533,      -7.395234,       15.21666,      -6.796055,       7.268426,       10.88093,       12.31243,      -5.357824
         80.625,       21.44516,      -5.094464,       14.71444,      -3.492779,       8.186874,       6.782861,       12.25699,      -1.352456
        80.6875,       21.00567,      -6.928826,       14.70497,      -3.302482,       7.339349,       8.577795,        12.1023,      -4.125659
          80.75,       20.70629,      -2.063559,       14.43841,      0.2955401,       7.736735,        10.4302,       11.65801,     0.07688034
        80.8125,       22.32337,      -10.28784,        15.6667,      -6.285615,       8.200076,       6.218308,       12.78296,      -6.330739
         80.875,       19.61861,      -5.475497,       14.37394,     -0.6099495,       7.584695,        6.02434,       11.41021,      0.3226797
        80.9375,       20.87949,      -5.544313,       14.97303,      -5.138967,       7.260546,       11.16901,       12.14332,      -2.979069
             81,       21.61678,      -6.002779,       15.08289,     -0.9678605,        8.13748,       9.374002,       12.74141,      -1.255469
        81.0625,       19.43137,      -9.209559,       14.84528,      -4.940129,       7.995417,       1.549949,       11.35044,      -5.269586
         81.125,       20.25786,        -4.5905,       14.53973,       -3.66569,       6.872298,       11.50112,       12.26179,     -0.4195396
        81.1875,       20.21952,      -6.724294,       14.90537,      -1.726359,       8.216196,       7.356471,       12.18933,       -4.15119
          81.25,       20.00728,      -4.778223,       15.23648,      -3.110372,       7.492381,       6.302965,       12.03882,      -1.407895
        81.3125,       20.55649,      -10.32302,       15.30244,      -10.93868,       7.796413,       1.582613,       12.61399,      -8.635747
         81.375,       20.76298,      -1.156931,       14.85152,     -0.3381325,       8.364545,       10.26336,       12.34234,      -2.144671
        81.4375,        19.5048,      -8.066366,        14.9672,      -5.998882,        7.09055,       3.559061,       11.79181,      -7.839972
           81.5,       20.85314,      -6.239266,       15.31166,      -7.288532,        7.88183,        5.51363,       11.94523,      -5.204005
        81.5625,         21.783,      -1.808391,       15.93182,      -2.228191,       8.630072,        10.5413,       13.06421,     -0.9215011
         81.625,       20.64934,      -4.068089,       14.88259,      -5.433363,       7.801509,       1.512909,       12.50076,      -6.952331
        81.6875,       20.73559,      -2.716337,       14.90071,      -2.576254,       7.332554,       6.162811,       11.79059,      -2.571554
          81.75,        21.6399,      -4.438476,       15.31021,      -5.047933,       8.252427,        11.1489,       12.31624,      -3.946844
        81.8125,       21.48523,      -1.691187,       15.43186,      -2.147916,       7.747904,       4.647606,       12.26729,      -3.879938
         81.875,       22.46141,      -4.038108,       15.63471,      -3.746953,       8.463211,       8.330536,       12.21617,      -1.962106
        81.9375,       21.27882,      0.7485197,       15.99655,     -0.9121211,       7.500869,       9.514705,       13.20335,       2.630986
             82,       24.51905,      -7.697873,       16.06727,      -8.368009,       8.989213,       5.346115,        13.2243,      -8.692627
        82.0625,       20.70198,       3.145194,       14.74285,       2.501204,       7.235628,       9.775126,       12.11916,       3.689654
         82.125,       21.88509,      -5.818153,       15.83694,      -3.887748,       8.030705,       10.57446,       12.40079,      -6.085612
        82.1875,        22.7926,      -3.603555,       14.99661,      -4.104446,       8.180607,       4.422523,       11.93395,         -2.605
          82.25,       22.54972,      -6.055111,       16.13217,       -4.29051,       8.275113,       3.774212,       12.88722,      -4.198012
        82.3125,       22.83315,      -9.468007,       16.09463,      -8.885183,       7.619256,       3.410339,       13.08457,      -6.572271
         82.375,       22.70007,      -3.996378,       15.43043,      -2.716791,       7.921337,        9.35214,       12.39366,      -6.187402
        82.4375,       21.89823,      -8.178967,       15.89944,      -4.641979,       8.886429,       5.094907,       12.30038,      -4.336213
           82.5,       22.97916,      -6.035097,       15.86981,      -6.301229,       8.020078,       1.634225,       12.33627,      -5.003077
        82.5625,       24.29004,      -6.393852,       17.55205,       -4.91271,       8.284631,       6.767178,       14.69318,      -2.963248
         82.625,       20.97223,      -10.15426,       14.28378,      -7.297972,       7.945749,       7.176305,       11.94801,      -11.08735
        82.6875,       22.05905,      -6.619727,       15.90392,      -4.590209,       8.129786,       1.183234,       12.29295,      -3.359041
          82.75,       23.87675,      -3.585021,       17.27567,      -3.378427,       8.698153,       11.06655,       13.72079,      -2.459701
        82.8125,       21.09753,      -8.147395,       15.00207,      -5.109191,       8.193763,       1.777316,       11.84355,      -5.925066
         82.875,       22.51802,      -1.213242,       16.38781,      -1.224742,       8.010476,       11.44424,       13.17068,     0.08267532
        82.9375,       22.24548,      -1.737703,       16.42886,        0.62243,       8.692477,       10.72281,       12.85311,       -1.40193
             83,       22.39768,      -6.893605,       15.53223,      -6.347224,        7.90128,       1.635335,       12.52791,      -4.287425
        83.0625,       21.95855,      0.9683855,       16.38138,      0.9063903,       8.314216,        11.4994,       12.42301,   -0.005476405
         83.125,       24.22042,      -4.369958,       17.23398,      -7.061379,       8.866363,       5.251009,       13.64865,      -1.552403
        83.1875,       22.58791,      -9.931989,        15.5091,      -7.212893,       8.122895,       3.657919,       12.81173,      -9.219546
          83.25,       22.41473,     -0.7683811,       15.99579,      -0.271374,       8.238894,       7.162196,       12.76496,      -0.402558
        83.3125,       22.66845,      -4.418717,       16.37587,       -2.59166,       7.796368,        6.42695,       12.54888,      -1.666762
         83.375,       23.26839,      -5.468089,        16.6082,      -5.300731,       9.010227,       10.58519,       13.22899,      -6.233323
        83.4375,        23.9032,      -3.682491,       16.98205,      -2.877265,       8.673301,      0.6266468,       13.30078,       -2.18868
           83.5,       25.04839,      -9.534642,       17.92646,      -8.871913,        9.13045,       5.995605,       14.25476,      -6.764142
        83.5625,       21.84363,      -8.526419,       14.98572,      -7.631147,       7.620574,     0.09491382,       12.10026,      -10.73949
         83.625,       23.27914,      -8.500021,         17.611,      -5.881134,       9.333842,       4.428989,       14.06153,      -4.000157
        83.6875,       24.12598,        -2.9015,       16.49987,      -2.621211,       8.499066,       7.253674,       13.02378,      -5.245525
          83.75,       22.86632,      -7.658754,       17.31683,      -6.075694,       8.879271,       1.148931,       13.50467,      -5.310204
        83.8125,       22.85298,      -1.026644,       16.06689,        -2.8278,       7.904325,       12.42533,       12.84973,      -1.221151
         83.875,       22.87884,      -5.556907,       16.89486,      -3.524336,       8.879909,       2.912497,       13.04558,       -6.37861
        83.9375,       23.01502,      -2.609272,       16.29842,       -3.21832,       8.321289,       7.909928,        13.0142,     -0.5266171
             84,       24.37919,      -6.828172,       18.24477,      -5.474284,       9.185288,       1.708892,       14.20477,      -7.633148
        84.0625,       21.34922,      -3.461441,       15.31744,      -3.605147,       7.493366,       8.808738,       11.79956,      -2.750754
         84.125,       24.08045,       1.467893,        17.3513,      -2.057597,       8.917582,       6.016898,       13.39745,      -2.552734
        84.1875,        24.4402,     -0.3999097,       17.49028,     -0.9505014,       9.290817,       11.74914,       13.49684,       4.076928
          84.25,        22.7969,      -4.606947,        16.1476,       -5.66479,        7.55754,       1.720529,       13.31184,      -7.264324
        84.3125,       26.60613,      -5.101709,       18.09755,      -7.243058,       9.798958,       3.099925,       13.68725,      -6.448744
         84.375,       23.16095,      -2.892312,       16.51748,      -3.071997,       7.990608,       4.740942,       13.48709,      -3.850468
        84.4375,       24.97425,       -5.35594,       17.03656,      -6.014997,       8.502812,        6.55526,       12.82417,      -6.997929
           84.5,       25.64171,      -7.361392,       17.88268,      -6.953954,       9.265754,      0.5838135,       13.94313,      -6.508811
        84.5625,       26.07249,      -2.372799,       18.11068,      -2.720718,       9.468372,       7.886851,       13.72641,      -2.086888
         84.625,       24.24093,      -4.946391,       16.47151,      -3.216963,       7.746318,       4.552891,       13.69922,      -1.171448
        84.6875,       26.31048,       -6.17356,       17.98674,      -6.422627,       9.434777,       4.141478,       13.88305,      -8.112037
          84.75,       25.10687,      -8.665717,       17.73981,       -7.19551,       8.365303,       3.972961,       13.73428,      -7.563192
        84.8125,        25.2226,      -6.467165,       17.15555,      -4.604554,       9.107839,       3.341535,       13.33755,      -4.652061
         84.875,       25.52343,      -5.769735,       18.16366,      -3.260867,        8.44537,       8.790472,       14.02887,      -3.303678
        84.9375,        23.4581,      -3.908486,       16.38521,      -2.857729,       8.928882,       6.696979,       12.59932,      -1.875807
             85,       27.38697,      -2.817034,       19.48005,      -0.517316,       9.444345,       6.244924,       15.40907,      0.0056999
        85.0625,       25.10589,      -3.992828,       17.63404,      -3.640858,       8.667416,       9.208022,       13.81112,      -4.306739
         85.125,       24.89435,      -6.788385,       17.67952,      -3.945596,       9.080459,       5.283739,       13.70603,      -3.333755
        85.1875,       23.22342,      -6.396862,       16.58617,      -5.811128,       7.870485,       2.826453,       12.48319,      -5.461165
          85.25,       26.18691,      -7.658288,       18.39274,      -6.912562,       9.210799,       2.616916,       14.45396,      -6.779462
        85.3125,       25.81182,      -5.636404,       19.04588,      -3.638795,       9.253338,       7.164041,       14.61393,      -4.441183
         85.375,       23.15313,      -6.040648,         15.463,      -7.740059,        7.96848,       3.687074,       12.27339,      -3.895833
        85.4375,        27.1111,      -5.395928,        19.0397,      -1.767522,       9.920807,       6.989388,       15.31859,      -4.881402
           85.5,       24.84003,      -10.90351,       17.70016,       -9.66031,       8.313431,     -0.8522889,       13.43552,      -10.20359
        85.5625,       25.48952,      -4.352186,        18.8244,      -1.642545,       9.499942,       7.724938,       14.07136,      -1.265269
         85.625,       25.28391,       -8.64022,       17.77293,       -8.58285,       8.799489,     -0.3489101,       14.23705,      -9.320735
        85.6875,       24.93499,      -10.30413,       17.98904,      -7.603877,       8.655777,       4.243643,       13.60187,       -7.75902
          85.75,       25.44724,      -2.692087,       18.16349,      -3.636866,       9.811427,       7.534632,       13.69049,       -2.14452
        85.8125,       25.52089,      -4.615296,        18.7171,       -1.08584,       8.846114,       3.702551,       14.94331,      -2.713668
         85.875,       25.76641,      -5.891159,       19.04173,      -6.136628,       9.086798,       8.627114,       13.81233,      -5.819143
        85.9375,       24.12002,      -3.469775,       17.03055,      -2.961694,       8.768575,       6.145562,       13.19349,     -0.9639694
             86,       25.64215,        1.18428,       18.71685,     0.06517693,       9.175416,       10.30488,       14.63072,      0.7799103
        86.0625,       25.30144,      -6.179152,       18.74971,       -4.92396,       9.253759,       3.026364,       13.69163,      -4.558375
         86.125,        26.9445,      -3.653361,       18.73923,       -5.30873,       8.876734,       9.886955,       15.56271,       -2.22538
        86.1875,       26.34905,      -3.949981,       19.44044,      -2.626752,       9.783553,       3.697733,       14.43712,      -6.251719
          86.25,       25.07199,      -2.822607,       17.78227,      -3.584612,       8.513711,       8.711602,        13.7248,     -0.5031744
        86.3125,        26.9965,      -5.034311,       19.06934,      -5.625278,       9.569192,       7.209304,       14.61371,      -7.864839
         86.375,       27.02275,      -5.062041,       18.79187,      -5.819054,       10.05262,       1.060963,       15.41345,      -4.227304
        86.4375,       26.33038,      -6.296388,       19.36101,      -6.256833,       8.367769,       5.100841,        14.4801,      -8.255688
           86.5,       27.81127,      -7.761331,       19.05481,      -6.925274,        9.89149,       3.219065,       14.63572,      -8.758256
        86.5625,       26.34325,       -10.7176,       18.82444,      -10.99917,       9.569096,      -1.905909,       14.69034,      -11.90733
         86.625,       27.16117,      -5.422376,       18.69332,      -5.466147,       9.080256,       5.130929,       14.68974,      -5.734628
        86.6875,       27.32756,      -2.470086,       19.89064,     -0.8190724,       9.682381,       8.667097,       14.33869,      -4.905685
          86.75,       27.21798,      -7.872805,       19.15159,      -9.239161,       9.210867,       4.711755,       14.70478,      -6.514656
        86.8125,       26.93699,      -3.177433,       18.46539,      -2.885412,       9.246574,       6.349174,        13.9434,      -5.549543
         86.875,        27.4408,      -8.280391,       19.27496,      -7.984916,       9.582979,       3.268411,       14.75069,      -8.200958
        86.9375,       27.46762,      -3.276796,       19.70275,       -2.56266,       9.794072,       7.371769,        14.3307,      -2.138052
             87,       28.00717,      -3.390089,       19.23319,      -4.159355,       9.163834,       8.006395,       14.88135,      -2.282807
        87.0625,       27.02145,      -3.883224,       18.88776,      -1.546438,       9.814458,       4.970104,       14.12663,      -2.084953
         87.125,       27.00803,      -4.761516,       19.44061,      -3.301865,       9.020431,       10.21513,       14.68904,      -3.041957
        87.1875,       28.09023,      0.8770794,       19.34863,      -1.077201,       9.787446,       9.063882,       15.44764,       2.348798
          87.25,       26.79419,      -6.115701,       19.65599,      -1.933056,        9.76082,        9.98619,       14.81541,      -2.829571
        87.3125,       29.01872,       -7.87297,       19.84984,      -9.013575,       9.384153,      -1.770664,       15.71469,      -10.60806
         87.375,       27.41874,      -8.495248,       20.12239,      -6.327126,       10.45118,       4.995105,       14.96858,      -7.327416
        87.4375,       28.11626,      -5.450812,       19.89934,      -6.169651,       9.726928,       4.481638,       15.86519,      -5.865094
           87.5,       28.20748,      -5.578817,       19.97995,      -4.156223,       9.951703,        7.29392,       15.36472,      -4.961085
        87.5625,       27.92638,      -6.421724,       20.17537,      -6.474103,       10.09037,     -0.3048427,       15.52218,      -8.838525
         87.625,       29.71793,      -6.827248,       20.83876,       -9.11992,       9.694683,       4.611918,       15.68047,       -9.83329
        87.6875,       27.59135,      -8.320107,       19.10287,      -6.617871,       10.15937,       4.312943,       14.92365,       -10.4068
          87.75,       30.66593,      -5.874634,       21.90954,      -6.738823,         10.419,      0.7141367,        16.4688,      -6.880269
        87.8125,       27.28736,      -8.938059,        18.5373,      -8.132085,       9.234267,       2.222921,       14.24874,      -11.22993
         87.875,       29.48561,      -3.462503,       21.03167,      -3.943101,       10.53925,       7.552536,       15.79061,      -3.674695
        87.9375,       30.37214,      -6.959826,       21.17739,      -6.845945,       10.14632,       3.607424,       15.88437,      -10.34983
             88,       28.65866,      -3.363014,       19.89135,      -2.484915,       9.701445,       8.358724,       14.47989,      -1.657926
        88.0625,         28.843,      -1.775413,       20.00839,      -2.689119,       9.924273,       8.266551,       15.26484,      -2.517447
         88.125,       28.66243,      -4.805334,       18.98738,       -3.00649,       9.503631,       7.159732,       14.49418,       -1.89727
        88.1875,       30.87754,      -8.833268,         21.966,      -7.936507,       10.76789,       2.297608,       16.76352,      -8.532785
          88.25,       28.54425,       -5.99476,       19.64587,      -4.282436,       9.433718,        5.19234,       15.17667,      -4.265187
        88.3125,       28.62337,      -6.247946,        19.6584,       -4.96233,       9.992128,       5.080225,       15.23353,      -7.964245
         88.375,       30.53709,      -4.990123,        21.7042,      -3.474161,       10.46335,       6.920551,       15.83053,       -3.21148
        88.4375,       30.06992,      -9.804935,        20.4123,      -6.601361,       9.801529,       2.006152,       15.52967,      -9.138463
           88.5,       29.50822,      -5.354188,       20.81605,      -4.495561,       10.30064,       5.973294,       16.58546,      -3.696822
        88.5625,       31.02666,      -10.63613,       21.53039,      -7.284568,       10.26448,       2.588095,       16.22998,      -9.957707
         88.625,       29.50253,      -10.98412,        20.9596,      -10.21247,       10.57164,       1.987404,       16.06322,      -13.05479
        88.6875,       30.77744,      -7.217963,       21.18391,        -3.5807,        10.4876,       4.264193,       16.23623,      -5.603582
          88.75,       29.93141,      -11.13373,       21.88025,      -8.224824,        10.4828,       2.614646,       16.18802,      -10.62847
        88.8125,        29.8868,      -10.30236,       20.66291,       -9.73187,       10.47872,        0.97234,       15.78031,      -10.65129
         88.875,       30.65181,      -5.846877,        22.1794,      -1.330612,       10.44285,       8.257429,        16.7747,      -4.818962
        88.9375,       29.77695,      -8.310808,       21.77378,      -5.726385,       10.74966,       4.507814,       16.42142,      -7.657303
             89,       29.46883,      -8.173842,       20.53259,      -8.280597,       10.08181,       2.537336,       15.66224,      -6.989943
        89.0625,        29.6552,      -10.20507,       21.69817,      -6.395682,       10.51467,       2.117127,       16.72118,      -12.53498
         89.125,       29.76863,      -4.420381,       21.51439,      -3.790806,       10.47809,       7.964995,        15.8705,      -4.754215
        89.1875,       30.37797,      -8.172281,       21.87243,      -6.518597,       10.09979,       3.607353,       16.67742,      -9.477492
          89.25,       28.60919,      -7.216807,       20.45587,      -5.821708,        10.6092,       6.246521,       15.19161,      -7.141506
        89.3125,        29.7321,      -4.387414,        21.3464,      -4.160673,       10.30074,       5.309203,       16.20619,      -6.088404
         89.375,       29.48743,      -10.32362,       21.35205,      -8.005733,       10.20446,       1.663054,        16.2664,      -12.28436
        89.4375,       32.42396,      -9.561341,       22.83734,       -9.63138,       11.51291,       0.902197,       17.42195,      -11.62835
           89.5,       29.25005,      -9.842339,       21.01628,      -9.116353,       10.12194,    -0.07411331,       16.01198,      -14.32941
        89.5625,       30.06875,      -8.819288,       21.75478,      -6.939091,       10.28774,       2.073846,       15.70645,      -11.41834
         89.625,       29.99883,      -5.672325,       20.96759,      -4.830043,       10.58745,       6.206493,       15.53964,      -6.783141
        89.6875,       34.68455,      -7.698614,       25.20926,      -8.607383,       11.77991,      0.3301177,       18.67748,      -11.03429
          89.75,       29.28969,      -9.759423,       20.50918,       -7.68913,       9.816423,       6.554068,       15.44289,       -9.84247
        89.8125,       32.63525,      -10.74997,       22.74833,      -10.07269,        11.2526,       -3.95094,       17.74863,      -13.46275
         89.875,       30.20684,      -9.221949,       21.42604,      -6.576013,       10.67139,        7.97681,       16.19971,       -11.7719
        89.9375,       33.41986,      -5.365529,       24.12427,       -4.09507,       11.59583,       3.080006,       16.68165,      -8.603888
             90,       29.12951,      -6.863736,       20.99746,       -7.11407,       9.947437,       7.073275,       16.30548,       -6.13454
        90.0625,       32.43641,      -5.927009,        23.1154,      -4.376879,       11.76563,       5.064936,       17.46833,      -9.481382
         90.125,       30.65816,      -7.057966,       22.25932,      -4.710313,       10.10552,       1.748896,       16.78354,      -8.376189
        90.1875,       32.84356,      -7.021036,       23.01665,      -7.348963,       11.35542,       8.226239,       16.98512,      -12.36936
          90.25,       31.81772,      -8.425097,       22.98114,      -6.108272,       10.92389,      0.3351679,       17.40153,      -10.54972
        90.3125,       31.00632,      -10.99342,       22.05022,      -11.46443,       10.54362,       3.615937,       16.75693,      -16.49932
         90.375,       34.48581,      -10.45438,       23.67318,      -8.724227,       11.52028,      0.5053483,       17.50603,      -15.11082
        90.4375,       30.27509,       -13.0266,       21.84165,      -11.05244,       10.95991,       1.833391,       15.40681,      -16.53516
           90.5,       31.50265,      -8.580456,       22.08967,      -7.796283,       10.94664,      0.1222997,       16.85966,      -13.17745
        90.5625,       32.13942,      -12.81345,       23.01195,      -9.350243,       10.76759,       1.670595,       16.61631,      -17.70942
         90.625,       32.11954,      -10.77422,       22.72684,      -9.534225,       11.10693,       1.238453,       16.39024,      -15.95179
        90.6875,       32.14199,      -17.03327,       22.75585,      -13.73176,       11.09656,       -3.30381,       16.59704,      -23.00909
          90.75,       30.55982,      -9.784901,       22.35314,      -9.202454,       11.21926,       1.862534,       14.80822,      -13.14957
        90.8125,       30.82999,      -11.81205,       22.08549,      -9.765211,       10.25047,       1.878056,       16.04115,      -15.25622
         90.875,       32.50034,      -5.946775,       23.16236,      -4.736639,       11.67378,       4.834616,       15.89968,      -9.022336
        90.9375,       30.73446,      -13.46814,       22.67261,      -12.26315,       10.79227,     -0.5143765,       15.52262,      -18.57229
             91,       30.54946,      -1.946834,       21.61463,      -1.284425,       10.81103,       10.43493,        15.4334,      -4.293462
        91.0625,       32.60537,      -9.023006,       23.10663,      -6.235432,       11.63292,       2.318576,       16.12416,      -11.26834
         91.125,       30.87855,      -8.223853,       22.72634,      -7.842018,        10.5106,       0.710232,       15.71888,      -10.32845
        91.1875,       33.73587,      -7.790343,        24.1338,      -6.657634,       11.44239,       6.457956,       17.54666,      -11.31166
          91.25,       31.15667,      -8.940206,        22.1234,      -8.297606,       11.12599,       3.618824,       15.62642,      -12.96483
        91.3125,       33.70455,      -7.422486,       23.99922,      -4.622576,       11.91211,       4.488625,       17.45535,      -11.15616
         91.375,       31.16494,      -9.732798,       22.39819,      -7.832125,       10.64199,       2.047127,       15.10732,      -12.29319
        91.4375,       33.29933,      -9.630373,       24.22738,      -7.861732,       11.55528,       4.392395,        17.5438,      -13.82588
           91.5,       32.67789,      -14.48711,       23.09631,      -13.54361,       11.38739,      -1.326248,       16.33782,      -21.84529
        91.5625,       32.41742,      -15.80663,       22.58547,      -12.35993,       11.65577,      -3.318523,       16.49646,      -21.00475
         91.625,       30.17477,      -11.99638,       22.93997,       -9.10595,       10.56163,       1.528724,       14.49156,      -16.95412
        91.6875,       33.51248,      -15.03557,       23.64486,      -13.75599,       12.03192,      -3.119799,       16.15057,      -21.91347
          91.75,       29.89285,      -9.237424,       23.24605,      -6.461728,       11.08599,       4.070782,       15.95487,      -12.25548
        91.8125,       31.24224,      -11.35304,       22.52993,      -11.86959,       11.51062,       2.444457,       14.66466,      -18.29871
         91.875,       32.13435,      -6.578278,       23.43083,      -5.916929,       11.70372,        1.87484,       16.22127,      -10.55599
        91.9375,       30.53884,      -10.68909,       22.70882,      -8.807382,       10.61064,      0.5854058,        14.3875,      -20.69479
             92,        32.6078,      -9.778625,       24.03798,      -10.06472,        11.7911,       3.537237,       14.65794,      -13.70932
        92.0625,       30.03881,      -6.935555,       21.96651,      -7.290731,       11.29024,       1.459158,       14.70643,       -11.1739
         92.125,       31.94043,      -6.200615,        22.8659,      -6.169347,       10.86406,        3.55787,       14.19485,      -7.465445
        92.1875,       31.42419,      -2.755956,       22.81399,      -2.463136,       11.44922,        8.13491,       14.35342,      -4.743433
          92.25,       34.82267,      -3.677297,       24.72068,      -4.474565,        11.4962,       4.932978,       17.17698,      -6.253062
        92.3125,       32.11346,      -6.867861,       22.92931,      -6.215471,       11.45105,       6.102405,       15.06188,      -7.641791
         92.375,       34.66713,      -9.724183,       24.05194,      -8.368993,       11.75105,     -0.4245287,       16.74183,       -13.7667
        92.4375,       32.44775,      -9.238152,       23.08748,       -8.55396,       11.25123,       3.938578,       14.69269,      -11.30141
           92.5,       34.21682,        -9.5071,       24.41746,      -6.198795,       11.72589,       2.413271,       16.34158,      -9.690446
        92.5625,        32.3578,      -11.48464,         23.918,      -9.949335,        11.5404,     -0.5441909,        16.2188,      -11.82119
         92.625,       35.53177,      -9.213847,       24.86486,      -9.040817,       12.58233,       5.107804,        17.8205,      -12.79247
        92.6875,       34.52672,      -12.80869,       24.68182,      -9.430299,       12.08341,      -1.602644,       16.52231,      -17.59571
          92.75,       30.46674,      -10.81241,       23.03958,      -7.226878,       10.94667,      0.9033062,       14.86582,      -15.61422
        92.8125,        34.5418,      -10.12666,       25.22179,      -10.80072,       13.06807,       5.037747,       15.54211,      -15.55675
         92.875,        32.0675,      -8.214356,       23.85857,      -6.721969,       11.59167,      -3.299047,       15.46483,      -7.298717
        92.9375,       35.72551,      -7.665277,       26.16236,      -7.851096,       12.76136,       3.549914,       18.23692,      -13.75574
             93,       32.07019,      -10.68426,          23.44,      -9.878162,          11.48,       1.535046,       14.25685,      -16.05102
        93.0625,         32.681,      -4.745687,       24.13411,       -5.82613,       11.38577,       3.961304,       15.17338,      -8.191702
         93.125,       33.02011,       -4.86067,       23.84499,      -4.697561,       11.95749,       6.302367,       14.49346,       -10.4623
        93.1875,        33.4239,      -4.970701,       24.67102,      -7.326967,       12.27817,       4.551838,       15.11535,      -5.612065
          93.25,       34.54054,      -2.601542,       24.02369,      -1.865091,       11.85597,       3.709304,       15.40449,     -0.9823885
        93.3125,       33.34373,      -10.33022,        23.7012,      -9.805158,        11.8059,     -0.6339917,       15.70279,      -13.23227
         93.375,       33.22214,      -6.429775,       24.01733,      -6.772204,       10.88533,       2.455437,       14.95069,      -8.705865
        93.4375,       35.99139,      -8.235744,       25.49018,      -6.702978,       12.91367,        4.23693,       16.67945,      -9.118031
           93.5,       33.83117,       -4.81459,       24.23256,      -4.730331,       11.56834,       4.988151,       14.74056,      -5.399238
        93.5625,        34.7884,      -9.299214,       24.50446,      -9.051518,       11.80208,      0.3401912,       16.39048,      -9.666355
         93.625,       36.73739,      -6.802932,       25.73479,      -3.888295,       13.01087,        4.95702,       16.37959,      -5.242653
        93.6875,       37.08517,      -11.30774,       26.92389,      -11.26274,       12.76759,      -1.941224,       18.42959,      -11.71917
          93.75,       35.26336,      -12.30104,       25.43167,      -11.44842,       11.71803,     -0.5599412,       16.43681,      -16.93853
        93.8125,       35.23041,      -8.142534,       23.83374,      -5.499438,       12.95546,       6.087632,       15.73439,      -7.378939
         93.875,       33.94762,      -5.365561,       25.53964,      -3.261206,       11.84724,        2.66154,       15.33296,      -4.960315
        93.9375,        38.8399,      -6.905938,       27.77599,      -7.828506,       13.72391,       3.720357,        18.2392,      -7.939062
             94,       36.28743,      -6.533065,       26.10459,      -3.000952,       12.81383,       3.906147,       17.97247,      -3.081596
        94.0625,       36.16433,      -8.232023,         26.089,      -7.991245,       12.04365,       3.396259,       16.57698,      -11.62082
         94.125,       35.61758,      -9.725962,       25.49695,      -8.506402,       12.80803,       1.246606,       17.53075,        -11.291
        94.1875,       34.78516,      -4.920238,       25.39946,      -2.131898,       12.22845,       5.657162,       15.33244,      -7.563718
          94.25,       37.09647,      -9.396619,       27.38192,      -9.799707,       13.56535,        3.11859,        17.4495,      -8.664811
        94.3125,       35.15836,       -3.50481,       25.65251,       -0.76016,       11.98023,        6.26757,       16.19449,      -3.301175
         94.375,       36.46878,      -9.700072,       25.80696,      -10.19514,       13.09417,      0.4853156,       17.28562,      -12.37505
        94.4375,       36.06107,      -10.28588,       26.26487,      -6.277799,       12.25205,       3.025593,         16.555,      -11.27024
           94.5,       33.86877,      -9.445822,       24.71936,      -8.341688,       12.07229,       1.195636,       15.32796,      -10.52434
        94.5625,       35.93521,      -10.13681,       26.42483,      -8.901587,       13.01466,      0.3580884,       15.67554,      -10.95585
         94.625,       34.41713,      -6.555918,       25.61685,      -4.304143,       12.43526,       2.934235,       16.57728,      -3.773707
        94.6875,       38.61939,      -12.90475,       28.48056,      -13.65939,       13.83955,     0.04094251,       18.13157,       -13.7149
          94.75,        35.4413,      -6.700341,       25.39985,      -4.099775,       12.20325,      0.4840705,       16.45036,      -7.702731
        94.8125,       35.58722,       -6.69579,       26.14237,      -6.347683,       13.26354,       6.348341,       16.19903,      -6.973536
         94.875,       37.41132,      -9.407263,       27.66562,      -6.884827,       12.92247,       -1.86713,       17.56976,      -8.997458
        94.9375,       38.29752,      -5.931814,       28.06069,      -6.645913,       13.83166,       4.956793,       17.94347,       -4.46848
             95,       37.14407,      -9.129424,       27.68551,      -8.141572,       13.37369,     -0.9950495,       18.01448,      -9.243448
        95.0625,       35.10477,      -6.962873,       25.79222,      -6.840425,       12.29715,       3.640273,       16.19687,      -7.366917
         95.125,       38.25467,     -0.5281427,       28.54037,      -1.163576,        13.7778,       8.757174,       18.56007,      -3.226454
        95.1875,       37.44151,      -4.758083,       26.97846,      -5.639083,       13.46851,       2.045441,       17.10616,      -2.943562
          95.25,       37.04614,      -3.606274,       27.08107,      -3.231047,       12.46467,       7.731372,       18.06328,      -5.663357
        95.3125,       39.94725,      -6.921226,       28.82006,      -6.752837,        14.1186,       2.791877,       18.37486,      -8.123413
         95.375,       36.28818,      -4.437509,       26.68552,      -5.003581,       13.04898,       4.898992,       16.69081,      -7.010197
        95.4375,       38.54994,       -8.09981,       27.67762,      -6.596704,         13.399,     -0.4939748,       17.74955,      -7.016147
           95.5,       37.67452,       -8.36058,       27.44309,      -8.412016,       13.19896,        1.72141,       17.38057,      -10.60897
        95.5625,       38.82534,      -5.842471,       28.01125,      -4.689457,       13.27713,       3.902842,       17.90466,      -7.559791
         95.625,       37.59834,      -10.80599,       28.35892,      -10.92894,       13.61848,      -1.417266,       17.61505,      -12.34923
        95.6875,       40.42707,      -5.812691,       28.13623,      -5.747451,       13.89874,       5.845271,       17.68482,      -7.643017
          95.75,       37.69512,      -8.548637,       28.05907,      -7.839146,       13.38124,      0.2454647,       17.45139,      -8.825817
        95.8125,       39.20799,      -11.46069,       27.97549,      -10.17431,       14.00395,     -0.9784731,       17.18623,       -13.4585
         95.875,       37.76585,      -8.184339,       28.34267,      -6.830145,       13.29497,      0.6894714,       17.82119,      -6.495843
        95.9375,       41.19735,      -8.406806,       29.82256,      -9.290303,        14.5027,       2.036111,       18.56389,      -9.421432
             96,       37.16737,      -3.061915,       27.60295,      -2.403337,       13.24414,       5.937253,       17.40954,      -1.596401
        96.0625,       39.73632,      -5.720378,       29.02159,      -5.725251,       14.21835,        2.92638,       18.18143,      -6.002585
         96.125,       40.25019,      -5.505351,        29.2291,        -6.3725,       13.81043,       1.674378,       18.75397,      -5.452542
        96.1875,       38.77393,      -5.177753,       28.15171,      -5.277794,       13.60707,        4.79491,       17.80235,      -4.611074
          96.25,       41.90296,      -4.789507,       31.03353,       -4.62855,       14.76005,       4.331061,       19.27678,      -4.724401
        96.3125,        38.3555,       -4.39906,       27.48947,      -6.452352,       13.14797,       1.342567,       18.23141,      -4.392835
         96.375,       40.11895,      -3.005886,       29.34122,      -1.853075,       13.93377,        7.57108,       18.49725,      -2.882078
        96.4375,       41.74496,       -5.47588,       29.85161,       -6.83131,       14.52799,       1.587262,       19.20266,      -7.323311
           96.5,       40.99392,      -9.042916,       29.55906,      -7.302165,       13.56725,        1.91033,       19.21772,      -8.691751
        96.5625,       43.09076,      -3.533873,       31.15052,      -4.238608,       15.22931,       6.812048,       19.59623,      -4.742769
         96.625,       38.39184,      -9.265493,       28.19186,      -7.898704,       13.50129,     -0.9547862,       17.54556,      -10.41733
        96.6875,       42.02503,      -7.876523,       30.00239,        -7.7817,       14.50416,       2.013845,       19.20723,      -7.794205
          96.75,       41.54878,      -10.18715,       30.77687,      -9.206682,       14.61168,      0.3475025,       19.44163,      -10.93952
        96.8125,       40.44218,      -7.991827,       29.28289,      -8.587661,       14.42339,       1.360643,       18.78429,      -10.39258
         96.875,       42.38765,      -5.127837,       31.37449,      -4.280864,       15.02676,       2.885453,        18.9746,      -4.319504
        96.9375,       41.85239,      -8.972526,       30.88673,      -9.652355,       15.02834,      0.3496471,       19.57116,      -11.79995
             97,       41.68611,      -3.272048,       29.84332,      -3.605697,       14.46545,       3.727294,       18.34332,      -3.252919
        97.0625,       40.54938,      -10.17514,       30.44617,      -10.31737,       13.96134,     -0.8646069,       19.28946,      -11.47087
         97.125,       44.23816,      -4.915889,       32.45678,      -4.775615,       15.87799,       4.239288,        19.0019,      -5.789516
        97.1875,       39.49541,      -3.403661,       28.58754,      -5.737511,       14.09824,       4.785347,       18.42288,      -4.795301
          97.25,       43.79325,      -3.983989,       32.12419,      -4.591514,       15.58537,       1.585595,       19.62327,      -4.797649
        97.3125,       42.35756,      -5.332127,       30.29185,      -6.562556,       13.89581,       1.867058,       18.47437,      -5.407845
         97.375,       42.42574,      -4.764081,       30.88339,      -6.177836,       15.32778,       3.424228,       19.27327,       -5.34054
        97.4375,       44.28485,      -4.684953,       31.36812,      -4.489865,        14.1816,       3.777639,        20.1223,      -3.513273
           97.5,        42.0928,      -6.701106,       30.80157,      -7.148735,       14.66954,       1.239927,        18.7949,      -7.607029
        97.5625,       43.79473,      -4.984487,       31.17038,      -7.184252,       14.93779,       1.793161,       20.31184,       -5.18092
         97.625,       44.07888,      -9.654147,       31.01895,      -9.010492,       15.04801,      -1.238443,        19.4627,      -11.28145
        97.6875,        42.8445,      -4.609037,       31.28841,      -4.182403,       13.95447,       5.805668,       20.02025,      -2.152017
          97.75,       46.56549,      -8.837328,       33.06337,      -9.965058,       16.34834,      -1.258935,       20.61979,      -12.65638
        97.8125,        43.7914,      -7.864935,       31.26357,      -6.290272,       14.55583,       4.020294,       19.91195,      -6.805946
         97.875,       43.19001,      -5.285515,       31.39392,      -6.174637,       15.41395,       2.400639,       19.69173,      -4.726322
        97.9375,       49.29695,       -6.96917,       35.93007,      -6.873415,       16.50666,       1.647697,       23.16135,       -9.86045
             98,       42.70096,      -7.951228,       30.36739,      -8.287717,       15.21256,       3.022623,       18.65674,      -9.019862
        98.0625,        46.0219,      -8.896358,       32.93118,      -8.567853,       15.21305,     -0.7897333,       20.76386,      -11.61779
         98.125,       44.65193,      -1.619842,       32.94234,      -1.087775,       15.94296,       8.427868,       19.36073,     -0.9063566
        98.1875,        47.1467,      -5.746323,       33.96655,       -6.49934,       16.63956,       1.995888,       21.07335,      -5.302834
          98.25,       45.08574,      -4.597434,       32.33913,      -5.779242,       15.10519,       2.934308,       20.17108,      -6.812147
        98.3125,       45.24522,      -4.470939,        32.4568,       -3.78893,       15.59082,       4.793467,         19.846,      -4.129547
         98.375,       48.69655,      -8.357325,       34.86066,      -7.071075,       16.92143,       1.076626,        21.4623,      -7.441335
        98.4375,       44.26205,      -7.061291,       32.77499,      -8.574786,        14.7188,      0.2280753,       19.27747,       -7.03188
           98.5,       45.88935,      -7.905062,       32.37803,      -7.263678,       15.89205,       2.278044,       20.81279,      -8.335159
        98.5625,       47.14956,      -5.629356,        33.9311,      -5.697546,       15.88915,       3.654722,       20.04626,      -4.589584
         98.625,        43.0277,      -6.080449,       31.66687,      -5.154004,       15.20384,       1.998523,       19.38656,      -4.117621
        98.6875,       49.76869,      -8.584425,       35.57441,      -8.893832,       16.69841,     -0.1233852,       21.81375,      -7.837179
          98.75,       44.61466,      -8.754418,       31.94872,      -8.543217,       15.30945,       0.287372,       20.96164,      -6.491945
        98.8125,       48.08327,      -11.09625,       34.92675,      -11.67828,       16.12928,      -3.731525,       21.52761,      -12.70763
         98.875,       46.37494,      -6.512711,       32.98893,      -4.347557,       16.18266,       6.152078,       21.07929,      -5.532823
        98.9375,       48.86724,        -5.5827,       35.85968,      -6.703696,       16.83059,       1.798356,       21.95766,      -5.608564
             99,       47.12334,      -8.380106,       34.27496,      -7.675611,       16.39931,       1.063492,       21.25378,      -8.556254
        99.0625,       48.96746,      -4.141592,       35.19215,      -4.854176,       16.33521,       3.792537,       22.38339,      -3.735286
         99.125,       49.43259,       -5.02358,       35.69418,      -4.525942,       16.81464,       6.146656,       22.26376,      -5.108683
        99.1875,       46.89942,       -5.95375,       34.18103,      -6.532467,       15.89926,       2.956228,       21.49281,      -8.461669
          99.25,       50.62062,      -5.738271,       35.82513,      -5.561117,       17.91393,       6.168258,       22.07511,      -5.195725
        99.3125,       50.98582,      -6.699002,       37.74778,      -6.504221,       17.94513,       1.408083,       22.60971,      -7.233374
         99.375,       46.29476,      -3.897445,       33.46497,      -3.949079,       16.32547,       5.112504,       21.08779,      -4.251929
        99.4375,       51.37904,      -7.333846,       37.91442,      -6.860772,       17.93818,      0.4403271,       22.75337,      -8.204311
           99.5,       46.99267,      0.1185874,       34.18229,     -0.8838546,       16.01593,       10.39599,       20.67389,     0.07020221
        99.5625,       49.44843,      -11.88383,       35.89458,      -12.80799,        17.7895,      -4.203745,        22.0066,      -12.51516
         99.625,        51.0667,      -6.055157,       37.26374,      -5.269901,        17.4317,       2.148767,       22.24316,      -7.215686
        99.6875,        48.2316,      -9.411631,       35.15193,      -10.29608,       17.17289,       1.367475,         21.889,      -9.763319
          99.75,       53.09436,      -6.728611,       38.72977,      -6.740975,       18.84688,     -0.3554543,       23.07428,        -7.0286
        99.8125,       48.28391,      -6.114474,       35.24667,      -7.523561,       16.45626,       2.200056,       21.25496,      -8.232689
         99.875,       50.84093,      -8.240352,       37.04056,      -8.848651,       18.12481,      -0.262401,       22.02267,      -8.417692
        99.9375,       51.00019,      -8.709139,       36.28115,      -9.954777,        17.3424,      -1.985555,       22.08394,      -8.701005
            100,       53.64692,      -6.534017,          39.02,      -6.332475,        18.8401,       2.548817,       24.19614,      -5.804235
       100.0625,       48.62422,      -6.829396,       34.88189,      -7.708821,       16.49657,       1.397897,       21.29293,      -8.862472
        100.125,       57.03305,      -8.470585,       41.14408,      -8.957674,       19.32371,      0.2208583,       24.34041,      -7.924173
       100.1875,       53.13386,      -5.534457,       38.12627,      -6.942957,       19.23582,       1.842123,        23.5298,      -5.659986
         100.25,        49.2864,      -6.986544,       35.56935,      -6.756763,       16.74418,      0.7843406,       21.82817,       -7.25526
       100.3125,       55.02478,      -2.812015,       39.57747,      -3.530211,       18.34398,       5.484697,       23.72452,      -2.793553
        100.375,       51.08979,      -4.561195,       36.08583,      -6.025701,       17.69119,       2.993463,       22.75436,      -4.766197
       100.4375,        57.7692,      -2.917755,       41.38639,      -1.732632,       19.43776,       6.162988,       24.62865,      -2.463114
          100.5,       50.74389,      -11.15981,       37.30577,      -11.95527,       17.71724,      -1.848628,       22.36598,      -10.85685
       100.5625,       56.22466,      -6.727519,       39.66867,       -7.76153,       19.36746,      -0.327913,       24.53332,      -8.399707
        100.625,       51.28988,      -4.716351,        36.8955,      -3.644718,       17.00299,       6.552622,       22.45706,      -4.124559
       100.6875,       55.40978,      -10.88724,       40.56099,      -11.16908,       20.25849,       -2.82289,       22.89582,       -11.9604
         100.75,       52.39165,      -5.298087,       37.37197,      -5.905977,       17.91288,       3.257343,       23.26801,      -4.791912
       100.8125,       58.83934,      -6.509474,       42.06303,       -7.04575,        20.1453,      0.9808307,       24.85569,      -7.130383
        100.875,       52.22914,       -13.0164,       37.64257,       -12.7717,       18.09885,      -4.843564,       23.23528,      -12.45173
       100.9375,       55.67202,       -5.59906,       39.72745,      -4.959223,       19.47929,        4.91479,         23.563,      -6.473255
            101,       57.12569,      -13.06822,       41.94562,      -12.61811,        20.4129,      -4.187641,       24.03665,      -14.66837
       101.0625,       55.70686,      -6.420527,       40.47499,      -6.478648,       20.23523,      0.4499866,       23.39281,      -3.937602
        101.125,       54.47482,      -5.314192,       40.06326,      -6.753675,       19.27254,       2.227176,        23.4024,      -3.862155
       101.1875,       57.46946,       -9.63061,       41.48467,      -9.541501,       20.15794,       -4.94773,       24.61506,      -7.864712
         101.25,       55.74367,      -5.148319,       40.13012,      -5.806313,       18.90851,       2.821095,       24.55672,      -4.467074
       101.3125,       56.96687,      -6.206968,       41.48319,      -7.444136,       19.82692,      0.9464684,       24.65257,      -6.184239
        101.375,       55.84706,      -6.810586,       40.76599,      -6.276234,       19.63564,       1.887667,       23.59289,      -5.507651
       101.4375,       56.85569,       -11.0347,       41.32692,      -12.37236,       20.27447,      -5.188247,       24.15786,      -9.947783
          101.5,       55.84323,      -3.998278,       40.25308,      -5.670005,       19.51705,       1.442334,       24.12248,       -1.96261
       101.5625,       57.66364,      -6.341352,       41.14701,      -7.051017,        18.7598,      -1.200203,       25.10543,      -5.712681
        101.625,       58.87621,      -6.101712,       42.18859,      -6.636504,       20.42157,       1.590894,       25.05877,      -4.388627
       101.6875,       58.64573,      -9.198324,       41.83603,      -9.746313,       19.53149,      -2.055101,       26.12253,      -7.515394
         101.75,       58.24753,      -9.592772,        41.4999,      -9.948503,       19.63268,      -1.693412,       24.77988,      -9.787738
       101.8125,       59.76486,      -7.563661,       43.30974,      -7.683924,       20.72067,      0.4514735,       25.81404,      -6.829499
        101.875,       61.61342,      -13.39055,       43.32649,       -13.9464,        21.3982,      -5.773854,       26.27282,      -13.55837
       101.9375,       56.54125,      -6.386029,       41.25379,      -6.493366,       19.07263,     -0.1735087,       24.23516,      -4.546567
            102,       63.84735,      -5.408467,        45.6212,      -5.153144,       21.85003,       2.372172,       27.30367,       -4.92039
       102.0625,       58.88298,      -9.358323,       42.21619,      -10.38289,       19.98824,      0.3994667,       25.24546,      -9.189287
        102.125,       62.24332,      -7.980668,       44.94736,      -7.003877,       22.09767,      0.9283638,       27.03235,      -7.794885
       102.1875,       60.46905,      -9.762327,       44.07816,      -10.02812,       21.78575,      -1.485494,       24.40118,      -10.70654
         102.25,       64.56304,      -7.794762,       46.49308,      -8.123839,       22.98763,      -1.404894,       26.72065,      -4.413787
       102.3125,       61.88007,      -8.096985,       45.69701,      -7.913435,       22.68325,      -3.137339,       26.37146,      -7.575105
        102.375,       59.46203,      -7.013678,       42.76342,       -8.94355,       20.46305,     -0.8335323,       24.77406,      -3.887052
       102.4375,       61.42334,      -9.255389,       44.64812,      -8.997765,       21.22135,       -3.41557,       25.46815,      -7.395091
          102.5,        62.8281,      -3.270028,       45.21722,      -5.126369,       22.35793,       1.811057,        26.4866,     -0.5365584
       102.5625,       60.61879,      -13.25862,       43.53979,      -12.73141,       20.64744,      -9.617843,       25.42661,      -9.664484
        102.625,       64.60452,      -7.696602,       47.28997,      -9.122197,       23.01511,      -1.414952,       27.27055,       -4.54722
       102.6875,       60.94358,      -13.98581,       44.06151,      -13.41921,       20.61881,      -9.868763,       26.22265,      -10.68397
         102.75,       61.88135,      -7.995487,       44.69241,      -8.874555,       21.37978,      -1.082604,       26.23341,      -5.311941
       102.8125,       64.07411,      -11.27198,       46.58267,      -11.82775,       22.33285,      -6.742261,       27.03795,      -7.426123
        102.875,       61.90377,      -9.761634,       44.87358,      -10.24858,         21.478,      -4.291027,       27.62659,      -6.315705
       102.9375,       63.38628,      -9.955984,       46.27882,      -10.76438,       20.61347,      -6.011391,       27.70739,      -7.195237
            103,       63.21291,      -11.62131,       45.66103,      -11.99178,       22.21618,      -4.164715,       27.69323,      -10.05717
       103.0625,       64.51109,      -11.24815,       47.57087,      -11.34368,       22.50425,      -6.152136,       27.84158,      -9.852787
        103.125,       66.53993,       -6.71713,       48.36146,      -8.492538,       22.68802,      0.4418069,       28.91166,      -5.123816
       103.1875,       65.40794,      -8.817177,       47.68702,      -10.01306,       23.35206,      -4.846365,         28.127,      -6.539458
         103.25,       65.31991,      -8.648575,       47.41585,      -9.566367,       22.58155,      -4.125775,       28.30887,      -7.148506
       103.3125,       65.45272,      -4.116468,        48.3671,      -5.489222,       23.13778,      0.7769746,        27.6838,      -2.013165
        103.375,       69.03233,      -6.795629,       50.33069,      -8.631313,       24.20939,      -3.658934,       29.62911,      -5.372734
       103.4375,       63.96674,      -10.67019,       47.22028,      -12.46121,       22.79764,      -7.932605,       26.82599,       -8.81208
          103.5,       67.66239,      -7.050795,       48.86541,      -9.073286,       23.47188,      -4.844594,       28.38125,      -3.435803
       103.5625,       66.39613,      -10.19937,       49.08186,      -13.05646,       23.28881,       -9.62894,       28.04166,      -7.891422
        103.625,       68.05348,      -9.013453,       48.55876,      -12.18303,       23.30292,      -7.569622,       28.19754,       -5.77865
       103.6875,       65.42197,      -10.82088,        47.6478,      -12.62199,       22.61711,      -11.76052,       27.94998,      -5.918124
         103.75,       70.43591,      -11.32705,       49.74768,      -14.07433,       23.25491,      -11.94687,       29.47487,      -7.452851
       103.8125,       66.39351,      -6.479601,       47.68458,      -8.804483,       21.03241,      -5.796266,       29.25965,      -1.512026
        103.875,        66.6505,      -17.19465,       47.14277,      -20.10316,       21.58522,       -15.7397,       28.83034,      -14.77994
       103.9375,       69.67556,      -11.36669,       49.80553,      -13.19193,       23.06183,      -9.423403,       29.63447,      -7.500665
            104,       72.41261,      -16.26183,       50.92505,      -18.35542,       23.71855,      -16.30469,       30.90774,      -11.69847
       104.0625,       64.40997,      -10.04083,       45.48774,      -13.01022,       19.77637,      -11.95893,       28.56061,      -5.229432
        104.125,       71.18224,      -7.708033,       49.52174,      -10.01178,       21.20436,      -5.464857,       32.15541,      -3.225495
       104.1875,       71.81132,      -11.31413,       49.68699,      -12.30074,       21.49827,      -7.262225,       32.10413,      -8.169436
         104.25,        68.6279,      -9.265731,       47.78973,      -10.69578,       21.01782,      -2.802247,       30.07691,      -8.867558
       104.3125,       69.52145,      -9.390355,       48.77013,      -10.22999,       21.82908,      -4.597928,       30.46369,       -5.79894
        104.375,       73.57275,      -10.98387,       52.03048,      -11.81087,       23.14067,      -6.575473,       32.32437,      -7.927462
       104.4375,       65.98513,      -8.218997,       46.53628,      -9.653915,       20.94385,      -4.455258,       28.96759,      -5.201158
          104.5,       73.09962,      -8.000668,       50.88785,      -9.180748,       22.32861,      -2.176037,       31.89368,       -5.18714
       104.5625,       73.53713,      -8.171575,       52.32395,      -9.233235,       23.38268,      -5.194705,       32.57544,      -4.528505
        104.625,        68.9053,      -10.37954,       48.54139,      -11.59037,       21.77658,      -6.160995,       29.86859,      -8.060385
       104.6875,       72.22574,       -8.49478,       50.37717,      -9.648233,       21.64412,      -5.641935,       32.19086,      -5.292271
         104.75,        72.6245,       -15.4189,       51.65166,      -16.05997,       22.74753,      -9.547339,       31.58535,      -11.43897
       104.8125,       69.15682,      -9.487889,       48.62412,      -10.41159,       21.78581,      -6.607763,       30.66218,      -6.419528
        104.875,       76.89012,      -14.42632,        54.1615,      -16.61749,       23.00071,      -11.12763,       34.32695,      -10.77034
       104.9375,         69.549,        -9.8248,       48.38517,      -10.89822,        20.3724,      -6.353151,        31.3978,      -6.176522
            105,       73.98299,      -11.62182,       51.55438,      -11.95541,       21.93597,      -5.696067,       33.15303,      -9.839558
       105.0625,       74.77226,      -9.014281,       51.94373,      -10.06889,       22.19218,      -1.340388,       33.72704,      -6.779712
        105.125,       76.45615,      -11.06374,       54.41818,      -11.14319,       23.48727,      -3.190612,        34.0959,      -9.433972
       105.1875,        70.6336,      -11.77202,       49.63007,      -12.80313,       21.98991,      -5.966322,       31.04402,      -9.787808
         105.25,       81.19582,      -7.922202,       56.65974,      -9.822021,       23.66477,      -1.826247,       36.69877,       -5.65485
       105.3125,       69.56649,       -11.1557,       48.12745,      -11.52271,       21.22238,      -3.859355,       31.63336,      -9.401695
        105.375,       78.22378,      -6.290642,       54.48547,      -6.053795,       23.40046,       2.337535,       34.20355,      -4.768741
       105.4375,       75.09889,      -7.516989,       53.33535,      -8.007007,       23.54041,     0.09708137,       33.87912,      -6.949315
          105.5,       73.93393,      -7.753178,       51.64306,      -8.576436,       22.17259,      0.7174804,       32.12265,      -6.110183
       105.5625,        80.6854,      -9.477296,       56.96777,      -9.500166,       24.91259,      -1.472918,       35.93509,      -7.700578
        105.625,       75.54494,      -10.57876,       52.49373,      -11.23048,        23.2569,      -3.302264,       33.72578,      -9.871352
       105.6875,       80.08586,      -7.872599,        56.4943,      -7.419168,       24.90816,       2.832205,        35.3129,      -6.482203
         105.75,       77.68316,      -9.672934,       55.36227,       -9.64294,       24.29486,      -3.260463,        34.0147,      -8.560617
       105.8125,       77.55987,      -10.11014,       54.60762,      -11.66146,       23.98148,      -1.263357,       34.75485,      -8.640841
        105.875,       79.67324,      -7.373823,       55.10068,      -6.482339,        23.8496,       1.082999,       35.33902,      -6.057038
       105.9375,       81.80894,      -10.84786,       58.43898,      -11.09694,        26.2523,     -0.8547636,       35.87547,      -12.58276
            106,       81.70007,      -11.44354,       57.82686,       -10.8857,       25.95208,      -1.021044,       35.03837,      -9.033075
       106.0625,         84.487,      -9.375278,       60.34748,      -10.99411,       27.35237,      -4.278445,       37.60669,      -9.245147
        106.125,       80.99746,      -11.25859,       57.27749,       -11.4333,       25.57812,      -3.910537,       34.93723,      -10.07651
       106.1875,       84.97219,      -6.023103,       59.95865,      -7.043372,       26.16328,       1.534139,       37.58944,      -4.413463
         106.25,       81.88637,      -10.87804,       56.92824,      -11.02622,       25.05299,      -4.132047,        35.7444,      -10.35597
       106.3125,       81.74087,      -5.462892,       58.26612,      -7.068632,        25.4805,       3.315839,        36.0136,      -5.073179
        106.375,       91.31393,      -11.23094,       62.60791,      -10.92799,       28.29023,      -3.157591,       39.46029,      -10.17091
       106.4375,       80.21077,      -5.535486,       57.87142,       -5.92242,       25.17504,       4.019212,       35.54644,      -4.856666
          106.5,       87.71494,      -9.443685,       60.55182,      -9.887806,       27.71965,      -2.176171,       37.23566,       -9.20106
       106.5625,       87.34772,      -8.945676,       62.70619,      -9.642884,       27.08354,     -0.9562569,       38.20788,      -8.181456
        106.625,       83.65325,      -8.988207,       57.54274,      -9.096766,       25.35972,     -0.9533063,       36.10575,      -6.893337
       106.6875,       85.81908,      -6.137468,       60.43253,      -6.319917,       26.48568,       3.263119,       37.72672,      -5.474288
         106.75,       83.80339,      -11.61358,        58.5197,       -11.9263,       25.34173,       -1.46467,       36.95625,      -11.62518
       106.8125,       87.93643,      -10.18228,       61.68984,      -9.000324,       28.12569,       1.345744,       37.30349,      -10.08192
        106.875,       97.64237,      -9.497326,       69.73819,      -9.462108,       31.99157,     -0.5264724,       42.37675,      -7.768982
       106.9375,       86.55098,      -11.61584,       61.23374,      -12.19261,       27.36202,      -4.498214,        37.3573,      -11.18591
            107,       90.44329,       -14.1458,       62.88545,      -14.24185,         27.886,      -4.338292,       39.16222,      -14.13066
       107.0625,       93.42521,      -6.267949,       65.87063,      -5.372212,       29.52305,       4.253873,       40.70124,      -4.872213
        107.125,       97.06541,       -9.69899,       69.44371,      -9.885659,        31.3014,     -0.7643151,       42.01183,      -9.526754
       107.1875,       91.52726,      -11.73713,       64.17968,      -11.38125,       29.66191,      -1.882583,       39.20829,      -10.53554
         107.25,       94.83807,      -6.661031,       67.81283,      -7.003356,        31.0342,        1.41195,       40.86799,      -6.438031
       107.3125,       94.25794,      -10.98459,       66.68944,      -11.13693,       30.13848,      -3.450811,       40.53361,      -9.394332
        107.375,       99.50873,      -9.831667,       70.04148,      -9.854912,       30.84678,      -2.326786,       42.52301,      -8.879123
       107.4375,       95.13051,      -7.560055,       67.65345,      -7.895651,       30.39997,       1.010408,        41.5994,      -6.323277
          107.5,       91.43958,      -9.594294,       64.97126,      -9.602043,       29.24767,     -0.2179317,       39.49721,      -8.541952
       107.5625,       98.86443,       -6.74172,       69.86409,      -6.697568,       30.90294,       1.265819,        42.8063,       -6.33478
        107.625,        92.7242,      -7.343525,       65.96513,      -8.172842,        28.9665,      0.7793472,       40.24236,      -6.944444
       107.6875,       95.93718,      -7.397924,       68.09376,      -7.050416,       30.82913,       1.944757,       40.91185,      -6.282915
         107.75,       102.5893,       -15.8029,       72.66979,      -16.82308,       32.33559,       -8.16724,       44.23748,      -15.70846
       107.8125,       94.96805,      -7.195852,        66.8213,      -7.556399,       29.75461,       1.408442,       41.16158,      -6.051136
        107.875,       98.36657,      -15.02694,        70.0748,      -14.99813,       30.91144,      -6.984387,       42.49686,        -14.555
       107.9375,       101.1921,      -6.001892,       70.57191,      -6.642037,       31.23272,       4.693491,       43.58755,      -5.624616
            108,       101.9518,      -13.09046,       72.58851,      -12.74476,        32.8087,       -4.22595,        43.7752,      -13.82935
       108.0625,       101.8515,      -8.530064,       71.39762,      -9.064026,       32.34737,       1.305564,       43.54034,      -8.142706
        108.125,       105.4908,      -14.70201,       74.50578,      -14.39764,       33.83205,      -5.697725,       44.47377,      -13.41129
       108.1875,       108.4361,      -9.330782,       76.27428,      -10.10901,        34.4816,      -1.273815,       46.43072,      -9.415169
         108.25,       108.1814,      -11.98356,       75.51831,      -11.33408,       34.43569,      -2.193928,       46.19156,      -11.55503
       108.3125,       107.8439,      -9.434041,       76.33312,      -9.592903,       33.82125,     -0.4655421,       45.86525,      -8.251127
        108.375,       109.3027,      -6.786141,       77.57294,      -6.373783,       35.51006,       2.503966,       46.68076,      -5.939583
       108.4375,       105.6413,      -8.482403,       74.72741,      -8.974452,        33.1271,     -0.2422678,       45.08819,      -8.282578
          108.5,        111.304,       -10.6795,       78.01825,      -10.39976,       35.62888,       -1.03067,       47.19891,       -9.26713
       108.5625,       109.6789,      -9.603459,       78.28822,      -9.458037,       35.30373,     -0.4102752,       47.04449,      -9.107772
        108.625,       108.1722,      -10.71788,        75.8723,      -10.36087,       34.16349,      -2.943079,       45.27472,      -9.289159
       108.6875,       108.9031,      -9.557734,       77.86503,      -9.361076,       34.54103,    -0.02629966,       47.22798,      -8.253501
         108.75,       110.7212,      -10.51951,        78.6442,      -10.50868,       35.31963,      -2.621505,       47.53694,      -10.35784
       108.8125,       111.9223,      -8.262772,        79.5061,      -8.400338,        35.4782,       2.375231,       47.69835,      -7.179684
        108.875,       116.2043,      -13.45821,       82.56371,      -13.07976,       37.23166,      -4.937536,       49.43218,      -13.50007
       108.9375,       113.6752,      -8.871371,       81.01489,      -9.964751,       36.60026,     -0.5643558,       48.56084,      -8.150279
            109,       115.1514,      -14.92479,       81.33774,       -14.4708,       36.46563,      -5.623284,       48.79173,      -14.31308
       109.0625,       117.6634,      -12.29097,       83.73602,      -12.61166,       37.30942,      -3.915643,       50.36014,      -11.19124
        109.125,       122.9577,      -11.22745,        86.7788,      -11.49818,        39.3986,      -2.031476,       52.93934,      -11.16874
       109.1875,       118.6851,      -11.72875,       84.51464,      -11.65982,       37.78992,      -2.066334,       50.45968,      -11.73808
         109.25,       121.9876,      -9.029403,        86.1088,      -9.306052,       39.23386,     -0.3493121,        51.3323,      -8.490069
       109.3125,       126.1847,      -10.65728,       89.99712,       -10.6916,       40.41944,       -1.19684,       53.64848,      -10.18649
        109.375,       117.0508,       -10.0733,       82.25947,      -10.45441,       37.63759,      -1.283865,       49.76238,      -9.420284
       109.4375,       133.4984,      -11.06339,       95.22072,      -11.28969,       42.54494,      -2.316755,       56.28857,      -10.85787
          109.5,        114.579,      -11.45966,       81.13077,      -11.55544,       36.94696,      -2.915206,       48.96217,      -10.57851
       109.5625,       132.7738,      -7.826358,       93.55215,      -8.326472,       42.03506,       2.032872,       56.08007,      -7.452892
        109.625,       124.2527,      -11.00199,       88.09383,       -10.6668,       40.19794,      -2.857716,       52.53554,      -10.77534
       109.6875,       128.6836,      -9.600857,       91.44461,      -10.06106,        40.4722,     -0.2212246,       54.08344,      -9.034891
         109.75,       127.7929,       -10.2737,       90.33073,      -10.30926,       41.47511,      -1.406784,       54.61103,      -9.846386
       109.8125,       132.4272,      -12.69166,       94.61301,      -13.07941,       42.01115,      -4.289032,       55.39848,      -11.99617
        109.875,       127.9589,      -13.36233,       89.91292,      -13.84561,       41.24736,      -4.725627,       54.41602,      -13.63669
       109.9375,       139.7171,      -9.657765,       99.08155,      -9.907962,       44.07011,     -0.5059809,       58.68776,      -8.573697
            110,       133.8129,      -13.04168,       94.31944,      -13.39132,       42.77861,      -4.162565,        56.6323,      -13.15327
       110.0625,       136.7054,      -11.06986,       96.33505,      -11.19545,       43.50252,      -2.334125,       57.43375,      -11.08473
        110.125,       134.0614,      -11.09364,       95.13928,      -11.24512,       42.69175,      -2.023854,        56.0895,      -10.57278
       110.1875,       149.2752,      -14.15559,       105.4437,      -14.37621,       48.35915,      -4.762961,       62.60207,      -13.43677
         110.25,        141.539,      -12.13501,       99.78693,      -12.79125,       44.63717,      -4.124299,       59.26447,      -12.19834
       110.3125,         144.98,      -10.73685,       101.9633,      -10.61128,       46.77293,      -1.262763,       60.98813,      -10.20023
        110.375,        147.167,      -9.740507,       104.5041,      -10.12555,       47.10446,      -1.142294,       61.58986,      -9.181922
       110.4375,       151.4487,       -10.6624,        106.139,       -10.7671,        47.9031,        -1.3357,       63.08869,      -9.971603
          110.5,       142.0966,      -12.41704,       101.0623,      -12.76145,       45.70378,      -3.191035,       59.84914,      -11.94784
       110.5625,       147.3789,      -10.68697,       102.9277,      -10.33516,       47.27526,      -1.133259,       61.33722,      -10.57873
        110.625,       155.9122,       -12.2831,       110.6402,       -12.8826,       49.78911,        -4.1114,       65.21796,      -11.10464
       110.6875,        143.996,      -12.30039,       101.9193,      -11.68743,       46.15046,      -2.604834,       60.03259,      -11.99231
         110.75,        153.864,      -11.25873,         108.57,      -11.81917,       48.99632,      -2.507241,       64.36082,      -10.41552
       110.8125,       150.7912,       -16.7672,       106.1943,      -16.53598,       48.01048,      -7.578727,       62.94894,      -16.24407
        110.875,       159.3356,      -9.133828,       113.1663,      -9.199626,       50.45929,      0.4966261,       66.91994,      -8.297279
       110.9375,       152.7392,       -17.0558,       107.5717,      -17.29987,       49.43452,      -7.345221,       63.71379,      -16.87929
            111,       167.5083,      -10.05413,       118.3994,      -9.746754,       53.66246,      -1.089271,       70.33699,      -9.556591
       111.0625,       163.4301,      -17.49508,       115.7033,      -17.90274,       52.58999,      -8.235954,       68.04166,      -16.73608
        111.125,       160.1061,       -12.5515,       113.3371,      -12.60783,       51.28547,      -3.916237,         67.069,       -12.3785
       111.1875,       171.5327,      -15.06048,       120.9258,      -15.09872,       54.74974,      -5.516497,       71.51575,      -14.30797
         111.25,       172.5566,      -12.69194,       121.6623,      -12.71366,        55.0352,      -3.469105,       71.83028,      -12.33945
       111.3125,       187.0165,      -10.42318,       133.1534,      -10.41515,       60.38852,      -1.027836,        77.8819,        -9.5708
        111.375,       160.1367,      -14.35612,       112.5768,      -14.49188,       51.34234,      -4.751016,        67.1124,      -13.94618
       111.4375,       186.5209,      -12.25515,       132.3307,      -12.30934,       60.15675,      -3.112164,       77.34168,      -11.59033
          111.5,       171.5307,      -12.67084,       121.4495,      -12.76352,       55.44492,      -2.982718,       71.68037,      -12.07858
       111.5625,        183.999,      -11.72489,       130.2448,      -11.78113,       59.11209,      -2.801154,       76.63074,      -11.25729
        111.625,       176.8267,      -13.23683,       125.1607,      -13.42039,       57.26752,      -3.346168,        73.2802,      -12.48082
       111.6875,       178.3938,       -11.5197,       126.2504,      -11.28075,       57.40794,      -2.071163,       74.19775,      -10.88684
         111.75,        186.241,      -12.23758,        132.478,        -12.417,       60.44022,       -3.08743,       77.12666,       -11.4345
       111.8125,       186.9415,      -16.19561,       132.1458,      -16.19217,       59.67754,       -6.83581,       78.20969,      -15.77811
        111.875,       186.9789,      -12.79744,       132.9278,       -12.8767,       60.96826,      -2.930514,       77.50429,      -12.35344
       111.9375,       193.8405,      -16.53714,       137.6044,      -16.72013,          62.91,      -7.346534,       79.77822,      -15.95644
            112,        194.059,      -17.12061,       137.4811,      -17.40614,        62.5939,      -8.209059,       81.32501,      -15.97622
       112.0625,       197.9082,      -17.17012,       139.6404,      -17.15466,       63.31625,      -7.659219,       82.21635,      -16.78802
        112.125,       198.4097,      -14.43548,       141.0503,      -14.43734,       64.32455,      -4.603146,       83.05464,      -13.82519
       112.1875,         213.76,      -13.52696,       152.0354,      -13.88692,       69.13108,      -4.342113,       88.74841,      -13.39294
         112.25,       207.5689,      -16.52499,       146.8717,      -16.69376,       67.55991,      -6.820856,       85.97615,      -15.86626
       112.3125,       201.0588,      -14.15665,       142.1063,      -14.27562,        65.3101,      -4.673155,       83.63305,      -13.62501
        112.375,       238.4176,      -13.09179,       169.3657,      -13.74278,        77.8562,       -3.42241,       99.14628,      -12.67223
       112.4375,       215.1453,      -15.95677,        152.152,      -15.88386,       70.02443,      -6.837244,       89.21761,      -15.68519
          112.5,       222.0669,      -12.19317,       157.9277,      -12.80723,       72.55737,       -2.72516,       92.34679,      -11.76843
       112.5625,       223.0235,      -13.36663,       157.1696,       -13.7677,       72.80091,      -4.085679,       92.16587,      -13.41194
        112.625,       221.4678,      -14.30008,        157.017,      -14.54916,        72.3678,      -4.637205,         91.166,      -13.64621
       112.6875,       237.6783,      -12.31654,       167.9028,      -12.86618,       77.85382,      -3.664223,       98.28042,       -12.4464
         112.75,       239.1848,      -13.26653,       168.8445,      -13.35933,       77.90322,      -3.469337,       97.61667,       -12.6546
       112.8125,       230.4974,      -18.19845,       163.2518,      -18.65007,       74.94648,      -9.024674,       95.66972,      -17.85601
        112.875,       239.3383,      -14.99436,       169.2748,       -15.2735,       79.04774,      -5.650765,       97.91313,      -14.75473
       112.9375,       256.2556,      -17.02086,       180.4853,      -17.33517,       83.32841,      -7.628669,       105.1266,      -16.36162
            113,       250.3822,      -17.76423,        177.019,      -18.08913,       81.78339,      -8.643326,       102.9689,      -17.27595
       113.0625,       251.0173,      -15.87757,       176.9734,      -16.05408,       82.44642,      -6.611581,       103.1206,      -15.41312
        113.125,       273.3523,      -17.82578,       193.5983,      -18.28409,        89.5497,      -8.671338,       112.2236,       -17.2752
       113.1875,       259.6855,      -20.29988,       183.2053,      -20.43559,       84.85248,      -11.05122,       106.8341,      -20.06415
         113.25,       283.2069,      -17.39896,       199.8268,      -17.74633,       93.62666,      -8.322606,       116.5604,      -16.91389
       113.3125,       277.6009,      -16.00095,       195.7029,      -16.51566,       90.18468,      -6.766441,       113.8208,      -15.63598
        113.375,       283.7703,      -18.70973,       200.8685,       -18.6573,       94.15217,      -9.423134,       116.2264,      -17.90418
       113.4375,       292.9771,      -16.13518,       206.3811,      -16.72513,       96.26769,      -6.894308,       120.3693,       -15.7772
          113.5,       294.2021,      -17.96497,       207.2682,      -18.15104,       97.03115,       -8.76091,       120.3129,      -17.49426
       113.5625,       297.6702,      -14.43427,       210.2176,      -14.78547,       97.81685,      -5.072507,       122.2793,       -14.0176
        113.625,       293.7951,       -18.9361,       206.5477,      -19.21686,       98.00299,      -9.530533,       120.0712,      -18.29191
       113.6875,       324.8792,      -15.03812,       229.5866,      -15.11136,       106.9781,      -5.681807,       133.0278,      -14.52216
         113.75,       305.2486,      -19.42337,        215.088,      -19.77389,       101.5994,      -10.54164,       124.5352,      -19.26314
       113.8125,       321.5976,      -17.75342,       227.4645,       -18.0253,       106.3613,      -8.267714,       131.5304,      -16.81661
        113.875,       337.7711,      -18.47238,       237.4593,      -18.55473,       112.1419,      -9.399512,       137.8137,      -18.16186
       113.9375,        335.773,      -18.18034,        237.922,      -18.42392,       112.4717,      -8.905352,       137.6264,      -17.24426
            114,       353.8204,      -21.14136,       250.3379,      -21.47161,       117.2513,       -12.6283,       144.7336,      -21.01745
       114.0625,       356.1619,      -21.43026,       250.6741,      -21.61709,       118.7968,      -12.03772,       144.6295,      -20.92439
        114.125,       385.8091,      -19.93853,        273.212,      -20.38592,       128.7169,      -11.13827,       157.9698,      -19.30466
       114.1875,       373.7182,      -21.07697,       263.5262,      -21.31381,       124.9334,      -12.30319,        152.094,      -20.60728
         114.25,       401.6231,      -22.90364,       283.2019,      -23.22827,       134.1314,      -14.31473,       163.7808,       -22.2063
       114.3125,       396.2918,      -19.38158,        280.047,      -19.73742,       132.4916,      -10.43338,       162.1366,        -19.026
        114.375,       417.7084,      -20.50707,       295.3443,      -20.85928,       140.3483,      -11.65346,       169.4978,      -19.94807
       114.4375,       422.0056,      -21.95411,       296.2801,      -22.41163,       140.9435,      -13.46115,       171.7701,      -21.53231
          114.5,       426.5532,      -19.88441,       301.8291,      -20.11542,       143.5022,      -10.97942,       174.0625,      -19.28116
       114.5625,        459.819,      -22.97796,       323.7501,      -23.40995,       154.2408,      -14.41748,       186.3997,       -22.4098
        114.625,        439.548,      -20.13735,        309.692,      -20.48522,        147.925,      -11.47541,       178.8945,      -19.66588
       114.6875,        468.928,      -21.74925,       330.5375,      -22.10486,       157.8967,      -13.03866,       190.2858,      -21.25816
         114.75,       510.3158,      -22.29216,       359.2659,      -22.66431,       172.1331,      -13.70791,       207.2299,      -21.74619
       114.8125,       470.9789,      -23.83948,       331.9898,      -24.16635,       159.1547,      -15.28618,       190.9224,      -23.37571
        114.875,       526.5233,      -23.79811,       370.7352,      -24.11851,       178.0913,      -15.21595,       213.8235,      -23.25046
       114.9375,       538.0759,      -26.88517,       379.2118,      -27.34002,       182.1071,      -18.51256,       217.4926,      -26.44673
            115,       570.5895,      -24.60882,       401.2935,      -24.91826,       193.4746,      -16.26453,       231.2282,       -24.0361
       115.0625,        606.023,      -29.79426,       426.5529,      -30.18127,       205.6863,      -21.49477,       245.1833,      -29.24292
        115.125,       570.4476,      -23.06284,       401.1551,      -23.47322,       193.7061,      -14.85048,       230.3023,      -22.64879
       115.1875,       681.6855,      -28.94239,       478.5282,      -29.23163,       231.4079,      -20.78221,        275.595,      -28.29781
         115.25,       676.0858,      -27.95431,        475.761,      -28.28915,       230.6167,      -19.66239,       272.4749,      -27.36106
       115.3125,       679.9941,      -31.96726,       477.2974,      -32.29049,       231.9715,      -23.91829,       274.4384,      -31.25037
        115.375,        754.891,      -26.22905,       530.7308,       -26.4512,       257.5825,      -18.11496,       304.5353,      -25.63177
       115.4375,       768.3788,      -32.06739,       539.9045,      -32.37457,       263.7249,      -23.85211,       309.4235,      -31.32295
          115.5,       842.8846,        -27.673,       591.6382,      -27.86528,       289.5067,      -19.61223,       339.5728,       -26.9288
       115.5625,       828.2299,      -33.83892,       582.8931,      -34.11142,       285.8123,      -25.90052,       334.6689,      -33.14674
        115.625,       930.5024,      -30.07017,        654.072,      -30.25944,        321.947,       -22.0277,       373.5979,      -29.31704
       115.6875,       901.9366,      -35.96638,       634.2172,      -36.23856,       312.7015,      -28.23592,       363.4423,      -35.12461
         115.75,       1027.173,      -34.57714,        723.074,      -34.75654,        356.984,      -26.99456,         413.85,      -33.76683
       115.8125,       1025.915,      -41.86658,       720.8333,      -42.15876,       356.8105,      -34.25935,       413.3516,      -41.12577
        115.875,       1144.482,      -41.33164,       805.5244,      -41.54707,       399.5006,      -33.80501,       460.3292,      -40.55627
       115.9375,       1183.667,       -41.0369,       833.0842,      -41.26088,       414.0877,      -33.75566,         476.72,      -40.18821
            116,       1266.917,      -46.50766,       890.9752,      -46.78449,       445.1321,      -39.20042,       509.8432,       -45.7203
       116.0625,       1379.519,       -47.2916,       970.9446,      -47.55524,       486.0343,      -40.16348,       555.0056,      -46.49209
        116.125,       1520.364,      -52.90019,       1069.625,      -53.19201,        537.595,      -46.10146,       611.8972,      -52.12465
       116.1875,        1664.66,      -54.29457,       1170.693,      -54.55715,       590.2485,      -47.55293,       668.7841,      -53.48504
         116.25,       1695.763,       -58.3067,       1193.559,       -58.6384,       603.9674,      -51.87257,       682.0422,      -57.53317
       116.3125,       2037.008,      -63.19819,       1432.348,      -63.55296,       727.1769,      -56.96701,       817.7482,      -62.40137
        116.375,       2032.365,      -68.37818,       1428.308,      -68.72286,       728.6367,      -62.36725,       816.4543,      -67.54509
       116.4375,       2448.285,      -66.36552,        1720.75,      -66.71889,       881.9447,      -60.68102,       982.6557,      -65.57523
          116.5,       2471.545,      -80.79164,       1735.317,      -81.16946,       892.8958,       -75.5071,       991.1563,      -80.00874
       116.5625,       2795.635,       -78.4616,       1961.775,      -78.82611,       1014.059,      -73.54485,       1120.399,      -77.65989
        116.625,       3149.067,      -91.41471,         2209.7,      -91.75043,       1144.302,       -86.9597,       1261.221,      -90.55133
       116.6875,       3320.881,      -103.8743,       2328.652,      -104.2284,       1210.127,      -99.88205,       1330.177,      -103.0835
         116.75,       3598.147,      -113.3464,       2521.882,      -113.6697,       1311.265,      -109.8374,       1439.701,       -112.488
       116.8125,       3669.637,      -123.3832,        2571.39,      -123.6846,       1337.576,      -120.3696,       1467.706,      -122.5312
        116.875,       3723.259,      -139.7877,       2608.089,      -140.0864,       1358.692,       -137.251,       1488.328,      -138.9209
       116.9375,       3954.014,       -154.886,        2767.85,      -155.1649,        1441.55,      -152.8714,       1579.996,      -153.9958
            117,       3425.229,      -170.4307,       2395.371,      -170.6862,        1249.46,      -168.9413,       1367.715,      -169.5125
       117.0625,       3227.371,       170.0412,       2256.218,       169.8328,       1175.666,       170.8753,       1287.999,       170.9804
        117.125,       2662.815,        156.153,       1860.387,       156.0062,       969.4141,       156.2746,       1062.331,       157.1099
       117.1875,        2428.73,       140.5681,       1695.412,       140.4889,       884.6292,        139.789,       967.8345,       141.5707
         117.25,       1527.728,       126.2443,       1065.909,       126.2637,       553.9508,       124.2379,       608.7803,         127.34
       117.3125,       1041.704,       120.9245,       726.8922,        121.177,       372.6015,       117.2405,       415.4237,       122.0488
        117.375,       733.1079,       126.3009,       511.5431,       126.8006,       253.8642,       120.7347,       292.0562,       127.5597
       117.4375,       463.0586,       135.8838,       328.2947,       136.6209,       147.7765,       130.0855,       185.6079,       137.1767
          117.5,       427.4082,       157.1797,       303.5378,       157.3309,       131.9056,       155.8504,       170.9496,        158.094
       117.5625,       457.4566,       169.1659,       324.1852,       168.9418,       146.3437,        169.736,       182.8212,       169.9868
        117.625,       500.5018,       169.8112,       352.6938,       169.6396,       163.1619,       170.9068,       198.9922,       170.9117
       117.6875,       462.0943,       167.1371,       326.7299,       166.9007,       151.7465,       167.6084,       184.2178,       168.2635
         117.75,       457.7591,       171.9009,       322.1493,       171.6629,       151.0218,       171.8913,       182.8453,       172.8393
       117.8125,       453.4012,       171.4065,       319.5454,        171.235,       148.9427,       171.8894,       180.3966,       172.6617
        117.875,       406.9362,       172.4783,       286.2953,       172.3146,       133.7758,       172.6644,       161.6392,       173.5652
       117.9375,       423.6916,       171.7053,       298.2541,       171.4711,       140.0013,       171.5343,        169.625,       172.8505
            118,       396.5447,       171.9864,       279.3238,       171.8388,       130.0502,       172.0199,       157.3813,       173.1946
       118.0625,       371.0971,       172.8271,       261.8539,       172.7936,       121.6773,       172.5963,       148.0436,       173.7979
        118.125,        377.345,       171.6984,       265.7816,       171.3942,       124.1296,       171.2392,       150.1451,       172.8464
       118.1875,       382.3864,       174.7603,       269.0111,       174.6209,       124.5306,       174.5099,       151.9778,       175.9235
         118.25,       333.8186,       171.8132,       236.3247,       171.6977,       110.2533,       171.3342,       133.0999,       173.0361
       118.3125,        356.432,       174.3999,       251.2031,       174.0364,       115.8515,        173.226,       141.2472,       175.5347
        118.375,       334.3472,       171.4606,        235.502,        171.212,       108.6203,        170.733,       133.5421,       172.5506
       118.4375,       303.4872,       175.1984,       214.7701,       174.9713,       98.00009,       174.0484,       119.9838,       176.3852
          118.5,       318.1784,       173.8781,       225.4326,       173.5447,       102.6747,       173.0123,       126.9021,       175.1537
       118.5625,        287.465,       179.9367,       202.2619,       179.4863,       92.13485,       178.8311,       113.9416,      -179.0948
        118.625,       271.0412,       175.8393,       191.9647,       175.0705,       86.31596,        174.656,       107.1911,       177.1514
       118.6875,       283.1144,      -176.6528,        199.336,      -177.2424,       89.71653,      -177.7753,        112.672,      -175.4704
         118.75,       265.2061,       179.2999,       186.2054,       178.5203,       84.04724,       178.4987,       104.8466,      -179.6848
       118.8125,       271.6745,       -178.864,       191.2332,      -179.3333,       86.56456,      -179.4973,       107.9193,      -177.2131
        118.875,       272.5328,      -179.9455,       191.4615,       179.5026,       86.46996,       178.2026,       108.2163,      -178.9991
       118.9375,        256.326,      -177.6523,       179.5879,      -178.2351,       79.96307,      -178.3887,       101.1912,      -176.4704
            119,       252.4245,       -179.007,       177.9098,      -179.6122,       80.41269,       179.7941,       99.96295,      -177.3805
       119.0625,       256.3661,       -177.465,       179.4743,      -178.0223,       79.99143,      -179.0344,       101.3547,      -176.2007
        119.125,        252.984,       178.6691,       177.4822,       178.3582,       78.45606,       177.7379,        100.334,      -179.7478
       119.1875,       246.7081,      -178.4691,       173.2953,      -179.0972,       77.75563,       179.9873,       97.28104,      -177.1539
         119.25,       235.5866,       177.8844,       165.0477,       177.6861,       72.76172,       177.0098,       93.69473,       179.7878
       119.3125,        248.869,      -175.2768,       174.9488,      -175.8399,       78.31965,      -176.6013,       98.32423,       -173.954
        119.375,       224.5549,      -179.1555,       157.8092,      -179.4189,       68.77001,       179.3981,       88.92332,      -177.1362
       119.4375,       234.0908,      -175.9158,       165.0386,      -176.3282,       72.27649,      -176.8046,        93.1373,      -174.6609
          119.5,       217.5848,      -176.5886,        153.167,      -177.1796,       67.63504,      -177.7464,       86.08517,      -174.8673
       119.5625,       227.0352,      -175.8374,        160.167,      -176.4494,       69.70997,      -177.4059,       90.70792,      -173.7116
        119.625,       226.5329,      -171.5865,       158.9684,      -172.1136,       69.52657,      -172.1796,       90.09084,      -170.6516
       119.6875,       221.0156,       -177.161,        155.946,      -177.9592,       68.63356,        -178.84,       87.81228,      -175.4602
         119.75,       214.4372,      -174.0796,       150.9732,      -174.8327,       65.08051,      -175.7563,       85.44669,      -172.7913
       119.8125,       202.8297,      -173.3257,       142.7951,      -174.4191,       61.57778,      -174.8183,       80.38716,       -171.949
        119.875,        222.962,      -171.6592,       156.4795,      -172.6906,       67.43745,      -173.4986,       88.63512,      -170.2776
       119.9375,       203.7902,      -175.4805,        141.969,      -176.3942,       61.78344,      -177.1184,       81.34819,      -173.9813
            120,       212.5386,      -172.9222,       149.2437,      -173.6153,       63.43954,      -174.2329,       84.34404,       -171.641
       120.0625,         202.22,      -174.5706,       141.1254,      -175.8375,       60.69629,      -176.2242,        80.2309,      -173.3134
        120.125,       199.5588,      -177.7463,       139.3036,      -178.3609,       59.52427,      -179.4976,        79.1202,      -176.2171
       120.1875,        211.413,      -173.7374,       147.6221,      -174.9404,       62.72544,       -175.142,       83.81253,      -172.2806
         120.25,       207.2499,      -175.1932,         143.97,      -175.9684,       61.38142,      -176.7113,       81.84649,      -173.7117
       120.3125,       193.9894,      -174.3565,       135.9154,      -175.3331,       57.55534,       -175.998,       77.18018,      -172.4585
        120.375,       216.5429,      -174.3346,        149.251,      -175.1248,       62.88988,      -175.3216,       85.85052,      -172.8827
       120.4375,       188.4703,      -173.0562,       131.9216,      -173.7247,       55.88638,      -173.8192,       74.98734,      -171.6099
          120.5,       214.7551,      -177.8212,       149.0536,      -178.5014,        62.6443,       -178.772,       84.99363,      -176.1419
       120.5625,       193.3922,       -173.071,       134.5853,      -173.8641,       57.00592,       -173.977,       77.06983,      -171.3227
        120.625,       203.6228,      -174.3776,       141.3276,       -175.066,       59.03228,      -175.3836,       80.63613,      -172.8971
       120.6875,       197.1034,      -175.0393,       137.0083,      -175.8444,       57.11923,      -175.7094,       78.84067,       -173.573
         120.75,       190.5234,      -173.3074,       132.4971,      -174.0485,       55.34112,      -174.1034,       75.88528,      -171.6026
       120.8125,        199.604,      -173.2353,       138.1254,      -173.7314,       57.41095,      -173.1671,       79.16597,      -172.0659
        120.875,       192.1117,       -177.214,        133.233,      -177.7526,       55.83364,      -177.4393,       76.99982,       -175.619
       120.9375,       187.4304,      -175.8159,       130.3019,       -176.601,       53.63139,      -176.0857,       74.56738,      -174.5862
            121,       185.9319,       179.4594,       128.6446,       179.2808,       53.68789,       179.2668,       73.73928,      -178.6132
       121.0625,       183.5993,      -176.1653,       127.9729,      -176.6276,       52.55591,      -176.0166,        73.6573,      -175.3856
        121.125,       187.7113,      -177.0258,       130.3792,      -177.7642,       54.27905,      -176.7879,       74.79198,      -175.0363
       121.1875,       184.6818,      -178.9042,       127.7128,      -179.2702,       52.70548,      -178.7792,       73.76107,      -177.9575
         121.25,       179.5932,       -176.946,       124.7972,      -177.3209,        51.5696,      -176.9605,       71.38656,      -175.7883
       121.3125,       183.4695,      -179.8976,       128.3658,       179.6667,       52.26913,      -179.4645,       73.21152,      -178.3688
        121.375,       173.6138,       177.8706,       120.3573,       176.9824,       50.19457,       178.2813,       69.88704,       178.9559
       121.4375,        168.186,      -176.5306,        117.118,      -176.7522,       48.06214,      -176.4172,       67.06569,      -176.0243
          121.5,       193.3375,       176.0448,       133.7026,       175.2084,       54.67797,       176.5195,        76.2328,       177.5076
       121.5625,       163.2317,      -177.6108,        113.915,      -178.3405,       46.78594,      -177.4137,       65.72382,      -176.8848
        121.625,       180.2675,        179.778,       124.4594,       178.9604,       51.02674,      -179.3384,       71.57676,      -179.4598
       121.6875,       165.5169,      -176.4088,        114.204,      -177.3533,       46.76437,      -176.7263,       65.34928,       -175.593
         121.75,       172.5075,       177.1171,       119.1441,       176.7959,       48.58651,       178.3967,       69.42812,       177.9308
       121.8125,       161.3959,       178.8007,       111.3318,       178.2005,       45.57727,      -179.6655,       62.88801,        179.453
        121.875,       161.7916,       179.2652,       111.9271,       178.9799,       45.35369,       179.4843,       64.99022,      -179.4837
       121.9375,       170.9957,       177.8414,       118.2508,        177.027,       48.12056,       179.1265,       67.91566,       178.1656
            122,       159.4063,       176.9889,       108.8488,       176.5012,        45.0497,       178.6169,       62.44753,       177.6134
       122.0625,       154.1842,       178.6923,       107.2523,       178.6938,       42.78626,        179.402,       61.37788,       179.8715
        122.125,       159.4809,       175.3044,       109.3604,        174.936,       44.59229,       178.4279,       63.04786,       175.9821
       122.1875,       153.3324,        174.817,       106.5862,        174.675,       43.67336,       175.6716,       61.06675,       175.0717
         122.25,       145.5965,       174.4269,       100.2492,       174.2407,       41.03742,       177.0797,       57.15093,       175.7774
       122.3125,       144.9205,       175.4931,       100.5917,       175.0287,       40.64622,       177.5106,        57.4875,       175.6078
        122.375,       155.7244,       176.8831,        107.256,       177.0408,       44.08511,       178.4823,       61.65677,       177.9186
       122.4375,       145.1824,       175.3121,       100.8368,       174.9561,       41.15746,       177.1293,       56.95686,       175.9243
          122.5,       140.9803,       178.6383,       97.59208,       178.0352,       39.98783,      -179.6972,       55.39378,       178.7498
       122.5625,        143.432,       174.6948,       99.06165,       174.5521,       40.34906,       176.1951,       56.78169,       175.6227
        122.625,       137.2273,      -179.8521,       95.00674,       179.7598,       38.68305,        -176.77,       53.75283,      -179.1913
       122.6875,       142.9782,       172.4145,       98.45754,       172.1971,         39.837,       173.2592,       56.44555,        172.691
         122.75,       136.5032,       177.3737,       93.93074,       176.9361,       38.53083,      -179.6666,       52.61081,       178.0278
       122.8125,       135.5865,       175.7471,       93.73006,       176.0795,       38.20693,       177.6451,       53.84993,       177.0117
        122.875,       135.5636,      -179.4889,        93.5281,       179.7257,       37.91135,      -177.3212,       52.85967,       -179.195
       122.9375,       125.5325,       173.0923,       86.04741,       172.9625,       35.21169,       175.3282,       49.58428,       174.5209
            123,       137.8992,       176.4302,       95.75652,        176.678,       38.27327,       178.6516,       53.67656,       176.5841
       123.0625,       127.5925,       174.5465,       87.14725,       174.2463,       35.80493,        177.592,       50.17916,       175.6584
        123.125,       127.2611,       173.4214,       88.40001,       173.5792,       35.73498,       176.0035,       50.05573,       174.3337
       123.1875,       126.3363,       176.8106,         87.159,       176.5824,        35.3795,       178.6463,       49.14182,       177.6144
         123.25,       130.0417,       174.6707,       89.11141,        175.084,        36.4731,       177.9977,       51.19032,       175.1095
       123.3125,       124.8501,       174.8765,       86.68752,       175.2126,       34.86909,       177.7657,       48.66986,       176.3191
        123.375,       122.1801,        172.207,       85.01559,       171.8337,       34.44623,       175.0153,       48.02861,       172.7625
       123.4375,       119.0873,       177.3219,       81.49243,       177.6197,       33.52071,       179.5292,       46.50785,       177.9762
          123.5,       123.1832,       173.9691,       86.21101,         174.22,       34.87584,       177.3795,       48.21408,       174.4402
       123.5625,       121.5185,       173.4708,       83.10767,       173.4284,       33.95041,       176.2473,       47.35751,       174.8594
        123.625,       116.0031,       178.3036,       80.86721,       178.4382,       32.66366,      -179.6508,       45.29468,       178.3151
       123.6875,       122.2136,       177.1122,       84.63829,       177.2277,       34.21383,      -179.3997,       47.50653,       178.2779
         123.75,       114.2479,       177.0246,       79.13071,        176.907,       32.32921,       179.9949,       44.64792,       178.0624
       123.8125,       120.3474,       175.6588,       82.68063,       176.0475,       33.55665,        178.733,       47.16172,       176.0265
        123.875,       114.2224,       173.0157,       79.11842,       173.4073,        32.0844,       176.3522,       44.19522,       174.3032
       123.9375,       105.3221,       175.3445,       73.57899,       175.5968,       29.45933,       177.9268,       41.80845,       176.2522
            124,       106.8691,       174.7139,       74.13585,        174.874,       30.10219,       178.2437,       41.60868,       175.7894
       124.0625,       113.8466,       179.3061,       79.77787,       179.2377,       32.29252,        -178.09,       44.95102,       179.7136
        124.125,       107.6646,       175.2179,       74.46316,       175.0788,       30.15751,       177.7444,       41.80077,       175.7249
       124.1875,       107.1591,       176.4184,       74.71815,       176.7079,       30.24434,       178.5825,       42.15368,       177.4443
         124.25,       108.3734,       176.9034,       75.75019,       176.7713,       30.07848,      -179.2692,       42.00873,       177.8238
       124.3125,       102.8583,       175.9816,       71.39394,       175.9126,       29.03907,       177.6343,       40.64154,       176.1699
        124.375,       113.1876,       174.3062,       78.60363,       173.8581,       31.55975,       177.4902,       43.67763,       175.3696
       124.4375,       102.7797,        175.102,       71.41456,       175.1111,       28.93095,       177.5393,       40.75813,       176.1797
          124.5,        109.792,       174.4194,       76.02309,       174.4159,        30.7057,       177.1105,       42.57006,       174.1765
       124.5625,       103.6649,       178.1825,       72.39228,       177.7713,       28.60351,      -179.9484,       40.99026,       178.9143
        124.625,       108.5776,        177.459,       74.83525,       177.2192,        30.4583,      -178.5983,       41.83003,       177.7849
       124.6875,       102.2181,       175.2117,       71.38686,       175.4521,       28.66177,       178.0453,       39.90894,       176.2041
         124.75,       99.88232,       173.2987,       69.39545,       172.5931,       27.97485,       176.5748,       38.87003,        172.974
       124.8125,       102.4346,       178.5628,       70.63874,       178.2922,        28.7097,      -178.0709,       39.64333,       179.1568
        124.875,       100.6093,       174.4856,       69.90488,       174.6827,       28.26728,       176.7791,       39.43919,       175.3958
       124.9375,       97.95806,       178.1923,       67.86668,       177.5073,       27.06177,      -178.9291,       37.75803,       178.3377
            125,       102.1886,       176.3841,       70.63576,       176.6036,        28.2997,       179.8498,       40.26358,       177.2722
       125.0625,       99.29508,       176.4111,       69.00388,       176.1541,       27.90522,       179.7275,       38.16256,        175.847
        125.125,       87.31103,       174.5273,       61.05245,       174.5876,       24.53527,       177.7077,       34.13306,        175.556
       125.1875,       98.70104,       178.3651,       68.38617,       177.4413,       27.76394,      -179.7122,       37.57363,        178.535
         125.25,       92.09345,       176.2327,        63.2091,       176.3229,       25.06045,       178.4411,       35.90164,       177.3878
       125.3125,        100.926,       177.2697,        70.4525,       176.7874,       28.45879,      -179.3246,       39.61612,       177.2345
        125.375,       99.97353,       174.3072,       69.22733,       174.7244,       27.92697,       177.4773,       38.44395,       175.4933
       125.4375,       90.68204,       178.4025,        62.5263,       177.5553,        24.7833,       179.2229,       34.89587,       178.2546
          125.5,       97.05803,       179.2477,       67.13962,       178.6074,       26.99463,      -177.0677,       37.66126,       179.9554
       125.5625,       92.23324,       174.0227,       63.68296,       174.8862,       25.33836,        176.762,       35.81831,       174.7545
        125.625,       95.90601,       175.0746,       66.60757,       174.5037,        26.7511,       178.9518,       36.70351,         175.07
       125.6875,       90.56594,       175.7965,       62.70678,       175.5795,       25.06701,       177.8008,       35.20135,       176.5359
         125.75,       97.94155,       177.5656,       67.21184,       177.5314,       26.88411,      -179.7104,       37.10743,       178.2629
       125.8125,       88.79507,       175.6787,       61.67683,       175.4129,       24.66574,       179.8712,       34.61589,       176.6571
        125.875,        94.0167,      -179.9505,       65.17616,      -179.9097,       25.62018,      -177.5061,       36.16533,      -179.9924
       125.9375,       91.68413,       174.8944,        63.3597,       174.5598,       25.60822,       177.9882,        35.7162,       176.1775
            126,       87.03304,       175.4116,        60.4649,       175.2688,       24.12537,       179.2201,       33.55598,       175.4968
       126.0625,       86.80713,       175.2906,       59.69328,       174.7247,       23.49429,       177.9131,       33.47195,         176.15
        126.125,       86.55856,        175.038,       60.34387,        175.557,       24.30923,       179.0289,       33.64936,       174.3841
       126.1875,       89.00403,       179.4195,       61.14616,        179.008,       24.35596,      -178.3295,       33.84243,      -179.6755
         126.25,       82.50291,       174.3444,        57.2854,       174.2486,       22.79411,       178.5296,       31.92561,       174.3909
       126.3125,       90.87913,       176.8597,       63.54494,       177.0285,       25.17717,       179.7732,       35.31686,       178.1038
        126.375,       82.10946,       179.9033,       56.66644,       179.0789,       23.05644,      -177.3223,       31.20057,       178.9308
       126.4375,       91.15627,       174.8628,       62.53514,       174.9128,       24.61139,       177.3551,       34.58466,       176.2239
          126.5,       85.07952,       175.7463,       58.87537,       174.7133,       23.27785,       177.6395,       33.24834,        175.539
       126.5625,       85.48425,       174.4038,       58.57022,       175.5969,       23.60731,      -179.8594,       32.26216,       175.0181
        126.625,       85.38348,       177.5735,       58.73902,       177.0797,       22.93207,       179.4252,       32.85079,       177.5784
       126.6875,       82.87527,       178.4408,       57.43417,       178.1797,       23.56183,      -177.7835,       31.45232,       178.8845
         126.75,       85.81888,       175.9958,       59.34011,       176.0083,       23.57787,       177.8249,       32.45242,       177.4055
       126.8125,       80.65033,       179.0647,       54.73384,       178.7879,       21.89857,      -177.5234,       31.20501,        179.292
        126.875,       84.76944,       174.0056,       58.75672,       174.9294,       23.51929,       178.8159,        32.4189,       174.9404
       126.9375,        82.6694,       176.8727,       57.21285,       176.4086,       22.59315,       177.3342,       31.28111,        176.794
            127,       79.77967,       174.8108,        55.3247,         174.96,       21.64524,       179.8016,       30.82122,       175.8689
       127.0625,        86.1037,        179.844,       58.34246,      -179.8293,       23.37309,      -176.8142,       32.22583,      -179.1951
        127.125,        77.6675,        176.671,       55.24012,       177.2526,       21.90482,        179.881,       30.08583,        177.492
       127.1875,       79.61227,       175.1678,       54.17442,       174.8915,       21.33011,       177.5617,       30.43626,       175.9111
         127.25,       77.99782,       174.8569,        54.6436,       175.5499,        21.6182,       178.4736,       29.92452,       176.4594
       127.3125,       77.61964,       177.4404,       53.34452,       177.2368,       20.79212,      -178.5887,       29.85659,       178.1621
        127.375,       80.84927,       177.0832,       56.74308,       176.9414,       22.45654,       -179.761,       31.22813,       177.3101
       127.4375,       77.51498,       175.9524,       53.16743,       176.8239,       21.54061,       179.3359,       29.65085,       177.3411
          127.5,       79.21793,       178.9736,       55.29395,       178.9841,       21.54962,      -177.1197,       30.49771,       178.4018
       127.5625,       77.07819,       176.4812,       53.62808,       176.3463,       21.12798,       178.3487,       29.26856,       177.7983
        127.625,       81.25268,       174.5638,       56.24565,       174.5968,        22.4844,       177.7687,       31.32186,       176.0378
       127.6875,       71.76686,       -178.763,       50.29573,      -178.6214,       19.81162,      -175.7763,       27.68104,      -179.7701
         127.75,       76.41438,       172.8618,       53.50375,       172.4656,       20.69988,       176.6403,       29.09041,       173.2406
       127.8125,       81.35313,       179.3697,       55.99458,       179.1292,       22.60825,       -178.093,       30.66355,       -179.328
        127.875,       72.58687,       178.3594,        50.2121,       177.4512,       19.53551,       179.4032,       28.00596,       178.3775
       127.9375,       75.63318,       178.3209,       52.87284,       178.4375,       21.02194,      -177.8753,       29.14902,       178.3185
            128,       73.90767,       179.8079,       50.75454,       179.7997,        19.5779,      -177.1047,        27.6145,      -179.5577
       128.0625,       77.84357,       178.2427,       54.14187,       177.2381,       21.67535,      -179.4475,       30.23124,       177.6439
        128.125,       71.99844,        175.804,       49.85624,       174.9638,       19.60006,        177.437,       26.80685,       177.5948
       128.1875,       73.56098,         179.64,       50.94527,       179.4713,       19.80291,      -176.8625,       28.34026,       179.7192
         128.25,       78.05885,       178.2874,       53.07119,        177.951,       20.54727,       178.6893,       29.47827,       179.6048
       128.3125,       75.03897,       174.5387,       51.78156,       174.1706,       19.80215,       178.2899,       29.16195,       173.6848
        128.375,       73.70958,      -177.0751,       50.51803,       -176.963,       20.14134,      -173.2563,       27.57057,      -175.7374
       128.4375,       76.39008,       175.3648,       52.65708,       174.9499,        19.5847,       177.9723,        29.0389,       175.9343
          128.5,       75.39507,       178.3739,       51.33381,       178.6007,       20.64387,      -178.4507,       28.45544,       178.5413
       128.5625,       74.36881,       173.2675,       51.47515,       172.9583,       19.70259,       175.0955,       28.37141,       174.3062
        128.625,       74.59443,       175.9395,       51.26136,       176.5131,       19.48727,      -178.3248,       28.05851,       176.4313
       128.6875,       73.29793,         173.89,        50.0429,       174.1506,       19.91602,       178.7103,       28.47958,       175.0788
         128.75,       71.14095,       177.0504,        49.4718,       177.6686,       18.91317,       179.7093,       26.84367,       176.1428
       128.8125,       71.49127,       178.2501,       48.71778,       178.7517,       19.53135,      -175.8832,       26.66349,       179.1672
        128.875,       70.68247,       176.2121,       50.29204,       175.8321,       19.50038,       179.3326,       27.61082,        177.485
       128.9375,       67.93659,       175.5768,        46.8011,       175.5387,       18.84901,       179.4736,       24.89281,       175.0664
            129,       64.96951,       176.9915,       44.57026,        177.564,       17.13982,      -179.8799,       25.00301,       177.5885
       129.0625,       70.44183,       178.0273,       49.16521,       177.1071,         18.906,      -178.9375,        26.9249,       178.7749
        129.125,       69.02009,       176.9444,       47.48998,       177.4358,       19.64426,       -178.361,       25.69243,       176.5679
       129.1875,        68.6181,       177.3293,       47.77656,       177.6673,       17.65117,       178.6184,       26.36172,       179.3135
         129.25,       64.77229,      -177.7611,       45.09765,      -179.1451,       17.96946,      -175.8825,       24.60835,      -177.5238
       129.3125,       72.04781,       179.7776,       49.61244,       179.4344,       19.39474,      -178.4982,       26.94643,       179.6803
        129.375,       70.37481,       177.2883,       48.56406,       177.1492,       18.49595,      -179.2514,       26.88521,       178.3872
       129.4375,       68.12032,       177.4924,         46.638,       177.3078,       17.60277,       179.6606,       25.52135,       177.8965
          129.5,       67.49324,        173.687,       46.72086,       173.7529,          17.76,        178.917,       26.21177,       174.4271
       129.5625,       70.72608,       178.3208,       48.63151,       178.3413,       19.06147,      -179.5589,       25.94132,       178.7362
        129.625,       67.96302,        179.987,       47.01701,      -179.1312,        17.6585,      -175.5625,       26.66997,      -179.1378
       129.6875,       69.66586,       177.7083,       48.13021,       176.0659,       18.46754,      -179.3531,       25.89585,       176.8372
         129.75,       66.94994,       174.3723,       45.87004,       175.4958,        17.5737,       179.0052,       25.47501,       175.9554
       129.8125,       67.31104,       177.7692,       46.60238,       177.8849,       18.10655,      -178.0555,       25.30821,       177.6324
        129.875,         66.257,       173.4602,       46.53189,       174.0094,       17.83902,       178.4019,       25.63504,       173.7907
       129.9375,       65.36733,       176.6479,       45.13137,       175.5959,       17.60998,       179.0336,       24.20471,       176.1778
            130,       63.34293,       177.9926,       44.11152,       178.4407,       16.77362,      -177.1812,       24.49614,       179.5281
       130.0625,       65.13519,       177.2244,       45.00074,       177.3335,       17.68986,      -178.8863,       24.18383,       177.3635
        130.125,       63.58549,      -179.4601,       44.72331,       179.5407,       17.46618,      -177.6759,        24.7087,       178.6909
       130.1875,       64.05954,      -179.7128,       43.87486,       179.0824,       16.70381,      -176.3857,       23.02734,      -179.0244
         130.25,       63.15211,       176.7824,        43.6818,       177.1128,       17.36554,       179.8312,       24.52931,       177.3955
       130.3125,       65.49192,       175.4227,       45.31677,        174.906,       17.01284,       177.6879,        24.4242,        175.171
        130.375,       62.80342,       179.3354,       43.75948,       178.9707,       16.48367,      -175.5572,       23.21445,       179.5527
       130.4375,       63.98119,       177.1809,       43.47137,       176.9236,       17.34749,       178.7582,       24.63257,       178.1452
          130.5,       64.84089,      -179.8226,       45.07188,       178.8131,       17.16435,      -177.3014,       24.11261,       179.3801
       130.5625,       63.59861,       -179.646,       43.44342,      -179.7631,       16.58785,      -178.2464,       23.54545,      -179.2048
        130.625,       63.20308,       178.7319,       42.90072,       179.2051,       16.17694,      -176.6213,       23.39895,      -179.5844
       130.6875,       68.46008,       174.4474,       47.61918,       174.8847,       18.00766,       177.9981,       26.02731,       174.5234
         130.75,       64.08474,       177.5048,        43.8456,       177.0919,       17.24196,      -178.9264,       23.81897,       177.5602
       130.8125,       61.80713,       176.8794,          42.93,       176.5075,       15.63486,       179.2127,       23.45748,       176.6444
        130.875,        62.1604,      -178.2817,       42.60924,      -178.5986,       16.71855,      -174.5403,       23.09597,      -177.1881
       130.9375,       64.51439,       176.2414,       44.23988,       177.2471,        16.7353,      -178.3659,       24.15859,       177.7701
            131,        62.6513,       178.2548,        43.2617,       177.2417,       16.64718,      -178.9297,       23.61938,       176.9576
       131.0625,       61.61337,       176.8562,       42.74221,       177.5486,       16.03633,      -177.2083,       23.11092,       177.9782
        131.125,       60.19415,       177.3857,       41.66476,        177.092,        16.6149,       178.7855,       22.71847,        177.498
       131.1875,       62.57974,       176.9622,       42.96855,       177.2877,       15.60706,      -178.3034,       22.84356,       177.3152
         131.25,       60.54177,       179.5664,       41.94406,       179.1671,       16.14906,      -176.8736,       23.45281,      -179.4893
       131.3125,        60.9312,       178.6363,       41.94666,       178.7222,       16.08867,      -176.3641,       22.22389,       177.7102
        131.375,       62.51431,       176.7325,       43.34467,        176.914,       16.83769,       179.6983,       23.41235,       178.0587
       131.4375,       58.11079,      -177.8911,       39.80733,      -178.1279,       14.73367,      -175.3676,       21.91887,      -177.3907
          131.5,       61.52798,       171.6456,       42.96628,       172.3717,       16.72792,       177.1201,       23.38558,       172.7815
       131.5625,        59.8176,       -179.331,        42.2361,       179.7535,       15.55289,      -177.1312,       22.63805,      -179.3441
        131.625,       58.91734,       176.1445,       39.64172,       175.9009,       15.33844,       179.7626,       21.91976,       174.6188
       131.6875,       59.34323,       178.3455,       42.24026,       178.4317,       15.60881,      -177.8871,       22.04146,       179.6183
         131.75,       58.80193,      -179.6679,       40.40174,       179.6629,       15.75239,      -176.3846,        22.8036,       179.5373
       131.8125,        61.2737,       178.7712,       42.49517,       178.1595,       16.61523,      -178.6378,       22.15515,        178.699
        131.875,       56.97077,       178.6214,       39.90117,       177.5192,       14.24925,      -179.1516,       21.63144,       178.7868
       131.9375,       58.18911,       178.6409,       39.99504,       178.3155,       16.02768,      -178.8452,       21.66181,       176.9955
            132,       62.21542,       176.4932,       42.61609,       175.6439,       15.89331,       178.8769,       22.94417,        178.836
       132.0625,       57.72551,      -177.6567,       40.15663,      -178.5471,       15.00237,      -175.5585,       21.66397,      -179.5501
        132.125,       58.18475,       179.9823,       40.13546,       179.5336,       14.81543,      -176.0405,       21.37828,       178.8122
       132.1875,       60.95527,       176.6343,       41.02143,       176.2363,        15.8396,       178.6058,       23.04427,       178.3701
         132.25,       56.00808,      -178.5751,       39.40083,       -178.417,       14.68588,      -174.5378,       20.32129,      -179.5549
       132.3125,       60.75306,      -179.2488,       42.29734,       179.1202,       15.80751,        -175.57,       22.82756,      -177.9075
        132.375,       59.00123,       178.1278,       38.94358,       177.7466,       14.19256,       178.6415,        21.5534,        176.354
       132.4375,       61.41558,       177.1969,       42.86654,        177.419,       16.20662,      -176.3472,       23.37736,        178.301
          132.5,        56.8618,       177.0543,       38.63505,       176.9489,       14.67716,      -179.9227,       20.44635,       177.1846
       132.5625,       61.19127,       176.8135,       41.77433,       176.7439,       15.30835,      -177.2702,       22.87516,        176.098
        132.625,       55.98706,       -179.589,       38.75616,      -179.7693,       15.18672,      -177.3452,       20.63307,      -179.4198
       132.6875,       55.89693,       176.5947,        38.4799,       177.0851,       13.99905,      -178.8512,       20.82326,        177.254
         132.75,       58.62519,      -179.3082,       40.47901,       179.6325,       14.85845,      -174.8989,       21.25357,      -178.6312
       132.8125,       54.35102,       174.7995,       37.35299,       175.4392,       14.74692,       179.1256,       20.72565,       174.5435
        132.875,       58.83125,       175.6032,       40.35999,       175.5753,        15.1505,      -179.8092,       21.31673,        176.036
       132.9375,       55.05339,        179.146,       38.03296,        178.741,       14.04839,       -178.162,       20.49752,       178.8056
            133,       54.98853,       179.4753,       38.00761,       178.6768,       14.52583,      -177.1452,       19.96658,       179.7047
       133.0625,        57.3018,       179.2915,        39.7982,       179.4575,       15.33607,      -177.4951,       21.25915,      -179.8075
        133.125,       53.40103,         179.83,       36.59282,       179.1971,       13.51139,      -177.3117,       19.77809,        179.942
       133.1875,       56.97722,       179.4348,       39.18602,       178.7457,       14.82606,      -178.4634,       20.99655,      -178.6624
         133.25,       56.29604,       178.5986,       39.01949,       179.7432,       14.18011,      -179.3417,       21.16759,       177.5247
       133.3125,       54.00589,       175.9695,       37.32819,       175.8008,       14.03016,      -178.0574,       19.78447,       177.3901
        133.375,       57.98693,      -177.9423,       40.64159,      -178.9636,       14.63455,      -177.5322,       21.26428,      -178.8747
       133.4375,       55.13408,       177.3573,       38.06272,       177.8915,        14.3232,       -177.234,       20.74263,       178.9723
          133.5,       54.85588,       -177.491,       38.03051,      -178.5427,       14.07243,      -175.9178,       20.38173,      -178.0016
       133.5625,       56.81673,      -178.7944,       39.58117,      -179.2992,       14.09984,      -176.1441,       20.76118,      -178.8079
        133.625,       58.41448,       176.9345,       40.18606,       175.5867,       14.42572,      -179.1805,       21.82071,       177.9138
       133.6875,       53.66047,       177.9301,       37.03872,       178.5979,       13.80223,      -176.3066,       20.47216,       176.9212
         133.75,       54.72602,       177.1388,       37.82946,       176.0894,       14.05558,      -177.5883,       20.07109,       175.7399
       133.8125,       54.96613,       177.7193,       37.80088,       177.4114,        14.1965,       178.2499,       20.10009,       178.3349
        133.875,        54.1383,      -179.0769,       37.85658,       179.5072,       13.16125,      -172.0168,       20.14927,       179.6258
       133.9375,       55.26936,       178.2389,       37.90737,       177.7387,       14.88553,      -178.6781,       20.54692,       178.1026
            134,       52.07575,       177.8831,       36.11862,       176.8367,       13.31534,      -178.9032,       19.18446,       176.6843
       134.0625,       52.52884,      -179.7342,        35.9031,       177.9004,       13.33297,      -174.8982,       19.20262,       179.8179
        134.125,       50.47663,      -179.5774,       34.66305,       179.8322,         12.834,      -177.4594,       18.45791,       178.4635
       134.1875,       53.86813,       176.8473,       36.40582,       176.1924,       13.98842,      -179.4425,       19.42229,       176.5441
         134.25,       56.39438,       179.9429,       39.22792,        179.312,       14.36655,      -175.9773,       20.76427,      -178.6135
       134.3125,       49.80064,      -177.4366,       33.77977,      -179.0962,       12.84631,      -176.5356,       17.95696,      -178.9879
        134.375,       54.83038,      -179.3413,       37.22674,       179.0702,       13.37732,       -177.884,       19.49038,      -179.1288
       134.4375,       54.73966,       179.9025,       36.57312,       179.5833,       13.78206,      -177.5712,       19.96003,      -179.6221
          134.5,        54.7902,       177.7238,       37.76153,        176.961,       13.50312,      -179.6102,       20.08377,       178.1832
       134.5625,       54.63681,       177.5398,       36.28151,        177.162,       13.12365,      -178.4589,       19.09103,       177.1877
        134.625,       52.29288,      -178.9705,       36.04072,      -178.8379,       13.34425,      -175.5789,       19.09664,       179.9651
       134.6875,        57.2863,       178.5941,       38.78387,       178.4947,       13.69965,      -176.2748,       20.77927,      -178.9647
         134.75,       56.04219,       179.2627,       37.67097,       177.7137,       14.15854,       -179.037,       20.12449,       179.1173
       134.8125,       52.40271,       177.1375,       36.01696,       179.2846,       12.62302,      -177.6087,       18.96514,        177.339
        134.875,       53.48223,       177.9022,       36.44701,        177.424,       13.44464,       -175.207,       19.39597,       179.6346
       134.9375,       53.03536,       179.6707,       36.35191,      -179.4603,       12.80196,      -176.4332,       19.75707,       178.6784
            135,       51.52906,       175.1891,       35.77023,       175.2898,       13.61491,      -176.8721,       18.57445,       178.3526
       135.0625,       51.29047,       178.7881,       35.59588,       178.6411,        12.5193,      -178.1332,       19.13686,       176.0592
        135.125,        52.6083,       178.8627,       35.81893,        179.168,        13.8404,      -173.4937,       19.23087,      -179.0289
       135.1875,        49.4057,       177.9268,       34.51921,       177.3544,       12.59481,       178.7083,       17.70947,       176.1217
         135.25,        49.3966,      -177.4244,       34.50099,      -177.8544,       12.40854,      -169.8138,       18.45865,       -175.929
       135.3125,         51.443,       178.7961,       35.24753,       178.8962,       13.40342,      -178.2327,       18.42732,       179.2415
        135.375,       53.47481,        178.516,       36.96439,       176.7921,       13.28447,      -176.4583,       20.64088,       177.5809
       135.4375,       46.32539,       177.7978,        31.9165,       177.7713,        12.0129,       177.8113,        16.2026,       176.7479
          135.5,         54.246,      -178.2984,        37.4856,      -179.8395,       13.36917,      -172.9175,       19.79801,      -178.0206
       135.5625,       51.71444,        179.019,       35.71764,       178.2501,       13.39014,      -177.1641,       18.93163,        179.506
        135.625,       49.82096,      -177.4922,        33.7629,      -178.7609,       11.89817,      -176.5337,       17.81959,      -179.3526
       135.6875,       52.88961,      -179.4716,       36.59232,       179.1905,       13.43402,      -177.2819,       19.38744,      -179.7655
         135.75,       51.25982,       177.0218,        34.5433,       175.7437,        12.6788,       -177.846,       18.32391,       177.2395
       135.8125,       51.40589,       177.0847,       34.69868,       176.2815,       12.08993,       178.9835,       18.51542,       176.5545
        135.875,        51.9142,       177.3192,       35.67519,       176.8193,       12.78408,      -176.7738,       18.94525,       177.5537
       135.9375,       52.49244,      -177.4835,       35.74955,      -178.8946,        13.2188,      -175.7615,       18.30541,       179.7199
            136,       48.93718,       177.3996,       32.96155,       177.6483,       12.06312,      -174.9664,       17.24372,      -179.3232
       136.0625,       50.73132,      -178.4736,       34.73435,       179.9725,       12.52686,      -178.0204,       18.59448,       179.3247
        136.125,       51.64083,      -178.6989,       34.81164,      -178.7246,       12.52218,      -172.1332,       18.48345,      -178.5132
       136.1875,       51.41094,        175.812,       34.48786,       175.5224,       12.76035,      -179.6253,       17.81507,       176.6361
         136.25,       49.52691,       179.6759,       33.28991,       -179.487,       11.91195,      -174.3132,       17.95523,       179.6036
       136.3125,       52.28657,       175.6367,       36.11642,       175.6489,       13.19031,      -178.5087,       18.35798,       177.2811
        136.375,       49.32859,      -179.7887,       32.62349,      -179.8675,       11.64799,      -175.8074,       18.71243,       179.8035
       136.4375,       47.73192,      -179.2211,       33.85552,      -178.1755,       12.45716,      -172.4816,       16.54265,      -178.8405
          136.5,       52.91249,      -177.6965,       35.38437,       -179.259,       13.13448,      -174.8332,       19.15972,      -178.3766
       136.5625,       49.51736,       179.1382,       33.23856,       178.5765,       11.51079,      -175.3005,       17.59762,      -179.9252
        136.625,       50.74358,       174.7747,       34.61921,       176.4474,       13.26833,      -179.0854,       18.29282,       176.9373
       136.6875,       49.43903,       176.8012,       34.00316,       177.7694,       11.44801,      -177.7394,       17.75987,       175.8998
         136.75,       47.75799,        178.777,       32.28471,       177.0774,       12.34636,       -175.771,       17.34883,       179.5877
       136.8125,       50.24144,        176.866,        34.6535,       177.7154,       12.51646,      -179.7735,       18.03162,       178.0356
        136.875,        48.9124,      -177.9329,       33.34073,      -178.8134,       11.74296,      -172.2025,       18.05766,      -178.9515
       136.9375,       46.88173,       176.5427,       32.30572,       176.6119,       11.85524,      -178.1715,       16.38301,       175.9602
            137,       50.22186,      -178.8423,       34.65403,       179.0696,       12.83793,      -177.8024,       18.12921,      -177.2017
       137.0625,        48.7198,       175.5121,       32.52064,       176.1212,       11.33893,      -175.3584,       17.37139,       176.9074
        137.125,       48.96974,       175.0672,       33.07775,       175.8596,         12.551,       176.7548,        17.4269,       174.6353
       137.1875,       46.26376,      -179.6798,       32.75995,       179.9379,       11.30144,      -172.8387,       16.90693,      -179.8366
         137.25,       49.85395,      -179.9238,       33.60018,       179.7771,       12.48558,      -176.4036,       17.54228,      -179.0041
       137.3125,        47.1125,      -179.1257,        32.7389,      -179.7769,       11.43592,      -176.1686,       16.67022,      -178.4508
        137.375,       49.37362,      -179.9991,       33.84486,      -179.7383,       12.13931,      -171.5881,       17.94536,      -179.4637
       137.4375,       47.76197,       178.3849,       32.00339,       178.5259,       11.79952,      -179.5299,       17.18749,      -179.9938
          137.5,       49.16705,       178.9377,       33.84991,       179.3579,       11.46253,      -172.9403,       17.76488,       177.8474
       137.5625,       47.08233,       176.1776,       32.74443,        176.962,       12.00687,      -178.6609,       16.82419,       178.4102
        137.625,       47.07873,       179.8486,       32.17763,       179.2346,       11.38659,      -173.5204,       16.93754,       179.8173
       137.6875,       50.09725,      -176.6069,       34.34871,      -176.8069,        12.6394,      -172.9339,       18.23065,      -177.6814
         137.75,       48.75228,       179.6657,       33.62606,       179.3583,       11.68965,      -174.4642,       17.40688,      -178.1964
       137.8125,       47.58956,       177.5217,       32.31054,       178.0441,        11.5143,      -175.7923,       17.18499,       176.2116
        137.875,       46.46862,       177.7926,       32.17085,       176.9633,       11.74292,      -174.1783,       16.94263,       178.2769
       137.9375,       46.48487,       177.8831,       31.71559,       177.0986,       11.94442,      -179.4774,       16.65784,       176.8718
            138,       48.13572,       178.1919,       32.58082,       178.9012,        11.3492,       -174.225,       17.09401,       179.2395
       138.0625,       45.53193,       176.6358,       31.27664,       175.2933,       11.56819,      -176.7641,       16.41829,        176.453
        138.125,       48.34098,      -177.8522,       32.92454,      -178.2327,       12.09702,      -176.6611,       16.82801,      -177.9854
       138.1875,       44.88589,        178.756,       30.63028,       179.5963,       10.89565,      -174.0908,       16.08517,       179.4306
         138.25,       46.29173,      -179.7799,       32.36753,       179.7412,        11.8633,      -174.0117,       17.04644,      -179.4769
       138.3125,        47.5271,       178.1085,       32.35538,       177.7306,       11.99442,      -179.3719,       16.61215,       179.8604
        138.375,       45.03727,       175.9939,       31.38046,       175.3313,       11.08371,      -179.4871,        16.2572,       175.5838
       138.4375,       47.21647,       179.6186,       32.89756,        179.857,       11.63593,      -175.3027,       17.22949,       178.5973
          138.5,       44.71703,      -179.9814,       30.81589,       178.8595,        11.1736,      -176.9434,       16.18608,      -177.8618
       138.5625,       49.10302,       -178.149,       33.68886,      -178.9868,       11.65839,      -173.8077,       16.72238,      -179.4013
        138.625,        45.6634,      -179.1346,       31.19861,      -179.1892,       11.47922,      -175.0675,        16.8356,      -178.8676
       138.6875,       46.54454,       178.2449,       32.16526,       177.5122,       11.10418,      -175.9072,       16.60148,       178.5038
         138.75,        48.0074,        179.374,       33.58324,        178.512,       11.84215,      -176.5894,       16.82857,       178.9709
       138.8125,        46.0727,        177.946,       31.14984,       177.2352,       11.25395,      -178.8643,       17.09419,       179.7907
        138.875,       46.83046,      -179.2353,       32.55947,        179.077,       11.07736,      -172.3486,       16.37217,       176.6004
       138.9375,       47.51196,       179.7752,       31.37673,      -179.5449,       11.52545,      -174.3216,       17.29436,       179.4169
            139,       45.05552,      -177.3312,       31.69722,      -178.7748,       11.30521,      -171.3959,       15.52618,      -176.6959
       139.0625,       46.85192,       175.2151,       31.58758,       175.5156,       11.53285,       179.5238,       16.37099,       175.8769
        139.125,       43.93851,      -176.8616,       30.54124,      -177.3603,       10.67658,      -168.2039,       16.22724,      -178.5473
       139.1875,       43.44466,       176.9144,       29.75442,       175.2925,       11.18903,      -178.4005,       15.47869,       176.7976
         139.25,        47.3468,       177.1965,       32.03563,       177.1853,       11.11627,       -177.288,       16.71098,       178.5525
       139.3125,       44.13705,      -177.0306,       29.99746,      -177.3774,        10.8466,      -171.3267,        15.4638,       179.9259
        139.375,       45.50385,       178.1972,       31.82017,       177.1587,       12.34895,      -176.2175,       16.66668,       178.9484
       139.4375,       43.80086,      -176.6289,       29.51898,      -178.3353,       10.62125,      -175.4083,       15.45694,      -176.2774
          139.5,       45.68621,       179.2279,       31.86925,       178.3416,       10.78248,       -176.816,       16.06617,       177.2236
       139.5625,       43.97438,       179.1705,       29.59987,       177.7131,       10.91866,      -174.7937,       15.27593,      -179.2778
        139.625,       47.98881,       178.5361,       32.87175,       177.3523,       11.86638,      -179.0077,       17.48074,       175.7524
       139.6875,       44.98887,       179.4879,       30.04712,       177.5317,        10.6516,      -177.1388,       15.88006,      -179.8297
         139.75,       45.36148,      -178.6969,       31.15858,       179.8367,       11.13366,      -176.6306,        15.6374,       179.1462
       139.8125,       48.98896,      -178.8636,       32.39733,      -179.7818,       11.22357,      -175.2854,        16.6732,      -178.8108
        139.875,       45.13113,       179.0525,       30.59021,       178.1754,       10.76917,      -174.2723,       16.08318,       179.1907
       139.9375,       45.57725,       179.4893,       30.12813,       178.9345,       10.85503,      -176.0621,       15.38735,       179.9174
            140,       46.77165,       179.0273,       31.96191,       179.3623,       11.29866,      -174.9052,       16.48422,       178.9419
       140.0625,       46.45319,       175.8521,       31.28015,       175.1068,       11.02733,      -178.0992,       16.33563,       176.6762
        140.125,       44.17743,       178.0357,       29.82929,       179.3018,       10.55995,      -175.2245,       15.22254,       176.5469
       140.1875,       44.54084,       -178.634,       31.10393,      -179.8881,       10.76912,      -173.2111,       15.43197,      -176.4433
         140.25,       45.51512,      -175.8524,       30.08338,      -176.2952,       11.52854,      -169.7824,       16.25301,      -176.1563
       140.3125,       44.48309,       175.4564,       30.31546,       176.1347,       10.89206,      -178.5826,       15.60753,        174.492
        140.375,       44.47478,      -179.2317,       30.67685,      -179.4151,       10.51164,      -174.6119,       15.08879,      -178.3826
       140.4375,        43.6407,       177.4601,       29.19833,       176.6893,       10.40535,      -175.6516,       15.82423,       177.8163
          140.5,       45.01606,      -179.0775,       30.57367,      -178.7919,       11.16152,      -173.5922,       15.12083,      -179.6719
       140.5625,       42.97994,       178.7275,       28.92374,       179.5862,       10.67096,      -174.4321,       15.29314,       179.8521
        140.625,       45.46994,       179.1318,       31.67783,       178.8361,        10.8762,      -179.1995,       16.14671,       179.9968
       140.6875,       43.28374,      -175.3268,       29.04482,      -176.4599,        10.0778,      -168.5678,       14.88039,      -176.7034
         140.75,       46.40214,       175.1986,       31.68562,       174.4826,       11.43149,       178.3234,         16.158,       177.9363
       140.8125,       43.56467,       178.6006,       29.20607,       178.1607,       10.25615,      -172.6657,       15.37255,       178.1748
        140.875,       45.74275,       177.6268,       31.24522,       178.8746,       11.70838,      -176.8059,       16.05526,       178.8804
       140.9375,       43.31707,       175.1641,       29.77007,       174.7698,       10.03987,       177.9345,       15.55133,       176.1144
            141,       43.25377,       179.3462,        29.5141,       178.9318,       10.61122,      -175.0113,       15.00639,        179.004
       141.0625,       44.92435,      -179.4558,       31.10149,      -179.6675,       11.12855,      -173.9502,       15.67041,      -179.2723
        141.125,       40.27227,       178.1031,       27.77223,       177.7963,       9.645595,      -177.1986,       14.20981,       179.5157
       141.1875,       42.99541,       -179.354,        29.6718,      -179.8487,       10.69904,      -173.6088,       15.58925,      -178.9373
         141.25,        42.8126,       176.8584,       30.01964,       177.0259,       10.74891,       178.0798,       14.75437,       177.9145
       141.3125,       44.08268,      -177.2201,       30.35711,      -178.7617,       10.08774,      -169.7175,       15.59362,      -179.2833
        141.375,       41.49756,       176.5474,       28.41821,       176.9698,       10.36866,      -177.4775,       15.05802,       178.3125
       141.4375,       44.09441,      -178.7222,       30.35301,      -179.9915,       10.78243,      -173.7981,       14.84689,       179.6897
          141.5,        42.9127,      -178.0866,       29.33795,      -179.1687,       10.60803,      -175.8546,       15.22416,      -177.8758
       141.5625,       42.62011,      -176.7849,       29.40186,      -178.3826,        10.0449,      -172.6634,       14.94394,      -176.0307
        141.625,       45.49489,       179.6151,       30.49863,       179.9299,        11.1763,      -173.5912,       16.05197,       177.8965
       141.6875,       41.94944,       178.6444,       28.98873,       178.2112,       9.635703,      -177.4402,       14.30355,       178.2184
         141.75,       42.89677,      -179.6807,       29.18423,       179.1272,       10.23641,      -174.6073,        15.2238,      -178.2388
       141.8125,       43.94003,       179.3894,       29.74691,       178.4145,       10.79498,      -174.9743,       15.52978,       176.7937
        141.875,       43.10462,      -178.5094,       29.68573,      -179.1793,       10.46903,      -175.6275,       14.67016,      -178.0314
       141.9375,        43.5614,       179.6941,       29.29974,        178.293,       9.841441,       -175.772,       14.96072,      -179.8641
            142,       43.49256,        178.524,       29.81798,       178.9899,       10.82315,      -176.1766,        15.8305,       178.1801
       142.0625,        41.2962,      -178.9584,       28.46936,       178.4696,       10.09451,      -174.1695,       14.04277,       179.5187
        142.125,       41.77044,       177.4052,       28.25008,       176.9987,       10.17066,      -176.8751,        14.5466,       177.7205
       142.1875,       44.13093,       177.6557,       29.88188,       177.1196,       10.49328,       178.5725,       15.40661,        176.904
         142.25,       40.24785,      -179.2602,       27.36965,       178.7631,       9.781632,      -172.8722,         13.581,      -179.2598
       142.3125,       45.55403,      -178.8985,       30.69519,      -179.7529,       10.51078,      -178.3025,       16.15807,      -178.4854
        142.375,       42.60141,       179.3667,       29.02394,       179.3818,       10.34681,      -173.6635,       14.37863,       178.0665
       142.4375,       42.23315,      -178.4903,       28.87489,       178.9491,       10.19651,      -176.4789,       14.96814,       -178.626
          142.5,       41.09832,      -179.5877,        27.6191,       179.5105,       9.310063,       -173.254,       13.97877,       179.4879
       142.5625,       43.53448,       178.3034,       29.15991,       178.6837,       10.82769,      -179.3306,       14.58005,       179.6495
        142.625,       42.46061,       179.6168,       28.89571,       178.6359,       9.682022,      -175.9566,       14.83858,       178.6219
       142.6875,       43.59654,      -179.0929,       30.07806,      -179.7974,       10.05455,      -172.9719,       14.77985,      -178.2851
         142.75,       43.38612,       179.0483,       28.70953,       178.6658,       10.87697,      -178.8699,       14.97384,      -179.2771
       142.8125,       43.92385,      -178.9357,       29.75543,      -178.5756,        9.49754,      -169.7174,       15.23474,      -178.6951
        142.875,       41.11762,        178.615,       28.08286,       178.9701,       9.965055,      -176.9829,       14.47138,       178.6291
       142.9375,       42.97829,      -179.3524,       29.56919,       179.1572,       10.42025,      -174.5505,       15.10673,       179.4309
            143,       42.74265,       178.9027,       29.01414,       178.8848,       9.853847,      -175.7655,       14.11269,        177.756
       143.0625,       41.99736,       179.4736,       28.89535,       178.6767,       9.651203,      -173.8304,       14.55768,      -179.4897
        143.125,       43.04961,       179.7495,       28.89171,       179.6773,       10.60834,      -173.8728,        14.6459,       179.0667
       143.1875,       41.00518,      -177.8828,       27.95792,       179.5465,       9.817742,      -175.4337,       14.26484,      -176.0097
         143.25,       42.16428,        178.974,       28.07876,      -179.8369,        9.49544,      -173.3886,       14.95872,       178.2582
       143.3125,        39.8546,      -179.5123,        27.9705,       178.6358,       9.725757,      -178.2366,       13.48025,      -179.8586
        143.375,       43.37484,      -179.0021,       28.50773,        179.898,       10.22821,      -172.1197,       14.82595,       179.4834
       143.4375,       41.09239,       177.5178,       28.12533,        178.447,       9.047657,      -179.3696,       14.18215,       178.8041
          143.5,       41.40502,      -179.9462,        28.3029,       178.0604,       10.54621,      -175.1881,       14.14836,       179.2227
       143.5625,       42.49011,      -178.1606,       28.48935,       -179.091,       9.189388,       -173.668,       14.49807,      -176.4846
        143.625,       41.62822,        179.862,       28.17333,       177.9668,       10.00494,      -177.3652,       14.98062,       178.0887
       143.6875,       41.95136,       178.4126,       28.30426,       179.3952,        9.73646,      -176.8025,       13.17144,      -179.7793
         143.75,       42.28589,      -178.4335,       28.71205,       179.8585,       9.610044,      -171.6763,       14.96041,      -179.8659
       143.8125,       40.54522,       177.5489,       27.22437,       178.0712,       9.620535,      -179.2863,       13.50247,       179.0145
        143.875,       42.65894,        179.563,       29.13194,       177.9527,       9.875876,      -175.8825,       15.27918,      -179.0555
       143.9375,       42.68812,      -179.2432,       28.78013,       179.8448,       9.639187,      -174.1073,       13.92333,       178.5366
            144,        42.0596,       179.5592,       28.62358,        178.815,       9.994719,      -175.0834,       15.20661,      -178.4813
       144.0625,        42.7574,       179.0387,       28.85688,       179.0427,       9.696844,      -178.2446,        14.0106,       178.7961
        144.125,       40.42443,      -178.6001,       27.31097,      -179.5507,       9.257177,      -170.2379,       14.09727,      -179.6029
       144.1875,       42.79692,      -179.6319,       28.72668,       179.4048,       9.766642,      -174.2011,        14.6728,      -179.8021
         144.25,       40.58206,       177.3176,       27.77644,       179.0674,       9.405977,      -174.0342,       13.53764,       177.1905
       144.3125,       41.25204,       179.1724,        27.9563,       177.7116,       9.680833,      -178.3069,       14.13196,      -179.0849
        144.375,       40.44743,       179.7778,       27.40456,       179.9931,        9.26432,      -169.9751,       14.21775,       179.1575
       144.4375,       41.13704,      -176.5674,       28.18149,      -176.5602,       9.654629,      -173.1791,       13.90238,      -173.2524
          144.5,       40.81559,      -179.9554,       27.54569,      -179.3312,       9.508137,      -172.2303,       13.87618,       176.9815
       144.5625,       41.24166,      -179.3993,       28.45597,       179.9445,       9.231549,      -172.1618,       14.63502,      -177.3521
        144.625,       39.05105,       178.7211,       26.56814,       177.7607,       8.718599,      -175.6613,       13.30158,       178.3122
       144.6875,       42.37429,       178.8124,        29.2283,       178.4198,       10.86231,      -174.0232,       14.56322,       179.5462
         144.75,       39.13779,      -178.2095,       26.39569,       179.7214,       8.240653,      -176.0467,       13.75834,      -179.4418
       144.8125,       41.92103,       178.4413,       28.31789,       178.5556,        9.95753,      -174.7292,       14.25457,       179.7276
        144.875,       41.12165,      -176.6501,       28.30938,      -178.9645,       8.939023,      -173.5775,       14.31396,      -179.6262
       144.9375,       39.61404,       176.9357,       26.50301,       175.4588,       9.091678,       -175.222,       12.93599,       177.7409
            145,       41.52506,      -176.3221,       28.18745,      -177.0022,        10.2305,      -169.4873,       14.55724,       -175.756
       145.0625,       40.21086,       176.8924,       27.41954,       175.1121,       9.132911,       177.2643,       13.50471,       174.4939
        145.125,       44.13698,      -179.6598,       28.94834,       179.8801,        9.47456,      -172.9033,       14.59445,      -177.6681
       145.1875,        40.4849,       178.6635,        28.0749,       178.4716,       9.190045,      -170.0944,       14.21419,       178.6247
         145.25,       40.88426,       178.0696,       27.41322,       176.8287,       9.965366,      -176.4064,       13.62315,       177.5903
       145.3125,       40.35775,      -179.6358,       27.75223,      -179.5503,       9.056567,      -172.6716,       13.54524,      -178.6508
        145.375,       39.34312,      -176.9261,       26.36813,      -178.7174,       9.132047,      -172.0391,        13.5973,      -177.6764
       145.4375,       42.24189,      -179.7514,       29.15882,      -179.2943,       9.664559,      -170.7749,       14.19214,       179.2813
          145.5,       39.29622,        179.794,        26.4311,       179.0746,       9.007318,      -173.7415,        13.1383,      -177.6003
       145.5625,       40.68213,       179.1063,       28.20611,       178.9559,       9.411139,      -168.3624,       14.27975,        177.711
        145.625,       39.60679,      -179.0444,       26.64923,       178.7627,       9.140231,       -175.391,       13.83175,       -178.549
       145.6875,       42.34255,      -177.6967,       28.36807,      -177.5376,       9.874232,      -170.4785,       13.79606,       178.4672
         145.75,       39.98274,      -178.9797,       26.92497,        179.108,       8.791075,      -167.7209,       13.48119,      -179.0025
       145.8125,       41.97494,      -179.7283,       28.46383,      -179.3348,        10.2039,       -170.241,       13.97641,      -178.6416
        145.875,       38.09182,      -179.7573,       25.49292,      -179.4659,       8.877075,      -172.2964,        13.0836,       -178.043
       145.9375,       40.50261,       179.9773,        27.4131,       178.0926,        9.00669,      -172.8871,        13.5569,       177.8946
            146,       42.30872,       179.4656,       28.09876,       177.6356,       9.577545,      -170.5015,       14.43958,      -179.7675
       146.0625,       42.10453,       179.0578,        27.9369,       179.6467,       10.32025,      -175.4191,       13.96708,       177.4288
        146.125,       39.72902,       179.0689,       26.71606,       178.2991,       8.545155,      -171.7727,       13.36601,      -179.6085
       146.1875,       41.16479,       179.7377,       27.84221,       178.4994,       9.867627,      -172.9257,       13.82934,       179.6427
         146.25,       40.30923,      -178.1653,       27.29043,      -178.4365,       9.459724,      -169.2198,        13.4879,      -177.2617
       146.3125,       40.52158,       179.6147,       26.96125,       178.2062,        9.76287,      -173.7251,       13.83251,       179.3411
        146.375,       40.91008,       177.0752,       27.64814,       177.5203,       9.652858,      -174.7891,       13.43233,       177.5128
       146.4375,       41.23766,       179.1596,       27.76306,       179.8945,       9.584994,      -169.7109,       13.95838,       179.2088
          146.5,        41.0067,       177.7065,       27.21284,        176.091,       9.775221,      -176.8451,       13.96118,       179.3515
       146.5625,       37.39841,       178.9777,       25.67158,      -179.5499,       9.110165,      -169.5311,       11.83658,       178.0153
        146.625,       42.36739,       179.8571,       28.28374,      -179.7512,         10.123,       -171.766,       15.00323,      -177.4078
       146.6875,       37.53603,      -178.7343,       26.11136,      -179.1387,       9.185532,       -171.146,       12.22947,       179.2491
         146.75,       40.17113,      -179.5231,       26.90231,       179.5432,       10.45467,      -170.4573,       13.70563,      -177.4643
       146.8125,        41.0479,       177.2623,       27.68296,       177.4564,       9.592718,       179.4918,       13.86111,       176.8815
        146.875,       39.03312,       179.2039,       26.63296,       179.8095,        9.21963,      -167.6976,       13.25034,       179.8596
       146.9375,       41.11909,      -179.7348,       27.68871,      -178.3731,       9.882976,      -171.1484,       13.44303,      -179.6301
            147,       38.66179,       177.6868,       26.98654,       176.6022,       9.844753,      -174.1918,       13.34112,       178.1191
       147.0625,       39.28479,      -177.8468,       26.64675,      -177.4494,       10.10617,      -169.3096,       13.34332,      -176.0484
        147.125,       39.07798,       179.0649,       27.14119,       179.0088,       9.726217,      -175.0059,       13.40618,       179.2609
       147.1875,       38.58889,       -178.253,       26.10105,      -179.5269,       8.975537,      -170.2722,       13.14237,      -179.4269
         147.25,       42.05395,       176.6307,       28.49413,       176.2273,       10.55339,      -176.1859,       13.99356,       177.8018
       147.3125,       37.26773,      -178.0432,       26.15337,      -177.7155,       9.511629,      -169.2035,       12.97863,      -178.4699
        147.375,       39.59228,       179.0537,       26.97703,       178.2258,       10.01212,       -175.264,       13.76476,      -179.8027
       147.4375,       39.36647,      -177.9867,       26.83435,      -179.5475,       9.723883,      -177.5083,       12.78105,        178.707
          147.5,       40.38492,       178.7318,       27.30677,       177.3504,       9.226295,      -170.3899,       14.03611,      -178.9018
       147.5625,       36.83251,       179.5884,       25.51361,       179.6399,       10.03613,      -177.6549,       12.12295,       177.9593
        147.625,       41.32115,      -177.4447,       27.74308,       179.7297,       9.706804,      -171.4124,       14.11645,      -176.8721
       147.6875,       38.18372,       176.0039,       25.91215,       176.3391,       9.834593,      -179.1459,       12.61817,       174.4346
         147.75,       38.75459,      -179.5298,       26.66214,       178.0377,       9.144731,      -178.1087,       13.01141,      -177.4803
       147.8125,       38.14913,       179.9465,       25.57767,       179.6835,       9.712421,      -172.2587,       12.83579,       178.5965
        147.875,       41.27371,      -178.0071,       27.22394,       179.3463,       10.14939,      -176.4132,       13.59795,      -179.6463
       147.9375,        37.8616,       178.2869,       26.12329,       179.9436,       9.621186,       178.8569,       12.21397,       179.5361
            148,       39.37138,       -178.945,        26.9281,       178.4114,       9.268404,      -176.0118,       13.37953,      -178.3937
       148.0625,       41.32912,       177.8392,       27.83137,       176.7034,       9.720239,      -179.5134,       13.42365,       178.2527
        148.125,       37.46935,      -179.9991,       25.70233,      -179.9144,       9.559429,      -174.6807,       12.74602,       177.9689
       148.1875,       40.09426,      -179.5397,       26.93953,       179.2218,       9.281987,      -177.5052,       13.36268,      -177.1138
         148.25,       38.29294,      -179.6014,       26.18522,       178.5574,       9.483103,      -176.5882,       12.85708,       179.6072
       148.3125,       40.32309,      -177.6673,       26.96827,      -177.8464,       9.633455,      -173.6358,       13.24606,      -177.9576
        148.375,       39.01337,      -178.5156,       26.68878,        -179.14,       9.501966,      -177.3671,       13.04191,       179.6463
       148.4375,       39.64696,      -178.3729,       26.65838,      -179.2291,       9.166004,      -171.7635,       13.30417,       -177.526
          148.5,       39.67998,       178.4727,       26.38692,       177.6085,       9.623546,      -179.6241,       12.80251,       177.2645
       148.5625,       37.94586,       179.4651,       26.06853,       179.3712,       8.957204,       -174.018,       12.88738,      -179.9069
        148.625,       39.53179,      -178.8536,       25.90181,       -179.373,       8.848943,      -178.3183,       12.71975,       179.9035
       148.6875,       39.89787,      -179.0568,       26.88971,       178.9147,       9.595068,      -175.3018,       13.40457,      -177.1151
         148.75,       37.61253,        178.052,       24.99005,       179.7364,       9.010733,      -174.8324,       12.61795,       177.1466
       148.8125,       37.79558,      -178.5615,       26.19287,       179.6635,       8.943298,      -178.0075,       12.37517,      -179.5399
        148.875,       39.28233,       178.4924,       25.92707,       179.5963,       9.380205,       -178.329,       13.00433,      -178.3474
       148.9375,       38.48831,       178.9405,       26.35481,       176.6006,       8.906046,      -179.7697,       12.84786,       177.4905
            149,       37.51611,       176.3708,       25.02804,       177.3571,       8.778303,       178.1593,       12.25469,       178.0857
       149.0625,       38.69713,      -179.0901,       26.43131,       179.3253,       8.907702,      -175.2233,       13.07877,      -178.5045
        149.125,       38.30734,      -179.8547,       26.23193,       178.9181,       9.044005,      -179.2595,        13.1312,      -178.1317
       149.1875,       39.99018,       -177.271,       26.64382,      -179.0654,       8.946848,      -177.2171,       12.75146,      -179.0608
         149.25,       38.59305,       179.5447,       26.18584,       178.9474,       8.816183,      -177.3091,       13.26985,       179.8959
       149.3125,       38.36457,       178.2496,       25.99168,       178.1708,       8.812591,      -178.4286,       12.30192,       177.2662
        149.375,       38.30139,       179.3108,       26.04125,       177.4493,       8.970052,      -178.8461,       13.34995,      -179.3068
       149.4375,        38.5111,      -178.8251,       26.42931,      -178.6725,       8.809543,      -176.5195,        12.3476,       178.7106
          149.5,       40.02837,      -179.5071,       26.63212,       178.8138,       8.484787,       -178.745,       13.08044,      -178.3727
       149.5625,       38.03719,      -176.0938,       25.71444,      -176.6593,       8.547241,      -169.9614,        12.5665,      -175.3072
        149.625,       38.08849,       179.1081,       25.64379,       179.1324,       8.556704,      -174.4778,       12.46861,       178.1604
       149.6875,       38.30313,      -179.2754,       25.95853,      -179.5595,       8.938374,      -174.6141,       12.93229,      -176.7446
         149.75,       36.77126,      -178.9077,       25.08309,       179.9308,       8.751138,      -178.3224,       11.98162,        178.472
       149.8125,        39.2595,       179.0097,       26.00377,       179.5196,       8.125986,      -174.6111,       13.05192,       -179.427
        149.875,       36.87991,        -178.99,       25.21999,       179.9178,       8.645562,      -172.6445,       12.17688,       179.0335
       149.9375,       39.03652,       179.6773,       26.19386,       179.3021,       8.929346,      -179.4552,       12.71536,      -178.8318
            150,       37.16916,      -178.4058,       24.98633,       -179.297,       8.569674,      -172.6709,       12.79549,       179.9114
       150.0625,       39.09588,      -179.4536,       26.71404,       178.5638,       8.248889,      -179.9363,       12.66438,      -179.7843
        150.125,        37.1456,       178.7062,       24.71013,       178.9851,       8.725172,      -176.1098,       12.01778,       179.2226
       150.1875,        39.4145,      -176.8368,       26.32478,       179.5556,       8.781371,      -171.2769,       13.02233,       -178.108
         150.25,        39.2593,        177.289,        26.3268,       178.7114,       9.095779,       175.8487,       13.03641,       178.9495
       150.3125,       38.58391,       178.2403,        25.9145,       177.6634,       8.249315,      -174.1608,       12.62772,       177.6777
        150.375,       37.44458,      -178.7331,       25.04413,       179.8023,       7.887302,      -176.1677,       12.02581,      -179.2693
       150.4375,       39.56134,      -178.3532,       26.52288,       179.9641,       9.144164,        -177.36,       13.31879,      -177.7623
          150.5,       37.92637,         178.79,       25.45229,        179.112,       8.195122,      -174.8092,       11.51052,       179.1801
       150.5625,       39.29665,      -177.8816,        26.3676,      -178.9454,       8.877277,      -170.6906,       13.24026,      -175.7494
        150.625,       38.20681,       175.9615,       25.62119,       177.4245,       8.535674,       174.3847,       12.43694,       176.2473
       150.6875,       37.95781,      -178.5454,       26.15175,      -179.4159,       8.292753,      -168.1443,       12.43931,      -179.1395
         150.75,       38.82561,       178.3432,        25.1803,       176.8684,       8.290118,      -179.4328,       12.31173,      -179.2033
       150.8125,       39.24507,       178.8154,       26.65602,       179.9299,       8.954985,      -174.2754,       13.48747,       177.0423
        150.875,       33.97498,      -179.5171,       23.06176,        -178.48,       7.577295,       -173.233,       10.18603,      -176.1572
       150.9375,       39.20256,      -178.9481,       26.50587,       179.4752,       8.754222,      -176.3217,       13.65061,      -178.8611
            151,       36.63873,       178.7002,       24.89857,       179.2264,       8.261744,      -172.4686,       11.88468,       178.2069
       151.0625,       39.04469,      -179.4444,       26.61867,      -179.4637,       8.799327,      -176.4726,       12.71356,      -177.5607
        151.125,       38.00361,      -179.6149,       25.59154,       -179.586,        8.57053,      -172.6921,       12.22181,        177.736
       151.1875,       38.30552,       177.8797,       25.83751,       178.4171,        8.88321,      -177.0206,       12.48304,      -177.4389
         151.25,       36.86098,       -177.824,       25.86032,      -179.7417,       8.086239,      -175.1324,       13.14778,      -178.9178
       151.3125,       39.49236,      -179.1212,       25.95127,      -178.5399,       8.389772,      -171.2531,       12.51721,        178.968
        151.375,       37.16319,      -179.9851,       25.87064,       179.7881,       8.648049,      -174.0973,       12.13284,       -178.344
       151.4375,       38.20535,       179.8202,       25.74171,       179.0748,       8.391886,      -172.6691,       12.27302,       177.7985
          151.5,       36.18208,      -179.4898,       24.18404,       179.0565,        8.77988,      -175.3409,       12.24681,      -174.6985
       151.5625,       38.24872,        -178.91,        26.1951,      -178.8155,       7.959462,      -174.1069,       13.14381,       179.6187
        151.625,       37.62381,      -179.9848,       25.39157,      -178.9358,       8.912213,      -174.5891,       11.92228,       178.8695
       151.6875,        36.9992,        179.525,       25.70971,         176.94,       7.851503,      -176.7702,       12.49466,      -179.2867
         151.75,       36.03777,      -178.3667,       24.39386,      -178.4417,       8.845262,      -175.2921,        11.6812,      -179.1358
       151.8125,       38.72769,       179.5408,       26.17685,       177.7118,       8.281219,      -175.6668,       12.56575,      -178.6898
        151.875,       37.41597,       178.2245,       25.70469,       178.2913,       8.247169,      -177.8483,       12.19681,       177.1746
       151.9375,       36.76788,      -179.4025,       24.69587,       178.2696,       8.105116,      -176.7042,       12.43654,       179.5166
            152,        37.1868,       178.6332,       25.58754,       178.2653,       8.649426,      -177.2474,       11.58203,       179.7256
       152.0625,       37.69723,      -179.2168,       24.93444,       179.3932,       7.951234,      -174.8779,       12.54752,       179.8766
        152.125,        37.9869,      -179.1584,       25.62787,       179.9203,       8.592734,      -174.8596,       12.16227,       178.9282
       152.1875,       37.54093,       179.8615,       25.54896,       178.7151,       8.661803,      -175.4855,       12.04852,      -177.8119
         152.25,       39.82452,      -179.6284,       27.42947,      -178.9744,       8.815884,      -175.6803,       12.80939,      -179.0353
       152.3125,       36.17693,      -179.3458,       24.17204,       178.3415,       8.111656,      -172.5626,       11.86921,       179.9124
        152.375,       38.31483,      -178.3894,       25.52902,      -177.2111,        8.61498,      -173.9114,       12.27423,      -179.4689
       152.4375,       38.10291,       178.6393,       26.64921,       177.8241,       8.315997,      -177.5849,       12.44581,       179.8216
          152.5,       36.61164,      -178.1406,       23.94234,      -177.7239,        7.88487,      -169.4149,       12.51727,      -178.3208
       152.5625,        37.2196,      -175.4316,       25.90412,      -176.1622,       8.311435,      -165.5265,         11.532,      -176.5974
        152.625,       37.39585,      -179.7672,       25.00984,      -179.6835,       8.696505,       -176.014,       12.09649,      -177.7814
       152.6875,       36.95148,      -179.0246,       25.46928,       178.6587,       8.494876,      -177.5005,       12.93079,      -179.6026
         152.75,       37.84266,      -179.3661,       25.19241,      -179.0763,       8.279411,      -170.0658,       11.49404,      -179.9176
       152.8125,       35.97564,      -179.6689,       24.56524,       179.1391,       7.905496,       -174.907,       12.69489,      -179.5067
        152.875,       37.61958,       179.1451,       25.35229,       177.5701,       8.495365,      -175.6785,       11.11242,       177.6242
       152.9375,       37.37194,       179.7411,       24.70461,        179.353,       8.235669,      -176.0634,       12.49612,      -178.5238
            153,       35.09183,        -177.64,       23.78176,      -179.1854,       7.716058,      -175.4148,       11.99456,      -177.6548
       153.0625,       39.64894,        178.346,       26.82231,       176.3126,        9.12797,      -179.1015,       12.65491,       176.0102
        153.125,        35.5902,      -179.7215,       24.37794,      -179.8663,       7.807839,      -175.4428,       11.33883,      -178.7444
       153.1875,       37.59875,       179.2202,       25.01759,       177.0959,       8.258009,      -178.0607,       12.00215,       179.2534
         153.25,       38.40922,       178.8297,       26.14601,       177.9893,       9.118314,      -177.2247,       12.39967,       177.4621
       153.3125,       37.16527,      -179.7676,       24.77848,        178.267,       7.512318,       -177.463,       12.09756,      -177.9055
        153.375,        36.6031,      -177.7703,       24.50146,      -177.9117,       8.042663,      -172.2843,       11.78225,       179.9347
       153.4375,       40.23977,       179.9419,       27.04212,       179.4051,       9.142988,      -174.3393,       12.77762,      -177.4315
          153.5,        36.0118,      -176.8349,       24.67289,      -176.2899,       7.827603,      -174.0466,       11.34269,        179.767
       153.5625,       38.24103,       179.2596,       25.29451,       178.1504,       8.177461,      -173.0749,       12.38624,      -176.7353
        153.625,       36.06184,      -177.1208,       25.33256,      -177.1389,       7.953686,      -172.1927,       11.92573,      -178.2803
       153.6875,        39.2575,       179.7872,       25.83002,       179.3118,       8.641049,      -172.1445,       12.42057,       178.4103
         153.75,       37.41314,      -179.3723,       25.22846,      -179.0496,       8.172247,       -171.585,       12.34488,      -179.1473
       153.8125,       35.62071,      -179.5829,       24.01545,      -179.8408,       7.713331,      -173.8815,       11.40568,      -177.4464
        153.875,       35.36007,       179.5685,       24.18762,        179.067,       7.789856,      -172.5706,       11.50247,       176.0567
       153.9375,       36.90623,      -176.9995,       24.27375,      -176.9673,       8.770623,      -170.8346,       12.02941,       -175.655
            154,       35.97296,       178.6534,       24.37802,       178.1421,       7.293858,       -177.256,       11.59026,       177.3686
       154.0625,       37.60252,      -179.7778,        25.8629,       179.8684,       8.943439,      -173.1705,       12.15144,      -178.0895
        154.125,       34.56096,       179.3508,       23.45362,        178.396,       7.892689,      -177.9408,       11.59449,       179.0805
       154.1875,       39.73223,       179.5399,       26.52902,       178.3818,        8.27809,      -176.2601,       12.77013,       177.6717
         154.25,       35.17033,      -178.8184,       23.64285,      -179.5905,       7.757411,      -175.0155,       11.24102,      -179.7627
       154.3125,       38.21574,       179.9033,       26.18364,       179.3147,       8.782766,      -173.1569,       12.27124,      -178.6657
        154.375,       37.03301,      -179.3557,       24.71822,       179.7913,       8.306456,      -176.6428,       11.85764,      -179.8065
       154.4375,       36.55529,      -179.1879,       24.92212,      -179.1681,       7.932606,      -178.1938,        11.7816,      -178.8628
          154.5,        37.4538,       179.3537,       25.42761,       178.2079,       7.640364,      -173.8837,       12.32831,      -179.8479
       154.5625,       36.47024,      -179.4892,       25.01542,      -179.7722,       8.929582,      -173.5449,       11.73945,       178.0719
        154.625,       35.95003,      -178.5884,       24.42239,      -178.3787,       7.747668,      -173.7378,       11.08636,      -175.7556
       154.6875,       37.44258,      -179.5496,       26.33642,       178.7316,       8.347739,       179.6172,       12.78742,      -179.1228
         154.75,       35.56013,      -177.3454,       23.37443,      -176.2837,       7.807758,      -167.1723,       11.11255,       179.8849
       154.8125,       36.12307,       178.7493,        25.5542,       177.6513,       8.038229,      -178.1365,       11.86715,      -179.1886
        154.875,       36.67427,      -177.4198,       24.78013,       -178.673,       8.044467,       -171.767,       11.89577,      -178.7547
       154.9375,       36.17062,      -178.7658,        24.8296,      -178.8801,       8.305192,      -172.9783,       11.58008,      -179.7925
            155,       34.48926,      -179.0718,       24.05769,      -179.1485,       7.774172,      -173.2594,       11.22028,       178.2262
       155.0625,        36.2891,       179.6401,       24.50926,       176.5057,       8.208656,      -176.1191,       11.48174,       179.9234
        155.125,       37.17739,      -178.0287,       24.90716,      -177.8959,       7.782727,      -174.0806,       12.04231,       179.9749
       155.1875,       34.90859,      -176.8001,       24.84538,      -179.2271,       8.343032,      -170.0138,       11.52344,      -177.4437
         155.25,       37.83045,      -176.9345,       25.23076,      -177.3626,       8.710825,      -177.7354,       11.47383,      -176.6537
       155.3125,       35.46327,      -178.0368,       23.38229,        178.894,       7.234771,      -169.1187,       11.86286,       178.0501
        155.375,       37.64062,      -178.0949,       26.26635,      -179.4188,       8.561511,      -178.4904,        11.5407,      -177.8364
       155.4375,       37.64353,      -176.9698,       25.03452,      -176.7832,        8.36512,      -170.8047,       11.89383,       -176.177
          155.5,       36.83538,      -179.0284,       24.82601,       178.7629,       7.996418,       -174.372,       12.05353,       177.6296
       155.5625,       38.86403,      -178.4532,       25.43166,       179.8222,       8.276871,      -176.4891,       11.68968,      -179.8767
        155.625,       35.72653,      -176.1874,       24.98373,       -176.599,       8.001433,      -169.4968,       11.65413,      -172.9184
       155.6875,       36.84645,      -177.5568,       24.31192,      -179.8029,       7.640134,      -178.1687,       11.94073,       178.8679
         155.75,       38.53493,      -178.4182,       25.04334,       179.8964,       8.739618,      -173.6964,       11.86972,      -178.5814
       155.8125,       35.59432,       178.1172,        24.5202,       177.6379,       7.206344,      -178.5592,         11.027,       175.3506
        155.875,       37.22316,      -177.2228,       24.97029,      -178.9671,       8.217938,      -173.5794,       11.49976,       -174.252
       155.9375,       35.96623,      -179.4183,       24.27133,       179.3304,       7.962728,      -176.7675,       11.96065,       179.7636
            156,        37.9779,      -179.3869,       25.34809,       178.6365,       8.009561,      -177.9018,       11.56704,       178.4554
       156.0625,       36.70198,      -178.4146,        24.8236,       178.6887,       7.654574,      -174.5417,       11.30614,       178.3735
        156.125,       37.51297,       179.2789,       25.08567,       178.2225,       8.298753,      -178.0825,       11.56086,      -178.0103
       156.1875,       36.14362,      -176.0783,       24.10228,       -176.962,       7.619224,      -170.2736,       11.41543,      -179.4314
         156.25,       37.89399,       178.4646,       25.24991,       176.3113,       8.236943,      -177.7054,       11.78945,       178.9144
       156.3125,       37.45937,      -176.4725,       25.25535,      -176.6354,       7.813028,      -170.4005,       11.37956,      -178.6148
        156.375,       37.71643,      -178.6421,        24.3471,       179.7138,       8.451408,       -176.705,       11.50972,      -177.4896
       156.4375,       38.50654,      -178.0501,       26.07617,      -177.0813,       7.683853,      -169.0166,       11.92512,      -176.9137
          156.5,       36.37552,      -176.5814,       24.06477,      -177.6753,       8.186355,      -169.8015,       11.26535,      -178.1715
       156.5625,       38.54004,      -179.4598,        25.9023,       -178.183,       8.104762,      -173.8457,       12.34515,      -177.1154
        156.625,       38.45908,      -176.5711,       25.77845,      -177.3242,        8.16787,      -168.4725,       12.07672,      -177.8259
       156.6875,       37.68124,        178.796,       24.84435,      -179.7331,       8.176882,      -174.3076,        11.2795,      -179.8091
         156.75,       36.32896,      -179.5369,       23.92185,      -179.5084,       6.880191,      -172.3557,       11.63565,      -178.2818
       156.8125,       36.61292,      -179.8892,       25.13266,      -179.3217,       8.790113,      -172.8475,       11.76514,      -179.6878
        156.875,       36.64864,      -178.0602,       25.20476,      -179.9273,       7.529202,      -173.3474,       11.18182,      -177.0145
       156.9375,       35.97828,       176.9926,       23.32984,       177.5503,       7.974537,       -179.945,       11.37198,       177.5003
            157,       36.84216,      -178.5249,       25.38251,      -179.9407,       7.397864,      -173.0796,       11.35708,      -176.9345
       157.0625,       35.96595,       178.4136,       24.41497,       179.2463,        8.28052,      -175.1194,       11.79678,       179.6672
        157.125,       36.25295,       177.4622,       24.27899,       175.4826,       7.601009,       177.1558,       11.06831,       176.9561
       157.1875,       37.45973,      -179.6208,         25.209,       179.3782,       7.780409,      -173.3985,       12.08621,      -178.4287
         157.25,       35.36055,       178.1461,       24.35659,       178.3795,        8.12213,      -174.9989,       11.16076,        176.788
       157.3125,        36.5162,       -177.451,        25.1467,      -179.2296,       8.044054,      -177.8196,        11.3928,      -178.9495
        157.375,       37.06931,      -178.8822,       25.12338,      -179.2833,       7.648467,      -175.2031,       11.48131,      -175.0475
       157.4375,        35.6574,        178.063,       24.25846,       177.4128,       7.591839,      -176.2801,        11.1285,       175.6171
          157.5,       37.46401,      -175.8199,       25.68339,      -176.3283,       7.846604,      -167.3129,       11.78835,      -175.6734
       157.5625,       36.47581,      -179.4842,       24.69773,      -179.4414,       8.234307,      -171.7192,       11.70889,      -179.7323
        157.625,       36.96664,      -178.0287,       25.65302,      -177.5321,       7.824559,      -172.0292,        11.0788,       -176.996
       157.6875,       36.62734,      -178.3638,       25.58813,      -179.4254,       8.221258,      -172.0183,        11.8259,      -175.7392
         157.75,       36.20516,      -174.3418,        24.1047,      -175.5979,       7.775671,      -166.4763,       11.67404,      -177.4553
       157.8125,       36.36002,      -177.3735,       24.96568,      -178.1188,       7.882727,      -171.8799,       11.47546,      -177.0031
        157.875,       37.38801,       179.3773,       25.43459,       179.1078,        7.71496,      -173.3317,        11.3586,        176.711
       157.9375,       33.37662,      -178.1771,       22.59371,       179.5724,       7.500171,       -170.994,       10.64115,      -175.6878
            158,       38.30901,      -179.6941,       25.41523,       178.6086,       8.161604,      -178.4533,       12.52234,       177.4912
       158.0625,       34.85558,      -177.0302,        23.6911,      -177.0999,       7.359569,      -169.6834,       10.92858,      -175.3937
        158.125,       37.46226,           -178,       25.32806,       178.7312,       8.102167,      -174.4315,       11.72952,       178.0935
       158.1875,       37.85664,      -178.9914,       25.02943,       177.7268,       8.049088,      -176.8811,        11.4956,      -179.2689
         158.25,       35.88495,        178.866,       24.14315,       178.9666,       7.527535,      -177.7969,       11.67779,       178.6467
       158.3125,       36.82708,      -178.7294,       24.48285,       178.7227,       7.898592,      -176.0546,       10.86827,      -179.4969
        158.375,       36.29162,       178.1667,       24.61184,        178.008,       7.423102,      -174.3562,       11.51174,        177.653
       158.4375,       37.70629,      -178.6376,       24.95267,      -179.7724,       8.170332,      -174.3162,         11.578,      -178.1795
          158.5,       36.97988,      -178.4124,       25.40792,       179.4133,        8.05646,      -173.0571,       11.21622,       179.9332
       158.5625,       37.08128,        -178.56,       24.34212,      -179.5562,       7.494202,      -174.9108,       11.59424,      -174.8831
        158.625,       37.39533,      -177.7976,       25.47143,      -177.2162,       8.147338,      -172.5045,       11.70413,      -178.8105
       158.6875,       36.38689,      -179.5769,       24.47603,       179.0104,       7.582208,      -173.8116,       11.44877,       178.3041
         158.75,       36.74574,      -177.3776,       25.32643,       -177.923,       7.719484,      -168.6555,       10.99117,      -176.8072
       158.8125,       36.54494,       178.7748,       24.94326,       178.1471,       8.108741,      -177.2213,       11.52761,       178.7328
        158.875,       36.61978,      -177.0062,       23.65541,      -178.4744,       7.419268,      -165.9852,       10.88772,      -179.5029
       158.9375,       35.75848,      -179.1176,       24.75394,      -179.5116,       7.619197,      -178.2004,       11.03806,       -176.705
            159,       36.90218,      -177.9651,       24.90933,      -179.7272,       7.962566,      -172.0848,       11.70508,      -179.3628
       159.0625,       36.86441,      -179.5785,       24.68353,       179.6653,       7.506431,      -169.8497,        10.8384,      -179.5119
        159.125,       36.46724,      -176.7946,       24.46162,      -178.1121,       8.528217,      -171.1924,       11.91086,      -177.2084
       159.1875,        35.8573,       178.5267,       24.37202,       177.1272,       7.660302,      -178.9556,       11.02382,       177.0743
         159.25,       37.63556,      -179.7245,       24.65266,       178.3829,       7.299092,      -171.6673,       11.31288,       179.3168
       159.3125,       35.75232,      -178.7595,        23.7605,       -179.526,       8.162258,      -173.8323,        11.4507,      -179.1224
        159.375,       38.51859,       179.9759,       25.78853,       179.2349,       7.860566,      -173.9469,       11.47179,       179.5339
       159.4375,       35.83021,      -175.6699,       23.79535,      -176.3826,       7.896181,      -167.3383,       11.01635,      -176.8542
          159.5,       37.04354,       -178.951,       24.73802,      -179.8902,       7.742497,      -176.4558,       11.81427,      -178.2727
       159.5625,       36.36284,      -179.8737,       24.83867,       -179.976,       7.921003,       -174.795,       10.85479,      -179.1648
        159.625,       38.64788,      -179.6356,       25.36325,      -179.9714,       8.138337,      -170.9882,       11.99282,       179.7151
       159.6875,       35.74901,      -178.4046,       24.46327,      -178.8382,       7.552989,      -173.7608,       10.91986,      -179.8824
         159.75,       37.07853,       178.8333,       24.79463,       178.1343,       7.867383,      -178.0555,       11.70658,       -178.097
       159.8125,        37.1863,      -177.0627,       24.69558,      -177.9342,       7.471131,      -165.4175,       10.92828,       -177.131
        159.875,       36.29789,      -179.2732,       24.71983,      -179.7258,       8.375772,      -178.0405,       11.72392,       179.8683
       159.9375,       36.10763,       178.6869,       24.71668,       177.6594,       7.109837,      -171.9344,        10.6443,      -179.2846
            160,       35.36726,       179.7809,       23.13697,       178.5498,       8.177386,      -175.9719,        11.2935,       178.2034
       160.0625,       37.21833,      -179.3705,       25.29824,      -178.9696,       7.207997,      -171.9245,       11.27808,       178.9991
        160.125,       35.35597,       177.2012,       24.20264,       175.5219,       7.639244,      -177.5516,       10.78434,       179.5953
       160.1875,       36.53333,      -178.4442,        24.9163,       179.5114,       8.367739,      -175.5675,       10.94623,       177.5401
         160.25,       35.76622,      -178.0255,       23.52338,      -178.4792,       7.025191,      -170.4318,       10.73218,      -173.1301
       160.3125,       37.08529,      -179.6853,       25.99535,       179.8594,       8.561661,      -173.3294,       11.79936,       178.0262
        160.375,       36.67019,      -178.6183,       23.73402,       178.5814,       7.301124,      -175.3668,       10.83271,      -179.9171
       160.4375,        35.8583,      -178.9065,       24.45898,      -178.0471,         7.9431,      -169.2304,       11.02383,      -177.9789
          160.5,       38.21811,      -179.9854,       25.11242,      -179.6464,         7.9552,      -175.6933,       11.41241,       178.9498
       160.5625,       36.23343,      -177.9016,       24.78858,      -178.5954,       7.491048,      -167.6958,       11.05808,      -175.1751
        160.625,       35.81502,       -177.189,       23.49737,      -178.2601,       7.842955,      -169.0529,       11.38636,      -177.1099
       160.6875,       36.59402,       179.7206,       25.09629,       179.7263,       8.055096,      -175.8344,       11.41674,       179.6519
         160.75,        36.9358,      -176.4075,       24.39776,      -175.2359,       7.600266,      -167.8636,       11.17571,      -178.2788
       160.8125,        35.7201,       -177.978,       24.74981,      -178.6204,       7.823579,      -172.3352,       10.95758,      -175.0278
        160.875,       36.93615,       178.0942,       24.49053,       176.8156,       7.522954,      -177.5346,       11.64588,       176.4802
       160.9375,       35.53965,      -178.1443,        24.0746,      -178.5977,       7.550184,       -168.711,       10.48644,      -177.5057
            161,       36.96645,       178.5468,        24.6844,       177.0682,       8.266608,       179.3094,       11.95821,       178.3708
       161.0625,       35.37667,      -177.9415,       24.32595,      -177.9877,       7.201747,      -170.8252,       10.77144,      -179.0042
        161.125,         37.982,       179.3961,       25.46569,       176.6026,       8.064919,      -179.1816,       11.13809,      -179.7314
       161.1875,       34.98428,       179.2465,       23.80481,       178.2025,       7.169563,      -175.8145,       11.19985,       177.9971
         161.25,       36.84009,      -179.0193,       24.66198,       178.8144,       8.257755,      -172.5527,       10.71456,      -179.5632
       161.3125,       36.50177,       177.3713,       24.78464,       175.5223,       7.606182,      -178.5351,       11.47155,       177.2479
        161.375,       36.17505,      -178.1023,       23.83199,      -178.1663,       7.439625,      -174.4975,       10.60215,      -178.9348
       161.4375,       36.77054,       178.7527,       25.43648,       177.8389,       8.298328,      -174.1408,       11.11218,       178.5222
          161.5,       36.49763,      -176.3273,       23.90208,      -178.1579,       7.828564,      -171.6932,       10.96656,      -177.5658
       161.5625,        36.9538,      -179.8428,       24.80249,      -177.8607,       7.299942,       -172.623,       11.17797,      -175.5936
        161.625,       35.72583,       -178.028,       24.52473,      -179.6003,       7.644979,      -170.2233,       10.89978,       179.1053
       161.6875,       36.91991,      -177.2265,       24.72725,      -176.4705,       8.488808,      -169.0307,       11.40188,      -176.4816
         161.75,       36.10527,      -179.2663,       24.52324,      -179.1869,       7.262815,      -170.7104,       10.60351,      -178.4121
       161.8125,       35.32443,      -178.2931,       23.73569,      -177.4657,       7.908222,      -172.4386,       11.14609,      -178.2624
        161.875,       37.74743,      -179.9857,       25.46037,       179.7031,       8.208768,      -171.6017,       11.54737,      -178.6781
       161.9375,       34.89737,      -176.9962,       23.83908,      -176.7961,        7.19906,      -169.6327,       10.57439,      -179.4809
            162,       38.00292,      -178.0451,       25.91415,       178.9691,       7.730182,      -174.3479,       11.81925,      -176.7162
       162.0625,        35.0768,      -178.7141,       23.16035,      -178.7551,       7.684193,      -171.6046,       10.57552,       179.9045
        162.125,       36.92511,       176.6658,       24.97037,       175.8084,       7.789523,      -179.2255,       11.11905,       177.2459
       162.1875,       33.64632,      -179.6709,       23.09937,        179.071,       7.223935,      -171.2807,       10.87906,      -179.2985
         162.25,       37.44181,      -179.2515,       24.78465,       178.3502,       8.143248,      -178.3715,       11.18045,       178.1896
       162.3125,       37.60584,       179.1954,       25.13504,       178.5094,       7.677581,      -176.1024,       11.31888,       179.5168
        162.375,       35.20847,       179.6692,       23.96496,        178.233,       7.379772,      -172.5139,       10.91533,       178.2591
       162.4375,       35.27477,      -177.7821,       23.77601,      -178.2046,       7.845222,      -177.2334,       10.80543,      -177.1283
          162.5,       37.41284,       -179.041,       25.28369,       179.4691,       7.629582,      -170.4319,        10.5625,       179.8098
       162.5625,       36.58917,       179.0251,       25.54023,       177.7802,        8.32986,      -176.2021,       11.34068,       179.1675
        162.625,       34.09419,      -178.2034,       22.94487,      -178.2087,       7.147856,      -172.7564,       10.55409,      -179.0611
       162.6875,        38.5365,      -178.6229,       25.30857,       178.3921,       7.817028,      -169.3541,       10.76203,      -178.2662
         162.75,       35.39783,      -178.4512,       24.07014,      -177.0569,       7.936933,      -174.1847,       11.33157,      -177.8151
       162.8125,       36.26357,      -177.1837,       24.86411,      -178.0503,       7.559569,      -172.1455,       10.79058,      -177.0571
        162.875,        36.2818,       -176.625,       24.17689,      -179.2765,       7.638976,      -168.9997,       10.82475,        -178.42
       162.9375,       36.53092,      -178.3876,        24.1512,      -178.2878,       7.912157,       -173.506,        11.1642,       -178.416
            163,       36.40486,      -178.7921,       25.31761,      -179.0686,       7.361589,       -172.043,        10.5585,       179.8832
       163.0625,       36.16497,      -177.2077,       24.15228,       179.9213,        7.67553,      -172.3055,       10.70779,       -177.092
        163.125,       37.36732,        178.179,       24.18859,       177.1362,       7.674679,      -174.5349,       11.49572,       177.3553
       163.1875,        36.9804,      -177.5263,        24.6983,      -178.6004,        7.71049,      -170.9991,       10.96673,       178.6863
         163.25,       36.64069,       178.7778,       24.43099,       176.5239,       8.160419,       179.4776,        10.6822,       -178.111
       163.3125,        37.0458,      -177.8414,       24.18873,      -178.8525,       7.106932,         -169.5,       11.06145,      -179.7708
        163.375,       35.74448,        178.028,       23.76563,       177.1267,       7.940383,       -176.418,       10.89766,       179.6456
       163.4375,       37.77259,      -176.4234,       24.62048,      -175.6617,       7.603901,      -172.0833,       10.75803,       179.7178
          163.5,       36.03415,       176.8306,       24.64307,       175.6011,       7.687048,      -173.8497,       10.92397,       179.2083
       163.5625,       37.09914,      -178.7552,        24.5625,      -178.5099,       8.004677,      -173.4006,       11.14023,      -177.9012
        163.625,       36.44582,       179.8861,       23.87782,       179.6112,        7.22448,      -173.8795,       10.68712,       179.2056
       163.6875,       37.09469,       -177.054,       24.63859,      -176.4974,       8.251201,      -171.0488,       10.80022,      -176.5466
         163.75,        36.0047,       177.8272,       24.17551,       179.2855,       7.119697,      -171.2568,       10.67591,      -179.0349
       163.8125,       37.61747,      -177.3849,       25.44143,      -177.0024,       8.416014,      -175.6948,       11.59974,      -176.7037
        163.875,       35.78683,       178.0722,       24.39381,       179.1846,       7.331048,      -170.4702,       10.18338,       178.4913
       163.9375,       35.53416,       179.4887,       24.00953,       178.4713,       7.736343,      -176.2612,       11.04668,      -179.3959
            164,       36.05794,      -179.8916,       24.76873,      -179.2411,       7.655635,      -176.3249,        10.6954,      -178.2982
       164.0625,        36.3428,       179.3982,       24.18999,       178.3291,       7.381792,      -170.5268,       10.71148,       179.8465
        164.125,       35.72266,       179.2928,       24.37043,      -179.6717,       7.687253,      -177.6242,       10.81191,       179.9883
       164.1875,       36.63622,       179.9221,       25.14539,       177.9091,       8.034348,      -173.7899,       11.03235,       -179.661
         164.25,       35.32201,      -179.3597,       23.74499,      -178.2288,       7.210884,      -174.1601,       10.61259,       179.2569
       164.3125,       35.40498,       178.9944,       24.78371,       178.3015,        7.88578,      -173.7497,       10.38188,      -178.3307
        164.375,        35.7638,        179.027,       24.15941,       178.4232,       7.539708,      -175.4848,       11.29214,       178.7194
       164.4375,       36.02885,       179.4163,       24.12055,        178.406,       7.598258,      -175.5599,       10.65183,       178.4193
          164.5,       34.45819,      -178.3541,       23.49411,      -177.8206,       7.139904,      -172.6372,       10.60289,      -178.8316
       164.5625,       36.75245,      -176.2828,       25.33137,      -177.0267,       8.173996,       -167.999,       11.12326,      -175.1201
        164.625,       34.96484,       179.2327,       24.28506,       178.8802,       7.485776,      -174.4655,       10.25688,       178.7909
       164.6875,       36.13011,      -176.5244,       24.29036,      -177.9037,       8.039531,      -172.7169,        11.3317,      -178.4447
         164.75,       35.87022,      -176.8797,       24.29332,      -176.2826,       7.143924,      -165.8822,       10.56764,      -174.2623
       164.8125,       35.49047,      -179.7163,       24.03911,       179.1019,       8.037778,       -173.343,       11.03195,       177.3386
        164.875,       37.39197,      -178.3723,       25.25759,      -178.3737,       7.763671,      -174.4389,       10.90547,       -178.822
       164.9375,       34.74261,      -178.4797,       23.85608,      -179.5509,       7.215585,       -171.187,       10.49266,      -177.0965
            165,       37.19821,      -178.0771,       24.56798,      -178.5365,       8.340482,      -170.9318,       11.27046,      -179.7255
       165.0625,       35.19581,       179.9983,       24.02914,       178.2906,       6.923675,       -178.757,       10.64658,       179.0094
        165.125,       35.94724,      -179.9396,       24.60656,       179.5232,       7.911074,      -175.6572,       9.985188,       179.9997
       165.1875,       36.58314,       178.1925,       24.51417,       177.3299,       7.492082,      -176.9368,        11.3212,       179.4743
         165.25,        36.1818,       179.2642,       25.11094,       177.4105,       7.896828,      -177.1104,       10.58209,       175.8918
       165.3125,       36.69889,      -179.7229,       24.38242,        179.325,        7.42031,      -173.9109,       10.86999,      -179.8756
        165.375,        33.8129,      -178.9804,       23.45797,        178.262,       7.175869,      -177.5988,       9.732342,      -176.3922
       165.4375,       37.50238,      -178.8837,       25.07422,      -179.3561,       8.481801,       -171.003,       11.21933,       179.6351
          165.5,       34.74723,       -179.744,       23.75208,        179.599,       6.527844,      -178.5208,       10.31249,       179.5579
       165.5625,       37.21193,      -178.5577,       24.53845,       179.4146,       8.562644,      -170.4013,        10.5335,       -176.705
        165.625,       35.33533,      -179.7334,       24.39689,      -178.5569,       7.382678,      -176.1617,       11.04205,       176.5505
       165.6875,        36.6579,      -178.7654,       24.89767,      -179.1266,       7.320941,      -167.9191,       10.12959,      -173.9323
         165.75,       35.56865,      -178.3649,       23.41954,      -178.8664,        8.01726,      -170.6222,       11.00391,      -178.6657
       165.8125,       36.41606,      -175.3764,       25.15331,      -175.3195,       7.847534,      -171.7764,       10.91503,      -178.0822
        165.875,       34.81713,      -179.0336,       23.20659,      -179.5792,       7.247572,      -169.8423,         10.239,      -173.5389
       165.9375,       36.67113,      -178.0334,       25.03085,      -178.1783,        7.78348,      -172.5925,       11.37188,       176.6547
            166,       35.72694,      -179.6257,       23.99915,      -179.0594,         7.5303,      -172.5408,       10.31032,      -179.8838
       166.0625,       36.90095,      -179.3847,       24.90971,      -179.2399,       7.921567,      -173.5419,       10.64403,      -177.9775
        166.125,       36.66058,         178.58,       24.69991,       178.1957,       7.322458,      -172.4661,       10.79105,       177.1989
       166.1875,       34.96467,      -177.8559,       24.28172,      -179.8151,       7.841882,      -175.0475,       10.34462,      -177.2542
         166.25,       37.36045,      -179.7994,       24.71629,       179.0562,       7.898782,      -174.4135,       11.49709,      -179.8261
       166.3125,       35.51347,      -179.3649,       24.89581,       178.8895,       7.642946,       -176.457,       10.07429,       178.9586
        166.375,       37.36269,       179.3457,       24.71129,       177.9551,       7.442024,      -177.3202,       11.05788,       179.9523
       166.4375,       35.27159,       178.0154,       24.09651,       177.8285,       7.835933,      -175.6122,       9.986248,       178.7292
          166.5,       36.84457,      -179.4414,       24.89668,       178.8867,       7.867121,      -176.8113,       11.39004,      -177.9827
       166.5625,       34.94827,      -179.3951,       24.01166,       179.7491,       6.874985,      -170.7197,       10.49296,       178.0654
        166.625,       36.13626,      -179.9503,       24.25961,       178.0986,       7.995576,      -178.5053,       10.53776,      -177.5738
       166.6875,       35.94582,      -176.8472,       24.28454,      -175.6074,       7.503642,      -167.5375,       10.40111,      -178.7868
         166.75,       36.06346,      -177.5276,        24.4927,      -179.9442,       7.636471,      -171.7366,        10.5145,      -178.6402
       166.8125,        34.8625,      -179.2737,       24.42247,      -178.6415,       7.658619,      -174.6108,       10.07076,      -176.6724
        166.875,       36.26436,      -178.9983,       24.36471,       179.9255,       7.470018,        -174.54,       10.71415,      -178.4495
       166.9375,        36.0867,      -178.2678,       24.16856,      -178.8429,       7.822556,      -167.0796,       10.67354,       -178.825
            167,       35.98207,      -178.5323,       24.96278,      -177.6669,       7.747259,      -172.7445,       10.81972,      -179.3366
       167.0625,       35.58294,      -177.2449,       24.18681,      -179.2472,       7.529144,      -173.4485,       10.61685,      -177.4419
        167.125,       36.19779,      -178.4256,       24.53448,      -179.2447,       7.574618,      -171.2774,       10.30747,      -178.7631
       167.1875,       35.94669,      -178.4567,       24.41515,      -179.9167,       8.055415,       -174.237,        10.6262,       179.6889
         167.25,       36.41305,      -179.8443,       24.73763,       178.7071,       7.361179,      -175.8824,       10.47003,       -179.069
       167.3125,       37.07864,       178.6597,       24.96461,       176.4451,       8.083097,       178.7149,       11.19068,       177.8262
        167.375,       34.90101,      -178.2601,       23.26433,      -179.5566,       6.411959,      -168.1402,       9.854632,      -178.8866
       167.4375,       37.94527,       179.2262,       25.34633,       178.4297,       8.073375,      -175.0485,        11.3784,       178.4037
          167.5,       35.83944,      -178.9176,       24.20837,       179.8426,        8.21024,      -172.9924,       10.00861,      -179.8478
       167.5625,       36.07692,       179.7885,       24.54321,       178.7146,       7.435681,      -178.1185,       10.67327,      -179.4837
        167.625,       37.30665,      -178.9928,       24.57674,       179.6395,       7.953768,      -175.6864,        10.4401,      -177.9208
       167.6875,       35.11745,      -178.7653,       23.88457,      -179.1516,       6.949301,      -171.5551,       10.43073,      -176.7832
         167.75,       35.26066,       177.5748,       24.08514,       178.9225,        7.56498,      -174.8592,       10.68909,       177.6686
       167.8125,       36.21906,      -178.5114,       25.04597,      -177.8448,       7.804533,      -171.1226,       10.47956,      -178.3879
        167.875,       35.14439,      -178.7343,       23.45409,       179.7342,       7.485245,       -174.542,       10.26812,      -177.7276
       167.9375,       35.89742,       -177.463,        25.1183,      -177.8736,       8.116701,      -170.5933,       10.00591,      -177.4026
            168,       36.49759,      -177.9478,       24.41308,      -178.2534,       7.548474,      -174.9744,       11.11632,      -177.1817
       168.0625,       34.75901,      -179.9403,       24.59883,       179.9533,       7.172584,      -175.4172,         9.8585,      -177.2149
        168.125,       36.44847,      -178.2238,       24.68584,       179.0769,       7.670311,      -174.0142,       10.78288,       -178.694
       168.1875,        34.2973,       178.1126,       23.04806,       177.8631,       7.080453,      -174.0126,       10.32246,        176.074
         168.25,       37.50496,      -177.2047,       25.85911,      -178.4103,       8.400558,       -175.336,       10.82974,      -176.0725
       168.3125,       34.92386,      -179.7362,       24.00961,       178.3241,       7.101749,      -176.5579,       10.25076,       179.5639
        168.375,       35.78481,      -177.6439,       23.98226,       179.2283,       7.406515,      -171.7336,       10.70427,      -176.9919
       168.4375,       37.30402,        178.465,       25.02021,       176.8216,        7.83864,      -179.0167,       10.86619,       175.3681
          168.5,       36.04011,      -177.0803,        24.2387,      -177.9369,       7.139135,      -172.0463,       10.48064,      -175.8262
       168.5625,       34.39665,       -179.478,       23.08998,       179.0268,       7.566639,      -174.6942,       10.62901,       -179.956
        168.625,       38.63403,       179.6594,       26.63154,       179.2966,       8.162276,      -173.9209,       10.82485,       177.7128
       168.6875,       35.02339,       -177.418,        23.5429,      -179.3855,       7.012768,      -170.0002,       10.13701,      -179.2966
         168.75,       35.92943,      -178.0358,       24.18132,      -179.5655,       7.835312,      -170.8272,       10.63414,      -178.0325
       168.8125,       36.66977,      -177.0467,       23.84413,        -177.95,       7.533959,      -173.2033,       10.13061,      -178.7195
        168.875,       35.58355,      -179.1723,       24.28812,      -178.6479,       8.009731,      -170.9803,       10.15152,      -176.4304
       168.9375,       35.58965,      -177.2097,        24.1713,      -178.7053,       7.380307,      -178.3911,       10.63524,      -177.3292
            169,       37.20961,       179.2991,        25.5697,       178.5289,       8.252615,      -171.4332,       10.31472,       177.3239
       169.0625,        35.7876,      -177.4591,       23.62143,      -178.4606,       6.735028,      -179.1447,       10.34152,      -176.8334
        169.125,       37.41755,      -179.0672,       25.06463,       179.0648,       8.209339,      -172.7876,       10.75678,      -176.0619
       169.1875,        36.2747,      -178.6157,       24.21889,      -179.2082,       6.971778,      -176.7018,        10.2327,      -178.7769
         169.25,        36.2138,       179.6441,       24.33383,       177.8795,        7.37592,      -172.7437,       10.57473,       178.9198
       169.3125,       35.06112,      -179.6967,       23.48615,       178.9896,       7.427957,      -178.3343,       9.970315,      -176.5161
        169.375,       40.46735,       179.2087,       26.90432,       178.9396,       7.985343,       -176.319,       11.81044,       178.4057
       169.4375,       34.18641,       176.9493,       23.21831,       176.2608,       6.848604,      -178.6209,        9.95633,       178.6129
          169.5,       37.42367,       -179.934,       24.89464,       178.6207,       7.642104,      -173.4273,       10.94702,      -179.3878
       169.5625,       35.89642,      -179.9091,        24.2181,       179.5147,       7.380921,      -176.4971,       10.45286,       178.6774
        169.625,       35.95402,      -179.7585,       24.41155,      -179.0212,       7.545626,      -167.1216,        10.8756,      -178.3026
       169.6875,       35.42586,      -177.1215,       23.93447,      -177.3748,       7.565376,      -172.0402,       9.765737,      -179.6961
         169.75,       35.93842,      -178.5348,       25.48522,      -179.9779,       8.091225,      -172.6916,       10.50615,      -178.0776
       169.8125,       35.53765,       178.5507,       23.16696,       177.6397,       7.552211,      -177.5065,       10.21323,      -179.9422
        169.875,       35.97195,      -176.3734,       24.68431,      -176.2069,       7.258969,      -170.5644,       10.52616,      -176.9837
       169.9375,       35.99683,      -178.9968,       23.86276,      -179.5231,       7.485746,      -169.6785,       10.27901,       178.6236
            170,       35.65411,       -177.852,       24.24668,      -177.2015,       8.059212,      -171.2262,       10.10911,      -176.1152
       170.0625,       36.97035,      -174.7187,       25.23552,      -177.6764,        7.72977,      -174.6854,       10.81457,      -175.2647
        170.125,       36.22414,       178.9597,       24.48775,        179.091,       7.641373,       -175.249,       10.10278,       -178.565
       170.1875,       36.46532,      -179.3459,       23.95093,      -179.7895,       7.155855,      -177.1679,       10.53248,      -179.1404
         170.25,       36.42459,       179.8987,        24.5508,       177.7316,       7.363222,      -175.9276,       10.41518,       179.8418
       170.3125,       36.62574,       177.2329,       24.71361,       178.4882,       7.044137,      -175.3797,       10.86439,       177.3821
        170.375,       36.91293,       177.5168,       23.91815,       175.5841,       7.724191,       179.5707,       10.54578,       179.0946
       170.4375,       36.38999,      -178.0429,       25.20286,      -179.6673,        7.65706,      -169.4884,       10.43692,      -179.8835
          170.5,       36.50062,        178.237,       24.42563,        178.427,       7.806394,       178.4707,       10.15965,       179.8428
       170.5625,       35.53473,      -179.0197,       24.50488,      -179.2097,       7.336466,      -172.8972,        10.3626,      -177.4812
        170.625,       36.12729,       179.0866,       24.71668,       177.1457,         7.6556,        -178.92,       10.42547,       179.4097
       170.6875,       36.86115,       177.0986,       24.29322,       177.8223,       6.898895,      -175.5376,       11.07139,       177.6375
         170.75,       34.75375,      -178.4199,       23.75403,      -177.8964,       7.464746,       -168.232,       9.974771,       -178.446
       170.8125,       35.17658,       178.8296,       24.41459,       179.4779,        7.75825,      -173.7497,       9.859907,       176.2416
        170.875,       35.61588,      -177.9796,       24.47687,       179.9921,       7.721988,       -174.942,       10.09968,       -175.932
       170.9375,       34.31358,      -176.1615,       22.98737,      -175.6125,       7.268847,      -166.0511,       10.36775,      -174.6668
            171,       36.85298,       -178.124,        25.2813,      -179.1595,       7.958276,      -179.6569,       9.817497,      -176.6011
       171.0625,       35.53588,      -177.7923,       24.33874,      -178.9583,       7.224922,      -170.6629,       11.09323,      -179.0621
        171.125,       37.35568,       179.3827,       25.25252,      -178.7179,       7.744767,      -172.5189,        10.0406,       178.9079
       171.1875,       33.97807,      -179.4757,       23.39828,       178.7344,        7.43942,      -174.5535,       9.889194,      -176.4237
         171.25,       37.38766,      -178.7618,       24.74633,      -179.2512,        7.32048,       -174.188,        10.9835,          178.5
       171.3125,        34.5988,       178.2806,       23.56022,       177.8112,       7.317804,      -176.2751,       9.765236,      -177.4963
        171.375,       37.43783,      -177.1932,       25.70393,      -178.7945,       7.205123,      -176.8417,       11.47363,      -179.3376
       171.4375,       36.43201,        -179.83,       24.25616,       177.4196,       7.863324,      -173.9814,       9.964179,      -177.9468
          171.5,       35.17723,       178.6859,       24.41278,       178.4984,       7.086546,       -176.919,       10.45565,       179.0161
       171.5625,       35.62997,      -179.8702,       24.07213,       178.1306,       7.573363,       179.0622,       10.73147,       176.6443
        171.625,       37.99188,       179.2107,       25.71595,       179.0085,       7.672554,      -172.5047,       10.19328,       179.8355
       171.6875,       34.56108,       179.6885,       23.46147,       178.5034,       7.339641,      -174.0446,        9.86451,      -179.1796
         171.75,       35.83083,       179.8165,       24.25963,       179.4139,        7.07708,      -176.3581,       10.77271,       -179.581
       171.8125,       36.38471,      -177.5829,       24.93812,      -179.0226,       7.987649,       -175.067,       10.38158,      -178.1776
        171.875,       35.56153,      -177.9586,       24.48005,      -178.4092,       7.519799,      -169.5055,       10.18123,      -178.9529
       171.9375,       35.41676,      -178.2853,       24.25742,      -178.7543,       7.800818,      -169.2377,       9.825425,       -176.945
            172,       35.07577,       178.4959,        23.7935,       177.5892,       7.356102,       178.0916,       9.852134,        179.825
       172.0625,       35.82925,      -177.0896,       23.89624,      -176.3611,       7.333822,      -167.9437,       10.26109,      -174.8526
        172.125,       35.34455,      -179.0227,       24.12236,       179.7352,       7.213916,      -179.5058,       10.36076,      -179.7085
       172.1875,       36.43044,      -178.0331,       24.91279,      -178.8953,       7.720711,      -166.2157,       10.83491,      -176.7206
         172.25,       35.59802,      -179.4673,       24.26423,       -178.959,       7.545857,      -177.4138,       9.719888,      -179.6999
       172.3125,       37.19546,      -179.4149,       25.04697,       179.9727,       7.473658,      -176.0365,       10.70341,      -178.4881
        172.375,       35.18958,       178.3151,       24.83916,       175.7966,       7.384845,      -177.7594,       10.25433,       178.3886
       172.4375,       35.40919,      -179.8735,        23.4145,      -179.2877,       7.128503,      -171.0826,       10.32977,      -179.1501
          172.5,       36.80938,       178.1909,       24.75808,       176.1479,       7.138279,       179.5797,       10.76849,       175.5379
       172.5625,       34.42672,      -176.5828,       24.05552,       -177.452,       7.335277,      -168.9342,       9.889021,      -175.7868
        172.625,       37.04158,       177.9164,        25.0061,       175.8771,       8.069765,      -177.1676,       10.60085,        176.637
       172.6875,       35.99157,      -178.3509,       25.23264,      -178.9311,       7.591733,      -175.2116,       10.44911,      -176.6835
         172.75,       35.40696,      -179.4669,       23.74859,       179.1196,       7.488527,      -177.1506,       10.45335,       175.9845
       172.8125,       36.19191,      -179.7658,       24.70735,       179.7944,        7.07271,      -171.1441,       9.991145,      -177.4935
        172.875,       34.75959,      -177.7095,       24.06078,       179.7305,        8.03106,      -174.8228,       10.34296,      -179.7132
       172.9375,       36.58828,       179.7985,       25.32192,      -179.1647,       7.081326,      -173.4823,        9.98763,      -178.9561
            173,       34.48572,      -175.8038,       22.89264,      -177.2059,        7.55371,      -168.7687,       10.16632,      -175.9216
       173.0625,       35.67432,      -177.2947,       24.87842,      -178.2682,       7.472817,      -173.9183,       9.966556,      -177.2756
        173.125,       34.77605,      -176.9565,       24.21227,       -179.021,       7.826726,        -172.41,       10.48064,      -178.3722
       173.1875,       36.92257,      -178.7619,       24.78223,       179.6779,       7.147464,       178.5744,       9.829841,      -177.8348
         173.25,       34.97416,       -179.793,       23.82454,       177.8876,       7.166812,      -173.9765,       10.37743,       179.0024
       173.3125,       36.39465,      -178.9794,       24.12292,       179.4099,       6.823396,      -175.3385,       10.16375,      -179.1513
        173.375,       37.97611,      -176.9597,       25.51612,      -179.1919,       7.547233,        -169.98,       11.04185,      -179.0555
       173.4375,       35.58541,       179.6727,       23.68541,       177.6741,       7.856538,      -178.8211,       9.606409,      -179.7188
          173.5,       37.34929,      -179.6196,       25.74775,       179.7905,        7.25904,      -172.3553,       10.55631,       179.9363
       173.5625,       35.67809,       179.8047,        23.3894,        176.651,       7.540256,      -178.7294,       10.20156,       177.5614
        173.625,       37.34499,       -179.634,       25.41593,       179.1238,       7.096891,      -176.5612,       10.50019,       179.4823
       173.6875,       35.25697,       177.9854,       22.97423,       176.6667,       7.437159,      -175.7762,       9.641253,       179.7023
         173.75,       37.30077,      -178.8247,       25.46783,      -178.7693,       7.860183,       -173.668,       10.97536,       178.0483
       173.8125,       35.44686,       -177.413,       23.89877,       -177.954,       6.714165,      -170.9447,       9.419444,      -176.5612
        173.875,       37.09883,      -179.6096,       25.09991,       179.1488,       8.585654,       -172.761,       10.50958,      -179.1862
       173.9375,       35.76748,      -178.4807,       23.86986,      -178.1253,       6.915202,      -174.0636,       10.23389,      -178.5798
            174,       35.69411,      -177.4117,       24.45856,      -177.3788,       7.814832,      -170.8857,       9.665058,      -176.2174
       174.0625,       35.40251,      -179.2205,       23.83906,       179.8197,       7.184734,       -175.799,       10.16317,      -179.2203
        174.125,       36.90837,      -179.0323,       24.62191,      -178.0873,       7.340871,      -171.0121,       10.52484,      -178.4921
       174.1875,       34.88657,       -178.518,       23.59558,      -179.5508,       6.881387,      -171.4061,       9.656742,      -177.4523
         174.25,       37.28028,       -179.951,       25.79185,       178.6024,        8.68079,      -177.9141,       10.64032,       179.8171
       174.3125,        35.7437,      -176.2079,       23.14673,      -176.3709,       6.789928,      -172.5259,       10.05955,      -175.8118
        174.375,       37.43476,       177.1889,       25.81506,       176.0642,       7.483124,       178.4249,       10.11413,       176.8734
       174.4375,       35.50087,       179.9593,       23.38443,       178.3271,       7.201118,      -176.2319,       10.47338,       -178.523
          174.5,       37.71925,       179.3507,       25.38496,       179.8528,       7.394059,      -178.4384,        10.2232,       177.1294
       174.5625,       35.22232,       178.1518,       24.08331,       176.4124,       6.920613,      -172.9329,        10.0316,      -178.6377
        174.625,        37.1677,       179.3037,       24.82989,       179.3266,       7.951045,      -176.8034,       10.76442,       175.1194
       174.6875,        36.0813,       177.7975,       24.18973,       178.0502,       7.344498,      -176.3134,       9.521606,      -178.5933
         174.75,       35.83514,      -179.5983,       24.82963,       179.5662,       7.607468,      -174.7125,       10.84948,       -178.005
       174.8125,        35.6737,      -178.6885,       25.01432,      -178.4509,       7.672176,      -174.4014,        9.76332,      -179.8436
        174.875,       35.19322,       179.7343,       23.94812,       178.4923,       7.179578,      -176.6652,       10.54371,       179.1583
       174.9375,       35.29146,       179.8699,       24.26791,      -178.0046,       7.466671,      -168.6731,       9.400862,      -178.5841
            175,       34.24999,      -176.6085,         24.322,      -178.1178,       7.641074,      -171.0345,       9.623407,      -176.9476
       175.0625,       36.61816,       179.9882,       24.94321,       179.7028,       8.177951,      -175.8705,       10.76338,      -179.5143
        175.125,       33.85654,      -176.6003,       23.10445,      -176.8448,       6.293055,      -174.1896,       9.531029,       -175.523
       175.1875,       35.58882,      -178.1168,       25.32347,      -178.4608,       7.612851,      -171.2795,       10.62123,      -177.0695
         175.25,       35.02819,      -176.5463,       23.58733,      -179.6205,       7.330904,      -171.3764,       9.458824,       179.1781
       175.3125,       36.93358,      -178.4966,       25.58473,      -179.8869,       7.917435,      -174.8218,       10.80007,      -177.2869
        175.375,       35.07021,        178.904,       23.79656,       176.8048,       6.983766,       179.9861,       9.528338,       176.4385
       175.4375,       35.96753,      -178.9465,       24.54092,       179.8394,        7.88167,      -174.5018,       10.44105,      -178.3886
          175.5,       36.27017,       179.0145,       23.94076,       177.2227,       6.814614,      -177.3584,       10.21429,         177.04
       175.5625,       37.03503,      -178.9129,       25.00907,       178.5137,       7.449215,      -177.2786,       10.53739,      -177.5671
        175.625,       35.79507,      -177.4608,       24.01597,      -179.8682,       7.188279,      -174.9239,       9.823681,       176.9946
       175.6875,       37.05577,       177.3946,       25.22124,        175.789,       8.128963,       179.4834,        10.1576,       179.9064
         175.75,       35.92271,       -178.375,       24.50818,      -178.4806,       7.052668,      -169.8606,       10.09662,      -177.8638
       175.8125,       35.70924,       178.9972,        24.7549,       177.2624,       7.922963,       177.3652,       10.18737,       178.4998
        175.875,       35.61205,      -178.7887,       23.53988,      -179.7147,       6.864554,      -171.4587,       10.14024,      -178.8047
       175.9375,       37.12115,      -179.1237,       25.75284,      -179.2595,       8.103878,      -173.9883,       9.948431,       179.3886
            176,        35.1678,      -177.6303,       23.59392,       -179.446,       6.785636,      -171.3916,       10.26747,      -178.7292
       176.0625,       35.75109,       -176.954,       24.25801,      -177.8691,       7.990902,       -174.879,        9.75786,      -175.0538
        176.125,       35.45297,      -174.4633,       24.42365,      -175.1854,        7.16328,      -166.9207,       9.653063,      -174.6961
       176.1875,       35.29415,      -179.8795,       24.09822,      -179.9488,       7.487843,      -177.1294,       10.47915,      -179.9508
         176.25,        35.5934,        178.849,       24.15656,       177.2318,       6.714567,      -178.0344,       9.592386,        176.405
       176.3125,       36.71246,      -176.3303,       24.16607,      -177.2453,       7.475543,       -170.152,       10.18799,      -176.9329
        176.375,       35.53284,       179.4108,       24.19252,       177.7876,       6.878016,      -177.6539,       9.761159,       -179.324
       176.4375,       37.42239,      -175.8878,       25.14272,       -177.002,       7.552196,      -169.8234,       10.67835,      -179.3563
          176.5,       36.49925,       178.6774,       24.28248,       176.2045,       7.867797,      -179.9021,       9.848294,       179.8355
       176.5625,       35.07213,       178.1317,       23.91748,       177.4886,       6.847826,       179.4656,       9.467714,       179.8186
        176.625,       37.90203,      -179.3144,       25.41055,      -179.7198,       7.603466,      -170.6503,       10.77798,       178.1798
       176.6875,       35.30489,       178.2044,       24.13024,       176.1517,        7.41587,      -179.9672,       9.917182,       177.6975
         176.75,       37.46076,      -179.8815,       24.59868,        179.596,       7.351303,      -175.2238,       10.45476,      -179.7743
       176.8125,       36.58852,      -178.7633,       25.57376,       -179.611,       7.677398,      -174.1121,       10.27985,       -179.043
        176.875,       35.53233,      -179.1518,       23.29879,        179.308,       7.512313,      -177.1272,       9.453975,      -179.9637
       176.9375,       35.29657,      -178.3093,       24.99975,      -178.4097,        7.24828,      -173.5827,       10.07786,      -176.7167
            177,        36.7448,      -179.0644,       24.45731,       178.4082,       7.784866,      -173.5447,       10.12734,       178.4407
       177.0625,       35.36731,      -179.1756,       24.20284,      -177.6076,       7.163062,      -177.1857,       9.501182,      -178.5249
        177.125,       35.79662,      -177.1072,       24.40437,      -178.0353,       6.991412,      -172.2991,       10.16695,      -174.7108
       177.1875,       37.35928,      -179.9155,       24.79238,       178.9898,       7.849663,      -173.7557,       10.21318,       177.7814
         177.25,       34.70349,      -178.7733,       23.76375,      -178.4091,       6.644202,      -174.4245,       9.596004,      -175.0279
       177.3125,       35.76661,        -177.13,       23.69997,      -178.7403,       7.586458,      -171.3676,       9.719348,      -179.3827
        177.375,       36.74588,       178.1944,       25.69909,       178.6937,       7.690923,       177.1942,       10.19792,      -177.4306
       177.4375,       34.44592,      -178.9795,       22.91368,       178.5454,       6.271623,      -171.6173,       9.900139,       178.0703
          177.5,       37.05564,       179.2058,       25.19142,       179.0166,       7.510189,      -176.5876,       9.897767,       179.1775
       177.5625,       36.58409,       178.8832,       24.60973,       178.6673,       7.587123,      -177.1351,       10.41126,       178.8135
        177.625,       36.59234,       178.8683,       24.84258,       177.1294,       7.088477,      -178.0636,       10.12701,       177.2449
       177.6875,         35.609,       -178.112,       23.85406,      -178.7865,       7.438049,      -169.6352,       9.559065,      -177.9825
         177.75,       36.21743,       179.0164,       25.41297,       178.0263,       7.716598,       177.1661,       10.09076,       179.5635
       177.8125,       37.43337,      -178.3965,       24.63541,      -179.7141,       7.301673,       -171.629,       10.74046,      -179.1616
        177.875,        35.6066,       178.6959,       24.72633,       179.2966,       7.033168,      -175.8151,       9.396585,       177.0255
       177.9375,       35.71937,      -179.3981,       24.52301,       179.3668,         7.7937,      -174.4217,        10.0797,      -177.5796
            178,       36.43597,      -177.7144,       24.66196,       -177.473,        7.27403,      -171.9327,       10.08547,      -177.0402
       178.0625,          35.91,      -177.4276,        24.3167,      -177.6838,       7.160431,      -169.7869,       9.923781,      -179.9718
        178.125,       35.62268,      -179.5826,       24.93523,       179.3401,       7.702404,      -176.1335,       9.799854,      -175.7697
       178.1875,       35.19777,      -178.3159,       23.24207,      -179.0927,       7.174545,      -175.7435,       9.715082,      -179.0555
         178.25,       35.90949,      -176.4322,       25.56227,      -176.1868,       7.270623,      -168.2919,       9.900675,      -174.7181
       178.3125,       34.37698,       178.7101,         23.147,       177.4624,       7.118012,      -179.8354,       9.745406,      -179.9364
        178.375,       38.82081,      -179.0805,       26.32656,       178.3621,       7.871747,      -178.0314,       10.89925,       177.6247
       178.4375,       33.06657,       178.0665,       22.86969,       178.7011,       6.188254,      -176.5134,       8.983913,       177.5553
          178.5,       37.44191,      -179.3114,       24.88162,       178.5602,       7.863373,       -171.496,       10.16038,      -177.6593
       178.5625,        34.4584,       179.9519,       23.85662,       178.2425,       6.999362,       174.2476,       9.840902,       176.9756
        178.625,       36.65911,      -176.6968,       25.31494,       -178.378,       7.807104,       -170.201,       9.963335,      -175.4603
       178.6875,       37.25708,       178.2141,       25.28963,       175.6225,       7.285346,       178.4555,       10.15261,       179.2105
         178.75,       34.78383,      -178.5644,       23.97955,      -178.0128,       7.060846,      -171.3011,       9.898498,       177.4363
       178.8125,       35.46338,       176.7939,       23.97268,       173.1152,       7.428874,       179.7912,       9.521449,        176.752
        178.875,        38.1574,       -176.162,       26.20814,      -176.0083,       7.923561,      -172.2047,       10.67262,        -176.32
       178.9375,       34.33282,      -179.8094,       22.82106,       177.7391,       6.712572,      -178.2612,       9.455759,       178.4682
            179,       37.70513,      -173.8602,       25.72458,       -172.853,       7.680866,      -163.8587,       10.16288,      -172.3968
       179.0625,       34.76326,      -179.8001,       23.70771,       177.0477,       7.252148,      -179.2272,       9.098379,       179.7391
        179.125,        36.8048,      -176.8113,        25.1663,      -175.9705,       7.516806,      -171.2695,       10.40543,      -175.9055
       179.1875,       36.05629,      -179.2236,       23.82844,       179.7222,       6.968095,      -173.1336,       9.810482,       179.6639
         179.25,       37.55659,      -177.7629,       25.60214,       -177.343,       7.581853,      -172.2556,       10.16292,      -177.2365
       179.3125,       33.64823,        178.409,       22.30219,       177.0385,       6.602692,      -178.1058,        9.35254,       178.3597
        179.375,       37.41029,      -177.8919,       25.03235,      -177.2717,       7.177499,      -170.3718,        10.0113,      -178.5841
       179.4375,       35.80857,      -177.2669,        24.5931,      -178.6579,        7.42501,      -175.2575,        9.42723,      -175.8078
          179.5,       36.56062,        177.083,       24.92635,       175.3835,       7.374408,      -179.7536,       10.54318,       178.1089
       179.5625,       36.87307,       179.5866,       24.71901,       179.1128,       7.115203,      -173.8451,       9.677582,       178.2352
        179.625,       34.74128,       177.7896,       24.20014,       176.6157,       7.592293,       179.5997,       9.552914,      -179.1484
       179.6875,       37.12133,       176.9396,       24.87516,       176.9635,       7.287109,      -178.8334,       10.42852,       174.2143
         179.75,        35.9563,      -179.4944,       24.45499,       179.3416,       7.354569,      -173.4877,       10.00413,      -178.7922
       179.8125,       36.07525,       179.6565,       25.11154,       178.4745,       7.364685,       177.4351,        9.54353,        178.752
        179.875,       35.38908,      -175.9078,       24.20801,      -176.9388,       7.478412,      -167.3907,       9.841905,      -175.2856
       179.9375,       35.79716,       177.8472,        24.4365,       177.9802,       7.226124,       179.3679,       9.775483,       178.9952
            180,       35.00729,      -177.3054,       25.24253,      -179.1486,       7.590791,      -171.1247,       9.883859,      -177.9297
       180.0625,       37.02231,      -178.4801,       24.83349,      -179.0462,         7.1656,      -175.0374,       9.998269,      -178.5756
        180.125,        34.2551,      -177.2706,       23.49779,      -178.5173,       6.803296,      -172.8677,       9.620398,       179.9518
       180.1875,        36.7391,      -178.8203,       24.88673,      -178.1418,       7.755092,      -170.5445,       9.658327,      -176.1183
         180.25,       35.00204,      -174.0346,       24.48797,      -176.1384,       7.206174,      -170.9226,       9.772313,      -177.0521
       180.3125,       36.78214,      -179.5637,       24.50404,       178.8211,       7.190576,      -175.9391,       9.603955,       -178.213
        180.375,        35.3372,      -178.9484,       24.03602,      -178.7723,       7.202572,      -172.4489,       10.25499,      -177.6942
       180.4375,        35.2697,      -177.2967,       23.79017,       179.8325,       6.630311,      -177.7598,       9.278773,      -179.8783
          180.5,       38.28762,       177.6646,       25.68103,       177.9024,       7.398527,      -177.2262,       10.35716,       176.7044
       180.5625,       35.40989,      -179.4121,       24.25237,       177.8753,       7.168756,      -172.3314,       9.823076,       179.1075
        180.625,       36.39925,       178.7547,       24.36114,       178.2243,       7.588713,       178.2795,       9.839802,       179.8071
       180.6875,       36.56344,      -178.6715,       24.99283,        179.721,       7.500764,      -169.8707,       9.830086,      -179.5191
         180.75,       36.08109,       179.2325,       24.67677,       177.6911,       7.488304,       175.9617,       10.07359,       178.9652
       180.8125,       35.85253,      -179.7918,       24.31039,       179.2879,       6.766501,      -172.4178,       9.784462,       -179.884
        180.875,       37.03043,       179.1797,       25.66051,       177.1196,       8.059419,      -178.2816,        9.82742,       178.9299
       180.9375,       36.32991,      -178.9104,       24.61244,      -179.5328,       7.040699,      -174.2659,       10.13347,       178.8722
            181,       35.74488,        -179.23,       24.42063,      -179.7764,       8.015704,      -175.1928,        9.11626,      -175.4166
       181.0625,       35.90451,      -176.8328,       24.60912,      -177.4788,       6.648761,      -172.6964,       10.34802,      -176.9669
        181.125,       36.03703,      -178.3863,       25.04294,      -179.4503,       7.549246,      -175.6585,       9.841436,       179.8845
       181.1875,       35.84034,      -176.3802,       23.92751,      -177.8991,       7.359684,      -169.9507,       9.534544,      -174.7793
         181.25,       35.67068,      -177.7966,       24.50609,      -178.5927,       6.973647,      -175.8843,       9.626997,      -179.2641
       181.3125,        35.7031,      -179.5871,       24.52681,       179.1255,       7.324971,      -172.5202,       9.618233,      -178.5061
        181.375,       37.33742,      -178.4574,       24.50377,      -177.7996,         7.1452,      -175.9081,       10.12008,      -179.5581
       181.4375,       34.76153,       179.9274,       24.33117,       177.2365,       7.464291,      -175.5652,       9.361975,       176.9496
          181.5,       37.69199,      -177.7755,       24.73015,      -178.6679,       6.683899,       -174.765,       9.920889,      -177.2679
       181.5625,       35.06399,        179.241,       24.05197,       179.4058,       7.213871,      -177.0685,       9.220583,      -178.0986
        181.625,       36.75015,      -179.4629,       24.95309,       178.0759,       7.229745,      -176.9248,       10.64924,       177.9705
       181.6875,       36.16003,       179.5224,       24.24323,       177.4389,        6.90709,      -173.1135,        9.35623,       177.0729
         181.75,       36.89587,       179.8132,       25.15679,       179.2037,       8.143019,       179.8985,       9.796575,      -179.1365
       181.8125,       36.05156,       178.3776,       24.13091,       178.8187,       6.552667,      -172.3569,       9.636913,       177.0124
        181.875,        36.7439,       -178.984,       24.89122,       179.2474,       8.075858,      -176.0041,       10.15901,      -177.0764
       181.9375,       36.16568,      -179.3598,       24.99807,      -179.5246,       6.808534,      -177.8229,       10.03858,       179.7267
            182,       36.17908,      -175.4986,       24.71593,      -177.1823,       7.703876,      -169.3524,       9.530448,      -176.6662
       182.0625,        37.0913,       179.0993,        25.8169,       179.2395,       7.665831,      -177.5126,       10.27711,      -178.3649
        182.125,       35.74958,       -179.579,        24.1118,      -179.6585,         7.0668,       -173.549,       9.278479,       178.6353
       182.1875,       35.81548,      -177.4806,       24.42712,      -179.3859,       7.520606,      -172.7037,        9.94189,      -174.9775
         182.25,       36.40852,      -179.8018,       24.88298,      -179.2235,        6.74334,      -178.1775,       9.767609,        178.693
       182.3125,       34.78114,      -177.8853,       23.96362,      -179.5672,       7.399014,      -171.4575,       9.462758,      -177.8512
        182.375,       36.92891,      -176.8015,       24.74047,      -177.3396,       7.367337,      -172.8975,       10.21003,      -175.7966
       182.4375,       34.78239,      -179.6031,       23.83041,       177.6695,       6.777138,        179.901,        9.36435,       179.1128
          182.5,       36.14928,      -178.5635,       24.54725,      -178.7288,       7.311219,      -175.7112,       9.271982,        -178.26
       182.5625,       36.65013,       177.8161,       25.52608,       176.4591,       7.047061,      -176.3413,       9.875944,        175.257
        182.625,       34.31346,       178.0477,       23.38742,       176.1464,       7.105302,      -179.0835,       9.576455,       178.3943
       182.6875,       37.27805,       -179.416,       25.22574,       179.2078,       7.236031,      -176.4777,       9.638184,       176.5541
         182.75,       35.95788,       -178.691,       23.72294,      -179.9576,       7.192101,      -175.5102,       9.602615,      -176.5919
       182.8125,       35.89447,      -177.6459,       24.66195,      -178.5338,       7.129133,      -173.1364,       9.841241,      -177.6763
        182.875,       37.16274,      -179.5972,       25.02955,       179.9957,       7.325761,      -176.0055,       9.861453,       178.2371
       182.9375,       35.38576,      -179.1231,       25.24029,      -179.8499,       7.621494,      -173.7173,       9.506521,      -178.5839
            183,       36.36267,       179.2838,       24.82543,       177.5705,       7.202313,       -178.515,       9.837413,       179.6749
       183.0625,       36.41012,      -178.0784,       24.21691,      -177.4977,       7.385833,      -171.4713,       9.791468,       179.2123
        183.125,       36.84128,      -177.4191,       25.29796,      -177.2866,       7.318115,      -170.9288,       9.996926,      -177.2034
       183.1875,       36.77104,      -176.8693,        24.8712,      -178.4096,        7.13561,      -174.7008,       9.608422,      -175.3969
         183.25,       35.71608,      -178.5756,       24.99335,      -178.7742,       7.369702,      -169.1987,       10.15791,      -178.9279
       183.3125,       35.66414,       -176.172,       23.93376,      -178.0165,       7.090446,      -172.1303,       8.971497,      -176.9445
        183.375,       36.30148,      -178.8848,       24.75518,       179.6403,       7.324761,       177.4975,       9.904499,       -176.123
       183.4375,       36.45078,       177.7481,       24.56505,       177.3081,       6.491714,      -170.6409,       9.415342,       175.5163
          183.5,       36.46863,      -179.3743,       24.91877,       179.5472,       7.924758,      -176.4618,        10.1327,       179.4446
       183.5625,       36.70181,        179.496,       24.43522,       176.8238,       6.659343,       -179.139,        9.59887,      -179.4577
        183.625,       34.79761,       179.5704,       23.53713,       179.0092,       6.843617,      -176.1669,       9.409849,       179.2383
       183.6875,       36.77607,       179.7976,       25.67186,       178.6602,       7.830717,      -178.7448,       9.618673,      -179.7993
         183.75,       35.91387,      -178.5662,       24.24674,       179.4194,        7.05922,      -174.7939,       9.508853,       178.9266
       183.8125,       36.53653,       177.5838,       25.16236,       176.7326,       7.308847,      -178.2297,       9.282956,       179.9491
        183.875,       37.09315,       179.5479,       25.32417,       179.5101,       7.504595,      -179.1689,        10.6732,       179.3187
       183.9375,       33.61967,      -179.8069,       23.07695,       178.8527,        6.81675,      -171.0155,       8.874279,       179.0185
            184,       37.40579,      -177.6722,       25.90524,      -177.7589,       7.197773,      -177.0728,       9.799314,      -178.2163
       184.0625,       35.93089,      -178.2225,       24.51129,      -179.5355,       7.556913,      -169.1757,       9.679747,      -179.7637
        184.125,       37.08288,      -175.7544,       25.55039,      -176.3907,       7.592316,      -172.4266,       9.839808,      -169.4343
       184.1875,        35.3807,      -179.5169,       24.82089,       -179.604,       7.494726,      -174.7536,        10.2627,       175.2741
         184.25,       35.83738,      -177.1618,       24.22868,      -178.7046,       6.753121,      -175.0338,       9.183922,      -179.0356
       184.3125,        36.0418,      -177.3439,       25.08642,       -177.452,       7.359255,      -170.2234,       9.743503,      -175.6328
        184.375,       36.51348,      -178.6994,       24.45968,       179.4047,       6.796414,      -170.4537,       9.543376,       177.2716
       184.4375,       36.17469,      -178.0943,        24.7914,      -178.5952,       7.367863,      -177.1178,       9.437906,      -176.3371
          184.5,       36.46498,      -178.8798,       24.44675,       178.4183,       7.050419,      -172.0744,       9.819485,       179.8688
       184.5625,       35.94683,      -179.8338,       24.31223,       179.2664,       6.974364,      -178.3444,       9.353263,       179.0054
        184.625,       36.04617,      -178.6559,       24.66896,       179.4033,       7.602355,      -174.6434,       10.00028,      -177.5179
       184.6875,       37.20009,       178.4116,       25.41559,       177.0884,       7.068944,      -179.1181,       9.519455,       178.1916
         184.75,       35.93848,       179.6418,       24.45049,       176.2261,       6.676083,       179.7819,       9.793107,       174.8096
       184.8125,       35.87726,       179.2019,       24.38087,       178.3717,       7.610228,      -175.4434,       9.008793,      -178.5187
        184.875,       36.84352,      -178.7593,       24.74269,        178.856,       6.892791,      -177.2494,       10.08565,      -178.1351
       184.9375,       37.59597,       179.6137,       26.08037,       179.2348,       8.002379,      -173.6974,        9.75129,      -179.8032
            185,       35.36689,      -178.4802,       23.59958,       179.4667,       7.452308,      -178.7762,       9.732243,      -178.4274
       185.0625,       35.74295,      -177.8314,       24.96331,      -179.0045,        6.72763,      -174.0916,       9.261206,      -178.9929
        185.125,       36.85642,      -178.9177,       25.77415,      -179.5665,       7.785535,      -173.2332,       9.836177,      -177.4171
       185.1875,       36.99911,      -177.8784,       24.48519,      -179.4878,       7.011295,      -176.6739,       9.748047,       179.4982
         185.25,       35.03611,      -179.6604,       24.04316,       -179.103,         7.0742,      -169.4963,       9.166931,      -177.1766
       185.3125,       36.23798,      -176.5185,       24.44294,      -178.4435,       7.089206,      -174.2974,       9.193545,       -176.452
        185.375,       36.85381,      -177.0176,       25.29701,      -178.3284,        7.61526,      -174.0226,       10.28085,      -177.4431
       185.4375,       35.27822,      -176.3146,       23.40752,      -178.3893,       6.362359,      -172.8524,       8.990958,       -176.261
          185.5,       38.50256,       179.7419,        26.5519,       179.1127,       7.722792,      -175.7861,       9.806785,       176.4869
       185.5625,       35.01868,       179.1904,       23.19603,      -179.8599,       6.920916,      -173.2579,       9.405085,       179.9347
        185.625,       36.87002,      -179.2356,       24.96916,       178.3325,       6.813148,       -177.478,       9.667104,       179.7737
       185.6875,       36.59869,       178.3368,       24.18492,       177.6559,       7.276297,      -173.9982,         9.6265,        176.516
         185.75,       35.81852,      -179.0944,       24.70518,      -179.9619,       7.093422,      -179.3103,         9.2131,      -178.1917
       185.8125,       38.81998,      -178.8824,       25.63291,       178.5772,       7.526836,      -173.6945,       9.993275,       179.9425
        185.875,       34.57203,       178.9689,       23.68555,       179.0019,       6.837968,      -174.3112,        9.47273,      -179.8934
       185.9375,       37.26123,      -177.4946,       25.33781,      -177.1647,       7.665588,       -175.754,       9.772719,      -175.4131
            186,       36.87319,       177.8789,       25.01897,       175.7715,       7.262518,       -177.496,       10.05099,       173.2359
       186.0625,       36.12345,      -179.8119,       25.37008,      -179.7559,       7.221433,      -176.1138,       9.012298,      -175.1397
        186.125,       37.84021,      -179.8252,       24.73621,       179.9256,        7.66645,      -173.1094,       10.16427,        179.341
       186.1875,       35.14536,      -176.2633,       24.22723,      -177.9822,       6.616975,      -172.9644,       9.620932,      -173.2011
         186.25,       35.84037,      -177.8226,       25.05549,      -179.1626,       7.421767,      -177.3596,       9.510467,       179.2149
       186.3125,       37.58121,      -179.4213,       25.40594,      -178.5617,       7.580732,      -170.5208,       9.653423,      -175.8597
        186.375,       36.09626,      -179.6866,       24.98757,       178.0286,       7.264497,       -176.343,       9.525077,       179.5345
       186.4375,       35.06784,       179.7211,       23.30388,       179.5677,       6.833334,      -175.9284,       8.934869,       178.0861
          186.5,        36.5249,      -179.5763,       24.80083,        179.723,       6.850955,      -177.0204,       10.02444,      -178.5669
       186.5625,       35.20886,      -178.7141,       23.79296,      -179.6533,       6.794203,      -171.8885,        9.05407,      -177.8705
        186.625,        37.0268,       179.1887,       25.23489,        176.986,       7.728012,      -179.7893,       9.741519,       177.4272
       186.6875,       35.76161,      -177.6928,       24.74222,      -177.7712,       6.849261,      -172.4996,       9.098834,      -176.7354
         186.75,       35.75364,       178.9261,       24.82664,       177.8831,       7.449096,      -178.3964,       9.414121,       178.4525
       186.8125,       35.70993,       178.7623,       24.22872,         179.57,       6.851118,      -172.9822,       9.043408,       178.1115
        186.875,       36.90505,       179.2006,       25.47102,       176.2789,       7.779084,      -177.5143,       10.32785,       178.3687
       186.9375,       35.66634,      -178.4954,       24.09718,      -176.9784,       6.987041,      -172.4157,       9.459703,      -179.0109
            187,       36.38431,       -177.462,       25.03537,      -178.7515,       7.356636,      -174.4252,       9.637754,      -177.9796
       187.0625,       36.21866,      -177.6342,       25.27328,      -178.2298,       7.228111,      -172.5297,        9.63873,      -178.1471
        187.125,       36.79972,      -178.1184,       25.63272,       179.8066,       7.442491,      -175.7767,        9.19699,      -178.8969
       187.1875,       36.71579,      -177.2625,        24.8592,      -177.3824,       7.174688,       -173.731,       10.06343,      -176.3972
         187.25,       36.04261,       179.7819,       24.33217,       177.9547,       6.621302,      -169.7706,        9.63457,       179.8622
       187.3125,        36.6748,      -178.3677,       25.07931,      -177.3514,       8.137782,      -175.0696,       9.657037,      -178.3656
        187.375,       37.70566,      -178.1715,       25.66173,       179.9554,        6.57568,      -175.8983,       9.181648,      -179.2858
       187.4375,        35.8221,      -179.2148,       23.98372,      -179.4654,       7.174329,      -170.3669,       9.965816,      -176.2439
          187.5,       37.40809,      -179.1755,       25.49715,       178.6344,       7.366054,      -178.8907,       9.662994,       179.4754
       187.5625,       35.53111,       179.8233,       24.93418,       179.0662,       6.849359,      -175.5296,       9.479542,        -176.83
        187.625,       35.48501,       177.4517,       24.31504,       175.6992,       7.384546,      -176.2435,       9.125564,       172.4513
       187.6875,       35.65963,      -179.2051,        24.5439,       179.0787,       7.286783,       -179.756,       9.245702,      -176.6516
         187.75,        36.4419,        179.675,       24.56879,        178.305,       7.016042,      -176.3709,         9.6532,       179.4225
       187.8125,       35.35065,       179.5179,       24.57797,       179.7147,       7.260252,      -176.8174,       9.146128,       178.6398
        187.875,       35.71126,       178.5352,       25.01288,       175.6459,       7.093963,      -177.7435,       9.485023,       177.5932
       187.9375,       36.29421,      -175.4645,         24.794,      -176.9409,       7.129999,      -175.0317,       9.371888,      -173.8154
            188,       34.65919,       -179.127,       23.97316,       179.3577,       7.408162,      -171.1993,       9.363811,       177.6355
       188.0625,       36.91102,      -177.4012,       26.23165,      -178.5345,       7.847383,      -178.2185,       9.525579,      -178.8023
        188.125,       36.81617,      -178.7097,         24.318,       179.5942,       6.758786,      -174.4233,       9.495531,       -179.234
       188.1875,       35.78142,      -175.9505,       25.03905,      -176.0584,       7.148156,       -166.769,       9.184088,      -179.0305
         188.25,       37.79453,      -176.9171,       25.77381,      -178.1581,       7.631925,      -175.9494,       9.888862,      -177.0826
       188.3125,       36.17817,      -175.7501,       24.16471,      -177.6265,       6.820067,      -166.7459,       9.240903,      -176.0226
        188.375,       38.14092,      -177.2019,       25.59173,      -179.8838,       7.116443,      -176.1615,       9.897257,      -177.3349
       188.4375,       36.98475,      -178.2948,       24.57167,      -177.5286,        7.61593,      -169.3637,       9.286121,      -178.7475
          188.5,        37.0047,      -179.7992,       24.89327,       177.5874,       6.436018,      -179.6141,       9.428486,      -179.4825
       188.5625,       38.67636,       179.5805,       25.69364,       179.1851,       7.736539,      -173.5786,       10.00375,       179.1433
        188.625,       36.67677,       179.5491,        25.0575,       179.7129,       7.017691,      -174.3807,       9.621191,      -177.4035
       188.6875,       35.48869,        178.978,       23.62283,       176.7587,       6.639917,      -177.7595,        9.06517,       176.9319
         188.75,       38.59581,        179.946,       25.94558,       177.9668,       7.888397,       -177.321,       10.10351,      -179.3004
       188.8125,       34.77664,       177.9116,       23.80181,       176.8874,       6.512699,      -178.5507,       8.840872,      -179.7103
        188.875,       37.40888,      -179.2474,        25.2137,      -179.8034,       7.819999,      -173.4914,       9.789554,      -177.9281
       188.9375,        35.8585,       177.8085,       25.12991,       176.9049,       7.259738,       179.2623,       9.382705,       175.8951
            189,       35.99437,      -179.1527,       24.37949,       179.6158,       7.297511,      -176.0014,       9.252584,      -176.5622
       189.0625,       36.43787,       178.9561,       24.79673,       179.8743,       6.989924,      -173.0608,       9.416218,       178.1662
        189.125,       36.47048,      -177.4723,       25.38341,      -179.8572,       7.646951,      -174.1944,        9.80933,      -175.1785
       189.1875,       35.26507,      -177.3316,       24.10346,      -177.5299,       7.284847,      -176.4738,       8.996932,       179.5743
         189.25,       37.95244,      -178.6815,       26.21568,      -178.9932,       7.466949,      -171.6536,       9.241757,      -175.5203
       189.3125,       35.79541,       179.5634,       24.59772,       179.5629,       6.892212,      -175.8659,       9.590927,       179.0791
        189.375,         36.638,      -175.8662,       25.33989,      -176.9529,       7.392674,      -168.6714,       9.492453,      -172.6564
       189.4375,       35.43419,       179.6754,       23.55052,      -179.2875,       7.015341,      -173.8018,       8.985923,       177.8936
          189.5,       36.16194,      -177.8527,       24.78119,      -179.8612,       6.936429,      -172.7037,       9.908092,       -178.453
       189.5625,       38.16192,       -178.431,       25.88672,       -178.457,       7.742108,      -176.6936,       9.686935,      -176.6829
        189.625,       35.95442,       179.5985,         24.709,       179.1999,        6.49148,      -171.1921,       9.159573,       177.7382
       189.6875,        36.4295,      -177.9477,       24.77028,      -178.7995,       7.270114,       -174.539,       9.551296,      -175.3393
         189.75,       37.22093,       179.0303,       25.74907,       177.9361,       7.571066,      -174.0574,       9.700924,       178.5832
       189.8125,       35.35288,       177.2076,       24.36471,       176.4987,       7.287012,      -178.1871,       9.567527,       175.8552
        189.875,       35.87901,      -179.4734,       24.54007,       178.5176,       6.838263,      -178.3061,       9.604007,      -177.2108
       189.9375,        36.3562,      -177.8864,       24.25976,      -179.9359,       7.148909,      -174.8399,       9.519246,       178.5391
            190,       36.93995,       179.3338,       25.42985,       179.8564,       7.150589,       -176.156,       9.561583,       178.1757
       190.0625,       36.77736,      -178.2272,       25.26847,       179.5711,       7.538808,       -172.017,       9.193152,      -175.3959
        190.125,        34.5954,      -179.7016,       24.62934,       178.5987,       7.481705,      -177.3637,       8.798161,      -179.4221
       190.1875,       37.16949,      -179.9382,       25.01917,      -179.7159,       7.165412,      -174.8217,       10.13548,      -176.2037
         190.25,       36.28508,      -178.0755,       25.33975,      -178.0099,       7.627164,      -174.9479,       9.227419,       179.4415
       190.3125,       36.67273,      -179.3303,       25.12041,       177.6985,       6.818141,      -177.9344,       9.917388,      -179.9739
        190.375,       34.89762,      -177.8509,       23.45523,      -178.3961,       6.979118,      -168.8719,       8.548293,      -174.2809
       190.4375,       37.43729,      -176.8462,       26.25608,      -179.1839,       7.905324,      -178.4327,       9.868036,      -179.8779
          190.5,       36.25888,      -179.4983,       24.83901,      -178.6398,       6.996739,      -169.9466,       9.416256,      -177.7643
       190.5625,       35.87414,      -178.8397,       25.00571,       178.2994,       7.273684,      -178.9985,       8.973922,       179.0092
        190.625,       35.37299,      -179.7888,       23.98558,       179.5599,       7.118447,      -173.1779,       9.307347,       -177.813
       190.6875,       37.34217,      -179.7008,       25.13268,       178.8999,       7.293679,        179.602,       9.646424,       175.4337
         190.75,       36.31195,      -179.3329,        24.6489,       179.4982,       6.776021,      -171.0822,       9.373615,      -178.3341
       190.8125,       36.31172,      -177.4865,        24.8447,       -178.336,       7.765983,      -174.5515,       9.351751,       179.2231
        190.875,       35.84918,      -178.0972,       24.48275,       179.6516,       6.724967,      -176.5865,       8.698637,      -177.2317
       190.9375,       38.02211,      -179.3712,        26.0736,       179.4764,       7.641112,      -176.0161,       9.842565,      -178.8072
            191,       36.21467,       179.3528,       24.77086,       179.3976,       7.315306,      -177.4193,       9.831511,       179.2346
       191.0625,       36.98397,      -176.9913,       25.18453,      -177.8303,       7.005404,      -168.6562,       8.870185,       179.2489
        191.125,       36.58526,        178.616,       24.36081,        177.571,       7.307559,        179.006,       9.761139,      -178.9413
       191.1875,       36.75686,      -178.6409,        25.8404,      -178.0839,       7.154678,      -169.8042,       9.348263,      -179.3316
         191.25,       36.29679,      -177.0318,       24.60788,      -178.7397,       7.030879,      -169.9055,       9.658867,      -174.8293
       191.3125,       36.44778,      -179.4176,       24.70774,       179.9748,       7.724215,      -178.5797,       9.255088,      -178.9962
        191.375,        36.4343,       -178.601,       25.53812,      -178.4402,       7.026326,      -170.1464,       9.427452,      -177.0139
       191.4375,       36.82625,      -179.1667,       25.15769,       178.1216,       7.090283,       179.4103,       9.781361,       179.1271
          191.5,       35.90017,       179.5271,       25.25701,        178.748,       7.445891,      -172.7274,        9.05985,      -177.8522
       191.5625,          37.02,       -177.846,       25.11499,        179.975,       7.369956,      -174.7768,       9.635529,        179.488
        191.625,       35.75018,      -179.0755,        24.4969,        178.817,       7.346089,      -174.4608,       9.372561,      -174.9553
       191.6875,       36.38951,       179.2409,       24.51484,        177.419,       6.886597,       175.1067,       9.477433,       174.3687
         191.75,       36.30082,      -176.9662,       24.95126,      -179.5809,       7.263811,       -171.972,       9.035303,      -175.0508
       191.8125,       36.51054,      -179.6684,       25.38349,       178.9391,       7.602891,      -173.2945,       9.735351,       177.7299
        191.875,       36.42933,      -179.2521,       24.81645,       178.7099,       7.752439,       176.5689,       8.773211,      -177.6372
       191.9375,       36.22906,      -179.1214,       24.69835,         179.05,       6.704458,       -174.378,       9.368494,        176.996
            192,       35.78608,       179.5889,       24.30993,       178.7691,       7.114821,      -177.8005,        9.21481,       179.6428
       192.0625,       36.81402,      -178.2544,       25.44382,      -177.9918,        7.38462,      -171.9714,       9.305826,       179.8555
        192.125,       36.06736,      -176.9627,       24.80618,       -179.459,        7.37666,      -172.8885,       9.409205,       -177.615
       192.1875,       37.32604,      -176.9792,       24.92917,      -178.4244,        7.38939,      -177.1816,        9.11412,      -179.3123
         192.25,       36.39348,      -177.0137,       25.17083,      -176.9489,       7.000608,       -170.407,       9.306843,      -178.8802
       192.3125,        37.3947,      -179.1193,       25.03923,        179.144,       6.867705,        -175.61,        9.16711,      -179.2077
        192.375,       37.87251,      -176.4007,       25.81647,      -176.0687,       8.006486,      -171.4355,       9.482026,      -174.2963
       192.4375,       36.90981,       179.9333,        25.0122,       178.8004,       6.526776,      -172.5545,       9.708059,       179.5835
          192.5,       36.97447,      -175.9884,       24.87837,         -178.1,       7.446317,       -176.403,       9.430736,      -176.5079
       192.5625,       38.62741,      -179.9375,       25.75101,       178.3297,        6.83403,      -174.8163,       9.465605,       178.2823
        192.625,       38.25505,      -179.2556,       25.48882,       -179.569,       7.312398,      -175.5196,       9.990755,       -178.743
       192.6875,       36.60353,      -179.7064,       24.71762,       179.2751,       7.077037,      -172.7358,       8.633167,      -177.2649
         192.75,       37.54836,        178.781,       25.19101,       176.4521,       7.233644,      -179.9443,       9.931493,      -177.3894
       192.8125,       37.06693,       178.7332,       25.42555,       178.3244,       7.607864,      -175.2211,       9.692755,       176.4121
        192.875,       36.52022,       177.5887,       23.85148,       177.4117,       6.667525,       176.4893,       9.111717,       174.8486
       192.9375,       35.90343,      -179.2856,       24.79497,       178.6642,        7.27526,      -173.4618,       8.960732,      -175.5614
            193,        36.4124,      -179.9268,       25.37206,      -179.2127,       7.643921,      -177.5388,       9.693741,       179.5525
       193.0625,       35.96845,      -179.7938,       24.91797,       178.5729,       7.178872,      -175.0648,        8.70037,        179.573
        193.125,       36.37034,       -179.245,       24.93165,       178.5918,       7.421881,       179.3844,       9.102612,      -178.9307
       193.1875,       35.79904,       178.6915,       24.77377,      -179.7717,       7.443572,      -172.0469,       8.783997,      -179.3377
         193.25,       35.88015,       -176.539,       24.97364,         -177.4,       7.420845,      -177.2946,       9.598037,       -178.616
       193.3125,        36.2878,       179.7511,       24.61685,       179.8864,       6.745152,       -174.315,       9.016144,      -179.2979
        193.375,       36.45171,      -174.4949,        24.8862,      -177.3535,        7.25148,      -173.0339,       9.296055,      -175.5643
       193.4375,       36.64331,      -179.1717,       25.24191,      -178.2246,       7.234538,      -175.8489,        9.07668,      -179.9484
          193.5,       37.29908,      -177.1105,       25.67021,      -178.0242,       6.973215,      -170.3229,       9.005932,      -179.0143
       193.5625,       37.68085,       -178.069,       25.32577,      -178.1192,       7.264834,      -171.8483,       9.447464,      -175.8999
        193.625,       36.63904,        179.368,       24.93087,       178.3298,       7.119731,      -177.3761,       9.568209,       178.0367
       193.6875,       37.37664,      -179.8941,       25.18593,       179.3266,       7.100535,       -174.813,       9.140626,      -179.0059
         193.75,       37.79338,      -177.5412,       24.92991,       -179.236,       7.199679,       -177.954,       10.13425,      -179.4681
       193.8125,        36.8065,      -179.4224,       24.95444,      -179.7741,       6.254891,      -173.0863,       8.935645,      -179.8217
        193.875,       37.93759,       179.4947,       26.20998,       178.8596,       7.980402,       -176.984,       9.431436,      -179.6585
       193.9375,       36.82216,       178.4184,       25.29696,       178.0348,       7.072784,      -174.1368,       8.982761,       179.8172
            194,       36.05908,      -179.9794,       24.49719,       178.3835,       6.997536,      -177.3965,       9.490038,      -178.9695
       194.0625,       36.51252,         177.04,       25.32373,       177.1351,       7.345665,      -178.3078,       9.586243,        174.958
        194.125,       35.87186,      -176.5896,       24.88337,      -177.7079,       7.090331,      -174.1161,       9.199665,      -173.8595
       194.1875,       35.83339,       178.9408,       24.31594,       176.8288,       7.432191,       -179.705,       8.931979,       176.6984
         194.25,       37.38845,      -177.1413,       26.08785,      -179.1548,       6.703847,      -176.4185,        9.16217,      -175.4386
       194.3125,       36.23447,       179.9694,       24.82363,       178.0129,       7.613004,      -174.9442,       9.245415,      -179.5786
        194.375,       35.91321,       -178.343,       24.33319,      -177.8817,       6.943718,      -174.1438,        8.71877,      -177.8586
       194.4375,       35.47393,      -179.4198,       24.96357,       179.5706,        6.87612,      -174.4814,        9.36795,      -178.1344
          194.5,       38.28001,      -176.9384,       25.64464,      -178.6764,       7.344374,      -178.3288,       9.322533,      -178.7839
       194.5625,       36.87579,      -179.0024,       25.57973,      -179.4572,       7.868994,      -170.9783,       9.153421,      -178.0509
        194.625,       36.49015,      -177.8377,       23.96883,      -178.6197,       6.151873,      -175.6552,       9.238048,      -177.5423
       194.6875,       37.74376,      -179.9935,       26.44437,        179.226,       7.667616,      -173.9132,       9.310561,       177.1803
         194.75,       36.10092,      -177.9848,       24.16692,      -179.1084,       7.397972,      -176.8313,       9.129147,      -178.0965
       194.8125,       36.76365,       179.7125,       25.14383,      -179.6277,       6.624047,      -175.5746,       8.637037,      -178.1945
        194.875,       37.92189,       179.4111,        25.7857,       178.1058,       7.272941,      -177.9164,       9.927154,       176.1257
       194.9375,       36.07923,      -179.0066,       24.65586,      -178.9064,        7.10761,        -175.04,       8.950071,       179.9173
            195,       36.77573,       -179.343,       24.74123,       179.9248,       6.837811,      -175.1123,       9.163465,       -179.401
       195.0625,       37.19873,       179.5905,       25.90203,      -179.7677,       7.130044,      -177.3464,       9.355927,       -178.998
        195.125,       36.68563,      -177.1872,       25.66941,      -178.4269,       6.823814,       -173.817,       9.360188,       -177.038
       195.1875,       37.23133,       179.0851,       24.98278,       177.5046,       7.019855,      -173.6166,       9.185977,       177.6937
         195.25,       36.34777,      -179.0734,        25.4111,      -179.1325,       6.625268,      -176.7938,        8.75638,      -178.4777
       195.3125,       37.48915,      -178.5405,        25.5567,      -179.7004,         7.4262,      -169.3559,       9.520156,      -176.9589
        195.375,       36.38643,       179.3222,       25.24329,         179.16,       7.031947,      -174.5842,       8.617291,      -179.6596
       195.4375,       36.63058,      -179.5163,        24.9607,       179.3827,       6.528227,      -171.1529,       9.126686,      -176.5167
          195.5,       36.44378,      -179.6027,       24.74487,        178.999,        7.59001,      -175.3249,        9.76343,      -175.5464
       195.5625,       36.67404,      -178.6355,       25.52082,       -178.774,       6.950228,      -168.9072,       8.810548,       -178.917
        195.625,       38.48808,      -177.8598,       25.62644,       179.4624,       7.248434,      -177.8292,       9.998691,      -175.8506
       195.6875,       35.83996,       176.0954,       25.29554,       175.8639,       7.727709,      -170.3132,       8.384296,       175.8575
         195.75,       35.80276,      -178.8744,       24.75623,      -179.4821,       7.874819,      -179.5811,       9.683821,      -173.2072
       195.8125,       36.39936,      -179.8163,       25.24908,       179.1116,       7.005737,      -175.9266,       9.363097,       178.6391
        195.875,       35.71027,        179.459,       24.71069,       178.2585,       7.621323,      -175.8732,       9.197889,       177.5984
       195.9375,       35.94645,      -177.9929,       25.14454,       179.7768,       7.351403,       179.9633,       9.321534,       178.9647
            196,       37.70131,       -178.424,       24.54212,       179.9611,       6.502561,      -177.4641,       9.088165,       177.9077
       196.0625,       36.05618,      -176.8345,       25.87998,      -178.9766,       7.643357,      -174.8819,       8.760526,      -176.7826
        196.125,       35.99325,      -179.1413,        24.3084,      -179.2668,       6.814108,      -179.6226,       9.134482,       179.8707
       196.1875,       38.21262,       -177.901,       25.97786,      -179.0393,       6.794755,      -171.3652,       8.657495,       178.1004
         196.25,       35.95047,      -178.6532,       25.19114,      -179.1912,       7.271911,      -172.4538,       9.015295,      -177.1924
       196.3125,       37.36573,      -178.5012,       24.76579,      -179.4334,       6.525623,       179.8662,       9.138002,      -179.5247
        196.375,       39.42457,      -176.9052,       26.77826,      -177.8387,        6.55363,      -166.0329,       9.033589,      -177.7872
       196.4375,       36.81492,       -179.249,       24.65685,      -178.4828,       6.945345,      -165.9952,       8.906581,      -174.4817
          196.5,       38.45544,      -179.3428,       25.91039,       178.2547,       6.827432,      -173.1725,       9.673764,      -176.0752
       196.5625,       37.22554,       178.1391,       25.72264,      -178.5797,       7.514567,      -162.1621,       8.506871,      -178.7684
        196.625,       37.33089,       177.9206,        25.6579,       176.3026,       7.646595,      -175.8761,       9.888296,      -178.1334
       196.6875,       36.15812,        179.526,       24.53073,       178.2653,       7.284128,      -170.8704,       9.180096,      -176.6836
         196.75,       37.16281,      -179.7708,       25.02973,      -179.9792,       7.442234,      -173.6807,       10.08331,      -179.1009
       196.8125,       37.04404,       177.9518,       25.61668,       177.9417,       7.733057,        -175.53,       9.194027,      -177.2578
        196.875,        37.1006,      -179.7538,       25.61719,       178.2491,       7.571789,      -174.4771,       9.553158,         178.86
       196.9375,       34.68316,        177.933,        24.2536,       177.0396,       7.921705,      -176.4239,       8.714999,      -178.8928
            197,       36.32662,       179.6695,       25.47577,       178.0868,       7.703532,        177.604,       10.12951,      -179.4018
       197.0625,        35.2187,       -178.831,       24.16795,       179.9966,       7.647223,      -179.3361,       8.739729,       179.9442
        197.125,       35.61789,       -177.985,       25.05999,      -179.3072,       6.919116,      -179.0729,         9.2389,       175.9339
       197.1875,       37.59904,      -178.8293,       25.02634,       179.2874,       6.789136,       177.8051,       8.611477,        179.993
         197.25,       37.02518,      -178.1363,       26.28912,      -178.3414,       7.271109,      -169.6679,       9.070362,      -177.1882
       197.3125,       36.37467,      -179.8433,       24.35764,       178.8809,       7.047255,      -177.3331,        8.56185,      -179.2106
        197.375,       36.55952,      -177.1045,       26.47993,      -176.7402,       7.018197,      -169.5975,        9.01734,      -176.6554
       197.4375,        36.3494,       179.0094,       23.64568,       178.8213,       6.802497,      -174.9401,       8.910505,       179.0084
          197.5,       37.77247,      -178.1135,       26.39598,      -178.6807,       7.062902,      -168.6835,       8.889434,      -178.0952
       197.5625,        36.3388,      -176.7062,       24.70369,      -177.1339,       7.232422,      -172.1558,       8.852338,      -173.8514
        197.625,       38.59878,       179.4406,       26.06625,      -179.7851,       6.937157,      -167.4471,       9.707929,      -177.6452
       197.6875,       37.21606,       179.7595,       26.20174,       178.9289,       7.488122,      -170.2207,       9.066594,      -177.3357
         197.75,       36.13906,       178.2698,       24.56143,       179.9413,       7.452435,      -166.2874,       9.355503,      -177.4128
       197.8125,       36.97959,      -179.3957,       25.49563,       178.7435,       7.976466,      -174.6662,       9.799327,       179.9423
        197.875,       36.93055,       179.4682,       25.16264,       178.3819,       7.855086,      -177.8384,       9.693636,      -178.1586
       197.9375,        36.2131,      -179.4881,       24.64376,       178.8845,       6.839518,      -175.2514,       9.058293,      -178.2232
            198,       36.48362,       179.3689,       25.55318,       178.2596,       7.763884,      -178.9478,       9.648661,        179.805
       198.0625,       36.85002,      -179.7139,       25.29693,       178.6553,       7.305333,      -173.8409,       9.085509,       178.0266
        198.125,       36.98137,        179.247,       25.44215,       177.6218,       7.797866,      -177.2783,       9.400006,      -177.5594
       198.1875,       35.32056,      -178.7541,         24.294,      -179.6771,       7.102407,       179.7909,       9.382181,      -179.2561
         198.25,       37.43575,       179.1473,       26.02314,       177.8676,       7.435153,      -174.8539,        8.50182,       177.6145
       198.3125,       35.69311,      -178.7539,       24.38481,      -179.8072,       7.516571,       -175.127,       9.528076,      -177.1654
        198.375,       35.66684,      -179.2374,       24.76519,      -179.0081,       7.084778,      -174.4412,       8.345441,      -179.2901
       198.4375,       36.46188,      -176.9588,       25.12198,       -178.877,       7.536721,        -171.55,        9.08761,       -175.669
          198.5,       37.44522,       179.1089,        25.3329,       178.5955,       6.896508,       179.8093,       9.399344,      -179.3621
       198.5625,       34.92666,       -178.012,        24.4876,      -178.5699,       7.394694,       -170.993,       8.720101,      -176.0704
        198.625,       38.38718,       179.3683,       26.47928,       179.6629,       7.912444,      -173.8071,       9.248599,       178.0781
       198.6875,       35.42495,      -178.9689,       24.84319,       179.9244,       7.506435,        -171.69,       9.011535,      -175.5656
         198.75,       35.93136,      -178.9836,       24.11177,      -179.7016,       7.154626,      -175.7271,       9.200345,      -178.7309
       198.8125,       36.47448,      -178.6207,       25.37478,      -179.4133,       7.758233,      -175.9496,       9.157729,       179.9925
        198.875,       37.36166,      -178.4855,       26.11612,      -178.3956,        7.80666,      -178.4512,       9.804889,       178.9405
       198.9375,       37.35869,        -177.85,       25.32176,       179.1822,        6.84309,      -176.5515,       8.856879,      -179.9657
            199,       37.52858,       179.9274,       25.38171,      -179.9087,        6.98476,      -176.1011,        9.34393,      -179.9715
       199.0625,       38.50664,       -179.775,       25.96811,        179.272,       7.348998,      -173.8107,       9.293642,      -179.6381
        199.125,       35.42035,       178.6886,       24.96905,       178.5465,        6.96315,      -172.8061,       8.736214,      -179.5903
       199.1875,       36.88268,      -179.2734,       25.47057,       179.8907,       7.827077,      -175.6898,       9.783333,      -178.0967
         199.25,       36.20857,      -179.0455,         24.435,       179.2527,       7.047333,      -177.3416,       8.489558,      -179.7153
       199.3125,       37.91727,      -179.0769,       26.36319,      -178.7609,        7.16915,      -173.8053,       9.617546,      -177.9861
        199.375,       36.50806,       -179.625,       24.59899,        179.092,        6.84786,      -170.8691,       8.890447,       179.2408
       199.4375,       36.69117,        179.831,       25.67868,      -179.9137,       7.635285,      -170.3639,       8.851888,      -173.1971
          199.5,        35.3458,       177.9785,       24.22394,       177.7193,       7.738066,      -173.1988,       9.369313,      -178.2064
       199.5625,        36.2787,      -179.9307,       25.84389,       179.0809,       8.954486,      -173.4636,       9.968207,      -177.4207
        199.625,       33.62692,      -178.8085,       24.25224,       179.6283,       7.779864,       176.2692,       8.707381,      -179.1889
       199.6875,       35.76362,      -175.5061,       24.15594,      -177.9444,        7.05161,       -178.146,       9.624161,       179.8336
         199.75,       37.60439,      -179.0459,       25.70705,      -179.8182,       7.852813,      -179.9492,       9.320032,       177.6693
       199.8125,       37.30587,      -176.5925,       25.55379,      -178.7902,       7.067538,       179.9386,       8.693636,      -179.4991
        199.875,       36.86545,      -179.5573,       25.56559,       179.4879,       7.156806,      -174.6011,       9.490432,      -176.8311
       199.9375,       36.23249,      -179.4207,       25.16183,        179.338,       7.820998,       175.2081,       8.915073,       174.4506
            200,       37.64091,      -176.9762,       25.66584,      -179.3453,       7.142502,       179.8246,       8.922195,       178.9097
