Group Signal ,H1xy,Frame 6,
Format,Mag/Phase,Scaling,Ratio
Signal type,Transfer Function,Window,Rectangular
Signals,H1:1;2,,H1:1;3,,H1:1;4,,H1:1;5,
,2,,3,,4,,5,
Ref Chan,1,,1,,1,,1,
Chan Name,Acc_1,,Acc_2,,Acc_3,,Acc_4,
Ref Name,Hammer,,Hammer,,Hammer,,Hammer,
Point,8 X,,15 X,,0 X,,0 X,
Ref Point,40 X,,40 X,,40 X,,40 X,

Hz,(m/s^2)/N,deg,(m/s^2)/N,deg,(m/s^2)/N,deg,(m/s^2)/N,deg
Scaling,Mag,Phase,Mag,Phase,Mag,Phase,Mag,Phase
              0,       14.72015,       180.0001,       14.62135,              0,       17.16366,       180.0001,       14.29753,              0
         0.0625,       13.99984,       158.1762,       12.17291,       27.58503,        18.5039,      -140.7335,       13.71344,       4.254778
          0.125,        44.1512,       99.47139,       40.13425,       66.15018,       54.72671,      -158.3572,       57.85547,        26.2873
         0.1875,       113.5287,         50.722,       33.63443,       175.0536,       47.98766,      -167.6814,       19.42939,       50.52846
           0.25,       108.5154,       39.77351,       52.98829,      -30.85011,       49.31292,      -137.7469,       59.69212,       26.58106
         0.3125,       95.08024,       72.80049,       18.49022,      -62.79074,        44.5526,      -94.64738,       55.23495,      -18.82167
          0.375,       46.99558,       73.45071,       9.346097,       -11.9037,       37.42755,      -93.06071,       30.91595,      -111.9995
         0.4375,       42.19501,       140.2082,       123.3601,      -51.53251,        26.3402,      -61.50636,       26.18813,      -162.4762
            0.5,        61.5445,       70.18614,       86.02754,       176.3841,       48.17735,      -64.40553,       20.02672,       10.05004
         0.5625,       41.16434,       111.2133,       89.58862,       32.26702,       25.20509,      -49.19923,       6.088482,      -31.07931
          0.625,       23.06359,       127.6163,       38.12652,      -25.01316,         6.7156,       40.14443,       4.341444,      -155.6176
         0.6875,       46.87403,      -118.5257,       42.83753,      -127.4426,       10.65273,       130.5726,        8.82433,       52.51011
           0.75,       41.20881,      -38.91511,        46.5737,       133.2176,       19.10008,      -170.4479,         3.7161,      -85.68475
         0.8125,       41.28567,      -14.04621,       40.31941,      -33.51186,        21.1545,      -125.0095,        9.13147,      -26.04591
          0.875,        36.4085,      -27.40147,       30.74126,      -167.6699,       18.02717,      -95.29894,       5.010608,      -178.3062
         0.9375,       20.96761,       10.40917,       21.04855,        80.6292,       4.879328,      -47.86031,       12.21352,      -110.7619
              1,        16.8231,      -132.8344,       27.95936,      -51.11177,       8.498899,       170.6606,       6.012668,      -179.0503
         1.0625,       31.08217,      -52.50297,       19.16161,      -138.9994,       8.901878,      -143.7371,       4.354808,      -113.4331
          1.125,       25.60228,      -20.52312,       14.34638,       126.3977,         11.285,      -107.9527,       3.875744,      -105.8989
         1.1875,       24.43175,      -9.450804,       12.18073,       7.112432,       13.82493,      -101.3833,       5.038847,      -15.86761
           1.25,       28.08705,        15.3773,       18.58911,      -152.6752,       13.46305,       -80.0947,       12.03311,      -76.75124
         1.3125,       6.273078,      -99.18771,       9.554458,      -22.38455,       18.04509,      -104.0751,       11.07118,      -129.9912
          1.375,       45.74796,      -43.80651,       13.82679,       18.26085,       27.75368,      -96.47752,       2.875952,      -30.54066
         1.4375,        2.65034,      -50.61482,       8.529963,      -82.87787,       12.49607,      -95.50305,       5.895184,      -64.96839
            1.5,      0.2771184,       97.39494,      0.4279778,      -19.72837,       14.23334,       -80.3968,       5.146702,      -35.92054
         1.5625,        35.7133,       -122.563,       7.926863,      -66.79581,       15.69824,      -128.5188,       8.038767,      -51.83375
          1.625,       20.01165,      -118.2032,       4.818308,       27.24504,       16.24917,      -121.4221,        8.34331,      -49.38517
         1.6875,       27.65879,      -79.75224,       8.308746,      -92.46074,       16.10425,      -107.5666,       5.800879,      -56.08361
           1.75,       18.46337,      -86.82068,       3.845109,       66.21407,       13.15232,      -107.4186,       2.667466,      -91.03008
         1.8125,       12.04835,       -13.3155,          8.169,       -6.32937,       11.34825,      -59.40962,       2.525366,      -0.590766
          1.875,       20.92462,      -99.43456,       7.882159,      -107.0682,       18.66884,      -92.53511,       4.152429,      -62.02583
         1.9375,       14.11926,      -45.12107,       3.000874,       79.85835,       22.31652,      -77.09924,       5.745838,      -59.90316
              2,       7.168658,      -111.7585,        5.46951,      -49.39808,       18.99575,      -73.44762,       11.12083,      -75.29752
         2.0625,       5.348839,      -168.8718,       4.310061,        110.395,       11.18165,      -88.38097,       3.124734,      -12.10427
          2.125,       13.33381,       164.4856,        6.65693,       -36.2332,       14.81003,      -139.0717,       5.982077,      -131.0852
         2.1875,        11.2062,      -168.7914,       1.945707,      -88.14321,       8.967231,      -115.6267,       3.069758,      -72.96076
           2.25,       16.29592,      -131.5037,       3.192814,       16.23156,       19.34811,      -108.8845,       9.088927,      -66.14192
         2.3125,       18.82068,       -155.114,       4.232725,      -78.05739,       20.39835,      -124.3036,       7.316367,      -89.27689
          2.375,       12.29494,        168.283,       1.693001,       78.41549,       14.04171,      -120.0011,       7.013125,      -75.25661
         2.4375,       14.55636,       -142.658,       3.131946,      -54.22198,       12.89224,      -102.2223,       5.537501,      -40.61843
            2.5,       2.280408,      -116.7811,       1.575616,       -79.8259,       10.96697,      -98.69499,       4.353746,      -109.2108
         2.5625,       7.059319,       169.3334,       1.884675,      -23.21217,       10.78358,      -64.45853,       10.23614,      -9.621542
          2.625,       17.23888,        133.668,       4.651633,      -28.90076,       15.40189,      -115.9989,       6.134548,       -87.8279
         2.6875,       5.540682,        128.568,       3.742422,       -102.726,       10.93422,      -143.0924,       5.469112,      -69.59787
           2.75,       6.326726,       109.3444,      0.7481402,       90.18218,       12.88339,      -112.6541,       4.657375,      -52.04897
         2.8125,       6.769528,       15.04938,        4.07241,       -1.47812,       11.68222,      -88.43833,        3.06078,      -63.77665
          2.875,       12.28915,       24.14199,        5.28426,      -73.25931,       10.94787,      -127.1539,       8.758513,      -61.75435
         2.9375,       4.336297,      -53.45055,        1.90678,      -28.68895,       7.692669,      -118.4109,        2.15636,      -28.57594
              3,       8.578845,      -9.623255,       2.471452,      -67.22999,       9.878906,      -145.2411,       7.620788,      -91.10833
         3.0625,       4.184965,      -77.68892,       1.694338,      -96.37811,         11.965,      -127.7311,       3.042837,      -50.59665
          3.125,       7.736285,      -5.719646,       2.745133,      -31.43208,       12.49475,      -117.9743,       4.326061,      -66.70318
         3.1875,       4.693319,       6.468923,       2.300443,      -80.55415,       13.58591,      -122.7721,       5.943136,      -78.24435
           3.25,       3.226432,       38.68221,       1.475772,       15.25524,       14.93521,      -113.7172,       9.954982,      -57.53482
         3.3125,       6.172742,       4.240071,       3.202254,      -55.66791,       13.10226,      -126.8705,       4.735629,      -77.19359
          3.375,       9.063539,       18.34614,       2.449056,      -60.61715,       12.16778,      -124.5683,       3.893374,      -67.64895
         3.4375,       7.243018,       12.40523,       1.920553,      -45.90345,       9.619553,      -101.0178,       5.331009,      -60.92412
            3.5,       8.393982,      -6.952356,       3.162249,      -53.64803,       13.26262,      -97.62334,       4.438673,       -76.3034
         3.5625,       15.08503,      -45.20007,       2.425144,      -44.05476,       10.22474,      -125.2342,        7.47086,      -63.70852
          3.625,       15.30786,      -51.71564,       3.499681,       -70.2761,       11.97893,      -132.6654,       8.254313,      -72.32375
         3.6875,       10.48887,      -66.31351,       2.751704,      -49.70267,       12.24289,      -136.5816,       5.955417,      -43.24638
           3.75,       11.63653,      -72.51077,       2.185736,      -41.29745,       9.174652,      -118.7477,       4.554351,      -65.09947
         3.8125,       12.05537,       -64.9174,       4.398488,      -106.5298,       13.09871,       -129.344,        6.07207,      -68.38303
          3.875,        8.49145,      -60.21591,       2.542713,       25.53477,       9.151145,      -136.4774,       7.551757,      -45.24393
         3.9375,       5.930114,       -32.0609,       3.532476,      -74.45634,       9.577567,      -106.9547,       3.835373,      -55.78677
              4,       10.13468,      -34.54237,       1.835635,      -27.09674,        14.3254,      -118.0683,       7.025198,      -47.59783
         4.0625,       13.31673,      -37.07913,       2.748049,      -86.04317,       13.45977,      -128.8433,       8.673491,      -48.88289
          4.125,       8.739635,      -43.43784,       3.136427,      -31.07805,       9.976292,      -113.7277,       4.951473,       -79.4217
         4.1875,       10.82101,      -43.85658,       2.293926,      -48.08588,       10.88942,      -108.7748,       4.320963,      -39.32269
           4.25,       13.53366,      -82.26673,       3.262347,      -68.58759,       12.34498,       -125.213,       7.279308,      -66.78139
         4.3125,       8.843285,       -97.4159,       1.895573,      -32.57977,       8.834587,      -132.5282,       4.401577,      -61.63054
          4.375,       12.70728,      -109.8656,       1.638629,      -62.01035,       7.938572,      -126.2899,       4.496869,      -68.38029
         4.4375,       12.15022,      -85.51673,       2.092556,      -83.79208,       9.103212,      -113.4243,        5.30679,      -42.89731
            4.5,       11.94425,      -138.9254,       3.021558,      -53.64487,       6.602567,      -130.2572,       5.312361,        -67.141
         4.5625,       8.840961,      -112.9585,       1.502539,      -47.30255,       5.943826,      -125.9622,       3.984734,      -68.88685
          4.625,       6.482272,      -118.4399,        1.87139,      -73.41348,       5.637182,      -127.0926,        4.49844,      -42.94851
         4.6875,       5.546578,      -113.4729,       1.711026,      -39.52469,       6.555737,      -120.9508,       2.593886,       -75.8071
           4.75,       7.936766,      -103.4558,       2.103619,       -65.7279,       7.782129,      -98.25938,       5.249167,      -23.11403
         4.8125,       9.041947,      -130.4942,       2.819718,      -65.66644,       9.757238,       -119.637,       6.728313,      -55.59398
          4.875,       8.532146,      -103.9757,       1.162108,      -32.52687,       7.636241,      -114.6275,       3.644554,      -31.23965
         4.9375,       5.448183,      -123.1998,       2.812588,      -66.82259,       8.594055,       -104.282,       5.857487,      -44.43352
              5,        8.27113,      -131.9201,       1.585383,      -46.68666,       8.524583,      -108.6992,       3.664205,      -21.23522
         5.0625,       13.35334,      -176.0423,       2.809214,      -72.55095,       8.943381,      -144.9293,       9.187731,      -58.76511
          5.125,       6.470261,      -156.4065,       1.820477,      -64.32627,       8.184478,      -123.7465,       3.434089,      -50.55488
         5.1875,       4.962458,      -156.3336,       2.020143,      -55.84615,       8.608021,      -117.2585,       7.778019,      -37.26804
           5.25,       4.672451,       176.2462,       2.411226,      -48.84996,       9.895756,      -127.5523,       5.261877,      -55.78935
         5.3125,       1.117164,       123.7209,       2.099833,      -79.37975,        9.12534,      -129.7343,       4.918398,       -47.5018
          5.375,       2.080894,      -119.3458,       1.124171,      -41.29749,       6.994228,      -119.8261,       4.411681,      -48.71017
         5.4375,       1.510462,      -116.3338,       2.978022,      -49.76545,       8.369686,      -117.3011,       6.866138,      -34.90943
            5.5,       4.319514,      -114.0268,        2.42746,      -76.64502,       8.602669,      -114.5526,        5.20099,      -36.61163
         5.5625,        5.01873,      -121.5832,       1.460238,      -50.32392,       7.739941,      -130.1859,       5.009691,      -50.36738
          5.625,       4.599154,      -101.8102,       2.469814,      -59.52541,       8.190975,      -115.4579,       4.761719,      -33.56337
         5.6875,       3.600968,      -124.0833,        1.93498,      -42.82328,       7.099531,      -120.2173,       5.175904,      -31.15939
           5.75,       3.720347,      -153.4183,       2.665442,       -43.6473,        8.46392,      -111.4299,       5.748058,      -31.04241
         5.8125,       4.964523,       173.7686,       2.732228,      -84.21553,       7.705388,      -128.1871,       6.005177,      -39.31572
          5.875,       2.177797,      -84.02475,       1.763706,      -11.14004,       7.717174,      -114.5473,       2.769211,      -49.29315
         5.9375,       1.837239,       18.42635,       2.938038,      -76.59262,       7.989118,      -111.2452,       5.328473,       -36.7928
              6,      0.6708722,       1.674903,       1.812472,      -39.53963,       7.536359,      -128.6741,       4.911224,      -34.29817
         6.0625,       5.070017,      -48.46995,       1.690806,      -87.18685,       7.315392,      -118.1575,       4.954944,      -30.95605
          6.125,       5.227607,      -34.58184,       1.373902,      -63.89962,       9.011367,      -126.5918,        5.50605,      -45.64394
         6.1875,       5.216316,      -60.55709,       2.232597,      -23.28423,       7.106248,       -107.725,        5.19899,      -40.50825
           6.25,       5.067794,      -57.90994,       3.085434,      -102.3918,        9.52894,      -137.0654,       5.761423,      -31.24915
         6.3125,       5.163877,      -84.66803,       2.534685,      -29.89271,       7.132274,      -109.0441,       5.214575,      -48.23827
          6.375,       4.227589,      -93.73406,       2.346699,      -97.78962,       7.815134,      -122.6207,       5.741988,      -19.34639
         6.4375,       3.492737,      -115.4415,       1.384187,       -24.2613,       8.773497,      -115.2165,       6.920058,      -39.22923
            6.5,       4.455469,      -108.0221,         2.7855,      -54.19441,       6.499562,      -128.0445,       4.021752,      -40.60785
         6.5625,       3.799139,      -110.5522,       2.194083,      -58.08885,       7.241451,      -132.5317,       5.810754,      -22.26107
          6.625,       2.658401,      -114.5262,       1.798165,      -88.58296,       6.475781,      -111.5292,        4.55446,      -42.19569
         6.6875,       5.122765,      -50.30918,       1.224391,       -64.6468,       7.314353,      -134.6947,       4.950136,      -27.59905
           6.75,        4.52411,      -96.14436,        2.06416,       -42.6736,       6.218166,      -122.6898,       5.263239,      -33.05633
         6.8125,       4.914665,      -85.70515,       1.772685,      -58.43501,       5.959116,      -125.5664,       4.898491,      -25.21151
          6.875,       6.560707,      -71.40047,       2.530013,       -89.9175,        7.12857,      -116.3097,       2.979971,      -46.78442
         6.9375,        7.05023,      -83.55276,      0.7225665,      -55.45413,       7.883497,      -124.2397,       5.105205,      -21.89651
              7,       5.150133,      -83.27508,       2.475722,      -57.56429,       5.750208,      -119.1697,       4.140475,      -24.48373
         7.0625,       7.178043,       -87.1412,      0.3531518,      -108.6485,       7.717243,       -105.743,       5.888131,      -20.97965
          7.125,       7.793631,      -84.03947,       3.491074,      -42.44044,       6.981513,      -125.0442,        4.17037,      -36.13335
         7.1875,       8.055903,      -109.5666,       2.585857,       -89.1339,       8.010982,      -123.0029,       6.679731,      -32.93076
           7.25,       7.426557,      -111.3616,      0.9991709,      -73.74182,       5.915653,      -131.5775,       4.334297,       -35.6729
         7.3125,       6.972924,      -100.5059,        2.75091,      -50.74802,        6.97035,      -113.4408,       4.553462,      -17.54201
          7.375,       8.949525,       -127.469,      0.8394819,      -77.62526,       6.422131,      -119.7448,       5.508718,      -35.64419
         7.4375,       7.094836,      -133.0797,       1.585766,      -63.36353,       5.900313,      -134.7177,       2.661048,      -25.68228
            7.5,       7.266503,      -131.3258,       1.627852,      -43.11866,       5.620656,      -129.3143,       5.725537,      -23.71187
         7.5625,       6.797121,      -141.7552,       2.267351,      -65.88086,       6.090277,      -110.6405,       3.775615,      -33.27367
          7.625,       7.669339,      -131.7462,       1.332266,      -86.43897,        6.29827,      -123.0942,       5.318289,      -15.44566
         7.6875,       9.663959,      -159.5481,       1.726447,      -45.53679,       7.157446,      -129.6428,       6.341228,      -30.68291
           7.75,       6.049973,      -142.5552,       1.998158,      -50.85275,       5.896739,      -125.0092,       3.952306,      -23.52746
         7.8125,       4.433667,       -149.161,      0.6518775,      -67.03783,       7.458732,      -111.0126,       5.269184,      -21.33848
          7.875,       5.565842,      -157.0271,       3.547894,      -48.31479,       7.114545,      -130.1795,       4.473618,      -36.52844
         7.9375,       5.218659,      -156.8778,       1.251104,       -74.6741,       6.396719,      -125.6932,       6.022736,      -26.28073
              8,        5.27951,      -129.6223,       1.092754,      -84.00278,       4.939025,      -126.6601,       2.609945,      -30.73346
         8.0625,       4.904145,      -134.3594,       1.393564,      -50.42949,       6.381586,      -114.8739,        5.24332,       -22.2919
          8.125,       5.395229,      -149.1103,       1.489548,       -37.4381,       6.805355,      -121.3533,       5.646877,      -31.07435
         8.1875,       4.621839,       -150.305,       2.040278,      -60.14746,       5.056805,      -132.6631,       3.694667,      -35.08556
           8.25,       5.515822,      -139.6131,      0.7387736,      -45.57296,       5.389222,      -105.0937,       4.286867,      -16.03423
         8.3125,       4.863885,       -172.397,       2.680123,      -51.82174,       6.898429,      -116.8121,       4.790506,      -12.80217
          8.375,       5.172711,       -149.625,       1.310354,      -73.92068,       7.255871,       -128.899,        5.68923,      -23.94044
         8.4375,       2.883929,      -156.4159,       1.588367,      -48.06689,        4.89346,      -127.0038,       3.640157,      -35.36351
            8.5,       4.692577,      -161.3961,       0.873524,      -59.46571,       6.766284,      -117.4923,       4.996594,      -4.496585
         8.5625,       3.192365,       -162.684,        1.99743,      -34.41297,       5.864342,      -114.6394,        4.97285,      -31.57236
          8.625,       3.427717,      -179.0187,       2.215627,       -34.7766,       5.963187,      -126.9953,       5.394778,      -7.865164
         8.6875,       2.259705,      -164.6576,       1.810866,      -80.69998,       6.543065,      -119.9932,       5.149486,      -32.48809
           8.75,        2.11206,      -154.6774,       1.456197,      -25.59776,       6.339178,      -124.4953,       3.520774,       -16.7485
         8.8125,       1.864512,      -164.8322,       2.084177,      -64.33113,        5.33503,      -108.0302,       5.758173,      -26.48939
          8.875,       1.286016,      -108.2983,       2.016872,      -45.98441,       6.000931,      -137.9831,       4.191697,      -30.53504
         8.9375,       1.281289,      -122.0925,       1.631277,      -53.42528,       6.514647,      -119.7894,       4.871428,      -20.67217
              9,       1.657239,      -89.53291,       1.438565,      -64.08819,       4.413383,      -130.0769,       4.287682,      -22.71554
         9.0625,       2.960113,      -90.98986,       1.898926,      -44.30225,        5.26913,      -116.0274,       4.725949,      -24.92782
          9.125,        2.77967,      -85.28511,       1.572855,      -63.40677,       6.547945,      -123.2718,       4.943266,      -18.04502
         9.1875,       2.648952,      -91.12139,       2.164219,      -47.87865,       6.022771,      -119.8036,       4.971562,      -24.66475
           9.25,       4.187987,      -114.9079,       1.400651,      -71.62207,       5.851774,      -125.9461,       4.790638,       -24.5599
         9.3125,       3.136877,      -79.68244,       1.474986,      -47.72077,       5.549037,      -111.5341,       3.995823,      -10.11005
          9.375,       5.161921,       -146.917,       2.677738,      -35.33766,        5.60113,      -118.3767,       7.059886,      -12.14642
         9.4375,       3.698846,      -100.8292,       2.154164,      -48.46416,       7.456461,      -124.4234,       4.738651,      -26.50618
            9.5,       2.522753,      -100.2047,       1.501399,      -67.26553,       4.606348,      -133.0379,       4.683432,      -18.80734
         9.5625,        4.37218,      -90.86158,       1.937151,      -63.34788,       5.952801,      -116.0871,       5.278812,      -18.21594
          9.625,        4.26768,      -98.19791,        1.57323,      -63.70967,       6.529896,      -129.0193,       4.609769,      -23.21914
         9.6875,       3.063284,      -89.70613,       2.005528,      -60.77974,       5.011605,      -122.5537,       4.489755,      -34.41413
           9.75,       6.986371,       -89.6825,      0.4708011,      -68.54762,       5.892994,      -125.9683,       5.457489,      -8.742258
         9.8125,       6.943074,      -97.41145,       2.255968,      -52.01734,       6.246917,      -130.1503,       4.650911,      -33.91426
          9.875,       7.676989,       -102.925,       1.884134,      -67.18069,       4.951289,      -115.1178,       4.958617,      -11.12972
         9.9375,       8.500789,      -125.2631,        1.29657,      -41.97284,       6.109893,       -124.724,       5.562662,      -34.12159
             10,       6.474521,      -119.3303,       1.627776,      -59.30738,       5.922614,      -128.3021,       4.380205,      -13.10861
        10.0625,       7.995831,      -126.4287,        1.59134,      -56.78405,       4.987367,      -120.0219,       4.665989,      -23.89125
         10.125,       7.250237,      -130.2745,       1.869071,      -55.60861,       6.186383,       -114.722,       5.159144,      -10.37953
        10.1875,         5.9418,      -147.3624,       0.838089,      -71.15916,       5.088107,       -131.335,       5.540864,      -24.18102
          10.25,       6.552789,      -130.6958,       2.033232,       -38.6171,       4.890469,      -111.1796,       4.116256,      -11.79489
        10.3125,       6.734078,      -155.7431,       1.459208,      -77.88352,       6.199192,      -124.1812,        5.77762,       -17.0648
         10.375,       4.714399,      -145.6415,       2.113012,      -53.30626,        5.57502,      -132.4226,       4.572967,      -9.341718
        10.4375,       5.706851,      -137.9738,      0.8944786,      -75.11913,       4.479171,      -114.4069,       6.035485,      -19.26651
           10.5,        7.00852,      -158.3618,       2.256425,      -53.25386,       5.630238,      -135.5284,       4.520788,      -13.78498
        10.5625,       5.768453,       -144.841,       1.442858,      -61.98123,       5.772721,       -116.545,       5.605237,      -29.08497
         10.625,       7.105739,      -160.7071,       1.093706,      -46.59212,        6.06531,      -125.6879,       4.546297,      -10.73403
        10.6875,        6.15014,      -152.3732,       1.949662,      -43.10438,       6.285653,      -138.9923,       6.026572,      -15.54796
          10.75,       7.182149,      -165.5323,       1.706616,      -70.39516,       5.605074,       -115.117,       4.050842,      -19.23601
        10.8125,        4.57747,       -165.123,      0.8642368,      -70.54287,         6.2129,       -137.987,       6.527528,      -18.90773
         10.875,       5.731525,      -161.0326,       1.054347,      -20.68725,       5.502801,      -115.5219,       3.934653,      -20.89365
        10.9375,       5.461745,      -176.8921,       2.114828,      -67.92509,       5.310475,      -130.3459,       6.013447,      -15.32126
             11,       6.775246,      -159.7473,       1.347845,      -52.00127,       6.201287,      -122.2252,       4.817334,      -25.54604
        11.0625,       3.787273,       177.8891,       1.683935,      -37.18267,       4.388456,      -134.1718,       3.885422,      -26.48868
         11.125,       3.994443,      -175.6401,       1.345469,      -68.66596,       5.152944,      -120.6788,       3.573068,      -4.301928
        11.1875,       7.451757,       169.8799,       1.213369,      -55.53281,       5.024732,      -128.5172,       5.458963,       -15.9806
          11.25,       3.282066,       166.3538,       1.575777,      -50.67168,       4.436225,      -124.7013,         4.8465,      -18.79565
        11.3125,       4.617332,       126.8304,       1.443212,      -28.70529,       5.658894,      -130.7672,       4.331776,      -17.02253
         11.375,       4.358156,       171.8528,       2.465268,      -46.23879,       5.088543,      -123.4293,       4.889631,      -15.98295
        11.4375,       2.237252,       115.2489,      0.9520236,      -123.9908,       4.630062,      -132.4552,       3.469727,      -12.30212
           11.5,       5.117309,       137.4938,       1.877092,      -31.59117,       6.335397,      -124.1263,        6.67817,      -21.45153
        11.5625,       1.046073,       170.2162,       2.073483,       -38.3907,       3.884854,      -142.6554,       4.022785,      -16.66085
         11.625,       1.067829,       150.5464,       1.302258,      -85.41856,        5.63223,       -122.968,       4.503266,      -16.32097
        11.6875,       3.316747,       142.3681,       2.360074,      -34.50627,       5.948351,      -124.1405,       5.310922,      -13.77699
          11.75,       1.474298,      -140.4569,       1.223209,       -76.4802,       4.393283,      -123.1146,       4.251794,       -15.6179
        11.8125,       2.006848,       149.7545,       1.644277,      -48.57136,       5.664993,      -122.0655,       4.859015,      -16.73954
         11.875,       2.912189,       135.1451,       1.470676,      -42.64858,       5.447316,      -148.8529,       6.005278,      -18.01082
        11.9375,       2.267436,       140.0161,        2.16108,      -58.72792,       4.809532,      -124.1534,       3.904104,      -23.74026
             12,       1.668384,       84.71251,       1.184443,       -52.1669,        4.39579,      -123.5573,       5.417491,      -12.04603
        12.0625,       1.772955,       87.92558,       1.180457,      -43.24325,       5.694366,      -133.3615,       5.015208,      -20.29445
         12.125,       1.837379,       29.15411,        1.38524,      -61.08113,       3.511727,      -128.9498,       4.439106,      -21.12735
        12.1875,       2.708678,       23.91129,       1.456421,      -34.92447,       6.109618,       -123.838,       4.961508,       -7.10033
          12.25,       2.628148,      -36.37767,       1.418329,      -46.46201,       4.300443,      -127.9611,       5.143519,      -23.45657
        12.3125,         2.0194,      -13.02258,       1.897399,       -37.3059,       5.447114,      -121.5338,       4.743139,       1.234045
         12.375,       3.505814,      -57.41936,       1.056167,      -90.81242,       5.826298,      -135.3966,       5.993943,      -24.33107
        12.4375,       2.583873,      -74.07426,       1.483126,      -61.90218,       3.814559,      -128.6759,       4.826551,      -4.338727
           12.5,       1.422702,      -122.3899,       1.943849,      -33.98827,       6.283869,      -117.9385,       4.639398,      -23.29178
        12.5625,       3.467815,      -59.06856,      0.1523435,      -95.70751,       4.656305,      -156.1354,        4.92485,      -22.14625
         12.625,       1.709531,      -122.6628,       1.240644,       -47.5799,       4.850441,      -119.8394,       5.024474,      -12.81469
        12.6875,       2.058935,      -73.33142,       1.478409,      -49.00565,       4.898428,      -132.4393,       4.199188,      -20.68315
          12.75,       2.917367,      -44.68797,        1.56338,      -38.15967,       5.962628,      -128.4502,       5.987538,      -23.28129
        12.8125,       4.313579,       -70.3141,        1.69888,      -47.47816,       4.924655,      -136.4247,       5.392931,      -6.701437
         12.875,       3.341231,      -59.86958,       0.855525,       -47.0884,       4.745778,      -125.4823,       4.664473,      -27.75578
        12.9375,       4.899472,      -83.30448,       1.703863,      -48.06093,       5.151857,      -134.1005,       4.122396,      -12.47594
             13,       4.785501,       -96.0126,       1.308926,      -51.09479,         4.7147,      -122.2086,       6.971092,      -10.97986
        13.0625,       4.979699,      -85.36155,       1.253443,      -52.69294,       5.356305,      -135.6828,       3.529325,      -21.48616
         13.125,       5.725099,       -107.484,       1.545215,       -29.5775,       5.144639,      -130.0846,       5.609385,      -18.87132
        13.1875,       5.241501,      -92.99081,      0.9734477,      -40.07537,       4.168653,      -124.2006,       4.782921,      -4.572899
          13.25,       6.147023,      -116.8852,       2.724208,      -51.30656,       6.787347,      -129.4068,       4.607241,      -13.73845
        13.3125,        5.66504,      -129.6277,      0.6719473,      -38.04108,       4.209436,      -133.4089,       5.530354,      -22.39492
         13.375,       5.301046,      -121.9323,       3.134526,      -57.07085,       4.827466,      -137.0912,       4.885079,      -18.67159
        13.4375,       4.408845,      -113.5127,      0.4525203,      -66.51048,       4.473639,       -125.816,       4.137939,      -23.65831
           13.5,       6.798097,       -138.741,       2.070761,      -54.44048,       4.727202,      -126.7861,        5.83801,       -16.1198
        13.5625,       5.439961,      -121.9489,       1.317745,      -13.91972,       6.288856,      -132.0773,       4.963546,      -16.07782
         13.625,       5.869766,      -137.4342,       1.611071,      -63.87558,       4.905554,        -142.57,       4.792211,      -17.92411
        13.6875,       5.849041,      -142.2854,       1.767083,      -19.85013,       4.345124,      -135.5265,       5.305591,      -17.73119
          13.75,       6.336194,      -146.2518,       2.019985,      -79.72666,       5.113065,      -135.3985,       4.969365,      -15.35472
        13.8125,       6.826636,      -152.0105,      0.8900211,      -18.91899,       5.361822,      -117.9056,       6.176159,      -8.272968
         13.875,       5.440238,      -166.8773,       2.111847,      -45.74559,       5.007786,      -145.8072,       4.250456,      -18.24669
        13.9375,       3.972587,      -161.6853,       1.395727,       -63.9744,       3.929234,      -125.4841,       5.271787,       -7.67654
             14,       4.388154,      -149.5957,       1.205838,      -55.17488,       6.510693,      -121.6688,       4.396388,      -14.09891
        14.0625,        6.66325,       176.5902,       1.532382,      -49.31187,        4.91541,      -139.7458,       5.768965,      -19.27742
         14.125,        2.57724,       -153.462,       1.420246,      -42.56281,       3.840529,      -139.7397,       4.463573,      -6.777217
        14.1875,       3.662778,      -178.8351,       1.203867,       -29.8211,       4.411289,      -119.0202,       4.614028,      -27.77321
          14.25,       4.398168,      -175.6861,         1.9595,      -49.61091,       5.950384,       -139.166,       5.744316,      -6.004251
        14.3125,        4.74783,       176.6162,        1.36273,      -64.16703,       4.496579,      -138.3056,       5.083249,      -24.58963
         14.375,       4.302083,      -175.5797,       1.635282,      -39.30116,       5.058728,      -133.0736,       5.135416,      -10.70126
        14.4375,       3.858012,       150.1091,       1.668686,      -58.47204,       3.972937,      -132.2281,       5.325693,      -25.11204
           14.5,        3.31362,       150.8354,       1.369649,      -36.53129,       4.829913,      -129.9868,       4.020365,      -18.06849
        14.5625,       4.241715,        118.706,       1.290608,      -62.99437,       4.457684,      -137.5007,       6.628015,      -10.26402
         14.625,       2.395132,       133.7744,      0.7068747,      -60.47099,       4.106095,      -132.5312,       4.135645,      -32.48019
        14.6875,       1.298654,       53.86295,       1.359795,      -21.43302,       4.551213,      -128.9831,       3.761545,       3.281704
          14.75,       2.957633,       85.40005,       1.790138,      -36.99562,       5.238977,      -135.2665,       7.121964,      -8.958349
        14.8125,       2.464256,      -40.49202,       1.546612,      -62.18713,       4.844945,      -125.5785,       4.069588,      -17.10401
         14.875,       1.088715,      -91.61028,       2.329579,      -43.69711,         4.4597,      -145.7109,       7.160183,      -17.92884
        14.9375,       2.233147,      -55.36479,       0.693974,      -71.22919,       4.776673,      -137.3842,       3.687508,      -15.05055
             15,       2.124562,      -86.33117,         1.6967,      -50.08949,       3.319173,      -137.0042,       4.453258,      -17.74735
        15.0625,       1.191491,      -67.70962,      0.7376188,      -69.58096,       4.717247,      -117.0405,       5.849001,       -16.4927
         15.125,       2.022921,      -129.6444,       2.077907,      -26.80983,       4.709713,      -147.0162,       3.769994,      -19.97287
        15.1875,       1.211731,      -96.20198,       1.380977,      -88.39852,       4.123169,       -133.397,       4.518369,      -11.23214
          15.25,      0.8609642,      -40.32122,       1.720693,      -32.66353,       5.898809,      -125.6991,       5.030766,      -17.71843
        15.3125,       1.656935,      -33.81544,       1.091433,      -57.44527,       4.058364,      -142.3882,       5.692603,      -20.76944
         15.375,       1.408509,      -69.87881,       1.800613,        -41.317,       6.479921,      -137.0594,       5.644529,      -16.19264
        15.4375,       3.140662,      -66.75118,       1.822295,      -49.67219,       3.411424,      -136.9391,       3.933527,      -17.87994
           15.5,       3.026111,      -72.17452,       1.292362,      -66.27444,       4.982921,      -126.9276,       5.029713,      -10.65714
        15.5625,       4.770594,      -67.46681,        1.60367,      -20.27011,       4.421542,      -120.4541,       5.186581,       -19.7581
         15.625,       3.413527,      -103.9131,       1.680276,      -62.31512,       4.567509,      -150.3224,       4.489344,      -15.24866
        15.6875,       5.054516,      -113.9398,      0.5197837,      -76.95438,       4.345276,      -143.1751,       4.220306,      -17.00014
          15.75,       4.413515,       -94.2673,       2.074187,      -27.83067,        3.94626,      -111.7226,       4.509007,      -8.662671
        15.8125,       4.814401,      -122.6423,        1.28208,      -72.38626,       5.017734,      -149.4009,       4.780489,      -33.10338
         15.875,       5.426174,      -105.5415,       1.508186,      -45.18071,       5.302389,        -137.26,       5.709395,       3.834469
        15.9375,       3.708623,      -119.9292,       1.195409,      -48.38543,       4.294325,      -134.8304,       4.261719,       -17.7689
             16,       4.621375,      -110.7234,       1.771317,      -49.83744,       4.617831,      -128.8859,       4.639838,      -21.63955
        16.0625,        4.91702,       -120.894,      0.9550959,      -39.45424,       5.927235,      -141.8014,       7.149734,      -7.908483
         16.125,       4.274629,      -128.0304,       1.915023,      -61.39585,       4.347632,      -137.8599,       3.902015,      -21.91735
        16.1875,       3.953566,      -112.8853,       1.481596,      -44.21414,       4.553027,      -139.5311,       5.289354,      -18.72618
          16.25,       4.642927,      -125.2839,      0.5181369,      -37.98947,       4.588148,      -118.5163,       4.092229,      -13.01246
        16.3125,       4.362556,      -125.5404,       1.792576,      -54.38118,       4.787724,      -135.8143,       5.665198,      -16.93063
         16.375,       5.571639,      -142.3853,       1.431393,      -46.20108,       4.885699,      -154.8795,       4.968824,      -23.58362
        16.4375,       2.844576,      -138.8228,      0.9195052,      -36.78301,       4.057076,      -130.4784,       3.853378,      -9.045498
           16.5,       5.251723,      -137.4352,       2.311764,      -60.90203,       4.928146,      -132.1617,       5.710896,      -15.76184
        16.5625,       5.119218,      -153.5071,       1.152337,      -37.76912,       4.511652,      -138.5779,        5.01157,      -19.71317
         16.625,       3.901273,      -143.0969,       1.376687,      -70.10168,       4.606496,      -135.9149,       5.139169,      -17.76863
        16.6875,       3.561032,      -159.2182,       1.091017,      -50.71833,       4.585947,      -141.2882,        5.05644,       -9.67445
          16.75,       3.470889,      -135.1556,       1.267648,      -61.45193,       4.368622,      -135.1921,       3.445563,      -12.76944
        16.8125,       3.775395,      -159.6825,       1.809169,      -25.73564,       4.371939,      -133.0549,       6.480422,      -18.11933
         16.875,       3.921026,      -133.0883,       1.593338,      -61.19358,        4.36699,      -137.3452,       3.833453,      -3.814643
        16.9375,       2.328903,      -140.1384,       1.207404,      -76.90159,        4.19452,       -141.545,        3.89308,      -8.644096
             17,       4.058469,      -144.8721,       1.898142,      -12.78827,       4.109875,      -123.8314,       5.512443,      -18.86489
        17.0625,        4.27637,       -168.041,       1.721241,      -80.10811,       5.362409,      -141.1782,       4.554354,      -4.830183
         17.125,       3.834652,      -155.6817,       1.366573,      -39.78853,       4.451044,      -135.8959,       5.024004,      -21.97216
        17.1875,       2.764821,      -154.0218,       1.206648,      -80.66663,       4.084116,      -153.4433,       4.890628,      -18.58386
          17.25,       2.256561,      -166.7589,       1.255267,      -29.80919,       4.135822,      -124.8171,       4.144443,      -10.86806
        17.3125,       3.689911,       146.1708,       1.755041,      -48.96232,       6.261609,      -138.1607,       5.976869,      -27.50857
         17.375,       3.055243,      -163.1899,      0.8128143,      -88.37695,       3.412543,      -149.4573,       3.848979,      -14.66716
        17.4375,      0.5738352,      -140.9704,      0.4876425,      0.3572963,       4.531095,      -148.9326,       4.418027,      -5.815907
           17.5,       3.321729,        171.733,       2.120767,      -39.01229,       4.115624,      -126.7254,       4.854169,      -15.09663
        17.5625,       1.199506,      -63.07682,      0.7612459,       -72.4365,       4.950026,      -143.0048,       4.765729,      -5.541763
         17.625,       2.530029,      -165.6652,       1.555718,      -35.91124,       4.069659,      -135.7835,       5.497975,      -10.56343
        17.6875,       1.286051,       -96.7205,      0.9672263,       -52.6176,       4.363378,      -139.3972,       4.785646,      -4.092288
          17.75,       1.452184,      -102.1229,       1.427304,       -21.4421,       4.290337,      -141.4132,       5.237573,        -12.054
        17.8125,       2.488147,      -131.0919,       1.601849,      -57.38773,       4.737911,       -129.956,       5.691772,      -14.61329
         17.875,       2.146044,      -127.8962,       1.068843,       -19.0007,       4.017294,      -146.6092,       4.687418,      -16.93088
        17.9375,       1.906386,      -82.14892,       1.740333,       -46.5038,       4.091777,      -139.6236,       4.917337,       -10.4696
             18,        1.73666,      -130.9357,      0.7263851,      -43.72058,       5.008027,      -130.3279,       4.467205,      -11.41962
        18.0625,      0.8777467,      -97.21532,       2.166949,      -33.91992,       3.855575,      -140.7736,       5.576066,      -13.37366
         18.125,         2.8103,      -96.90963,       1.075456,      -90.04111,        4.78598,      -141.1143,       4.938574,      -14.99535
        18.1875,       1.813537,      -92.51891,       2.510207,      -29.34313,       4.544305,      -134.7005,       5.856342,      -13.57844
          18.25,       2.664466,      -73.02219,      0.2706959,      -70.86206,       4.264513,      -137.6865,       4.527728,      -5.031773
        18.3125,       2.963452,      -87.98192,       2.201625,      -44.80823,       5.029805,       -142.311,       4.814201,      -26.79979
         18.375,       4.285289,      -95.68369,       1.453706,      -64.11086,       4.064479,      -144.7986,        6.32056,     -0.1157359
        18.4375,       3.288224,       -103.163,      0.9262531,       -25.5505,       4.400322,      -135.6499,       4.873238,      -30.01732
           18.5,       4.431385,      -101.8749,       1.620022,      -49.86045,       4.149345,      -134.8465,        4.73083,      -6.383269
        18.5625,       4.396206,      -113.9941,       1.432183,      -65.85941,        4.10747,      -136.8194,       4.866969,      -11.20263
         18.625,        4.74804,      -113.7638,       1.231444,      -31.47779,       4.990353,      -141.4293,       3.800265,      -18.93754
        18.6875,       3.867244,      -134.5329,      0.9814612,      -41.41385,       3.335927,      -138.0648,       5.512953,      -5.982772
          18.75,       5.139325,      -106.0284,       1.389356,      -40.17894,        5.15492,      -147.9596,       5.147721,      -10.84298
        18.8125,        5.09703,      -125.2559,       1.100933,      -17.55607,       3.137546,      -134.4527,       5.232659,      -12.11022
         18.875,       4.254233,      -118.5186,       1.856723,      -45.78725,       5.861425,      -144.3661,       5.774448,      -23.86043
        18.9375,       5.321372,      -122.8153,       1.183151,      -47.27213,       3.878083,      -144.4335,       4.727159,      -6.953513
             19,       4.953728,      -108.0417,       1.200905,      -43.81643,       3.727968,      -127.7905,       4.935531,      -11.75723
        19.0625,       5.436444,      -134.1807,       1.795289,      -38.74477,       4.821321,      -147.2645,       5.796103,      -15.36778
         19.125,       5.510052,      -128.0755,      0.7108111,       -56.5588,       3.996794,      -144.9477,        3.95011,      -17.00262
        19.1875,       5.619764,      -134.2026,       1.729043,      -39.60844,       4.194374,      -135.4735,       5.286933,      0.4530741
          19.25,       5.659727,      -145.7589,       1.300965,       -57.3858,       3.923465,      -141.3149,       5.619644,      -13.67682
        19.3125,       4.966027,      -140.5591,       1.247595,      -36.19938,       4.665126,      -142.0399,       4.290174,      -12.50546
         19.375,       5.563368,      -155.2253,         1.2016,      -47.98906,       3.884643,      -141.3896,       5.086094,      -16.10197
        19.4375,        4.26834,      -145.7913,       1.032288,      -23.56447,       4.549326,      -134.9908,       5.573305,      -8.908614
           19.5,       5.481087,       -155.506,       1.849516,      -39.23844,         4.2797,      -143.9989,       3.641053,      -10.69731
        19.5625,       5.451962,      -152.6325,       1.548435,      -48.50263,       4.909775,      -150.8571,       6.835315,      -5.827972
         19.625,       4.470927,      -150.9606,       1.734258,      -46.39439,       3.900809,       -144.846,       4.741678,      -21.74291
        19.6875,       5.212413,      -167.9014,      0.7740622,      -69.88515,       3.272127,      -139.6843,       4.808829,      -9.399083
          19.75,       6.318689,      -165.2158,      0.6824238,      -60.41438,       4.892266,      -143.6907,       5.341454,      -18.70066
        19.8125,       3.859016,      -166.6922,       1.593788,      -29.85171,       3.559163,      -151.7193,       4.164281,      -11.72166
         19.875,       4.227756,      -179.0153,       0.889158,      -61.42653,       3.477051,      -129.5042,       4.398969,       -8.96103
        19.9375,       5.178669,      -179.5919,       1.871995,      -17.01119,       4.887286,       -142.156,       6.477376,      -12.74416
             20,       3.606148,       168.3507,       1.282212,      -33.31466,       3.708147,      -142.5158,       4.349909,      -8.658698
        20.0625,       3.031057,       165.4613,       1.930334,      -36.68447,       4.338338,      -141.8885,       5.395614,      -9.653444
         20.125,       2.860003,       157.9282,        1.60115,      -55.37493,       4.473068,      -146.3452,       5.702892,      -16.01376
        20.1875,       1.554036,      -166.2292,       1.070246,      -62.95073,       3.763141,      -143.2715,       4.526523,      -3.935375
          20.25,       2.456763,       155.9794,       1.885222,      -36.91529,       4.227223,      -130.3835,        6.39258,      -12.13801
        20.3125,       2.014179,      -158.6766,      0.7204278,       -33.5264,        4.28397,      -156.5416,        4.35114,      -17.37106
         20.375,       1.447816,       177.8384,       1.677045,      -62.04135,       3.617637,      -144.3925,       4.064627,       -13.4309
        20.4375,       2.963921,      -176.7548,        1.25719,      -28.84747,       4.377386,      -130.3635,       4.836659,      -15.31977
           20.5,       2.696535,       174.0368,      0.8293907,      -42.95063,       4.174221,      -148.1294,       5.072011,      -3.281146
        20.5625,       2.295094,       162.4256,       1.215792,      -36.37716,       4.529853,       -145.004,       5.172109,      -16.10336
         20.625,       1.354174,       127.1172,       1.886291,      -42.81782,        3.80124,        -140.99,       4.451882,      -10.92598
        20.6875,       1.293581,       101.7119,      0.3680773,       22.02081,       4.474105,      -139.1137,       4.806172,       -8.11309
          20.75,      0.6339521,        101.083,       3.142471,      -44.42125,       4.525295,      -133.7511,       5.699412,      -11.31924
        20.8125,       1.973269,      -23.27839,       0.745209,      -50.70064,       3.809201,      -153.7851,       5.515019,      -10.45021
         20.875,       1.807548,      -44.30969,       1.538905,       -39.8514,       4.509326,      -130.0261,       4.379556,      -12.93816
        20.9375,       3.017918,      -88.28214,       1.402732,      -56.67063,       3.917678,      -144.4864,       5.534102,      -14.03921
             21,       3.855716,      -82.12743,      0.5567021,      -24.59782,       3.599028,       -149.949,       5.359677,       -13.3237
        21.0625,       3.195386,      -106.8711,       1.895172,      -23.99069,       4.279192,      -141.8773,         5.0071,      -14.91809
         21.125,       3.646846,      -96.01841,       1.530932,       -64.0083,       3.545475,      -143.3961,       3.907342,      -21.15775
        21.1875,       3.766967,      -119.2522,       1.255212,     -0.2090535,       4.327231,      -137.4598,       5.155909,       0.818839
          21.25,        3.36084,      -125.9208,        1.41792,      -57.59755,       3.715479,      -133.5627,       4.778487,       -6.22865
        21.3125,       2.902349,      -130.3798,       1.339306,      -22.75963,       5.134317,      -155.1004,       4.767324,      -11.15434
         21.375,       1.922425,        -147.71,       1.332293,       -49.6195,       3.836259,      -131.2928,       4.818711,      -2.916675
        21.4375,       2.743639,      -88.05474,       1.975012,      -33.87987,       4.708612,      -153.0294,       5.956995,      -6.999179
           21.5,       3.353355,      -97.74609,       1.241681,      -57.23932,       4.882393,      -132.3916,       5.713718,      -17.83042
        21.5625,       3.166416,      -104.0335,       1.778293,      -40.15096,       3.595436,      -171.1786,        5.66115,      -18.65716
         21.625,       4.085249,      -117.2073,       1.280286,      -56.20251,       3.562789,      -136.7776,       4.694635,      -16.44466
        21.6875,       3.976697,      -97.43963,      0.6621799,      -39.68553,       3.834972,      -138.6247,       4.518375,      -19.18717
          21.75,       6.709297,      -121.2904,       2.315596,        -32.501,       4.153741,      -132.4459,       4.674048,      -12.13724
        21.8125,       4.187019,      -122.8128,      0.6525896,      -74.75594,        3.37798,      -157.3791,       3.720978,      -10.18641
         21.875,       4.221828,      -134.3205,       1.469235,      -19.27818,       4.341708,      -132.0774,       5.001371,       3.467687
        21.9375,       6.168655,      -131.9662,       1.532508,      -29.27994,       3.848205,      -145.3004,        5.70686,      -11.08777
             22,       4.035699,      -145.2494,      0.8206147,      -50.31753,       4.319391,      -141.8482,       4.277411,      -2.235081
        22.0625,       5.855718,      -151.6599,        1.87008,      -12.82297,       4.370267,      -141.9271,       6.635345,      -6.933219
         22.125,       3.913365,       -138.726,       1.727566,      -39.52431,       4.880352,      -145.5074,       5.818894,      -8.135974
        22.1875,        2.99127,      -156.0737,        1.28237,      -52.56069,        3.17418,      -158.3461,       4.830739,      -6.485229
          22.25,       5.587641,      -149.9315,       1.707152,      -24.43041,       3.809555,      -140.2706,       5.469399,      -24.37376
        22.3125,        3.16886,      -152.2908,       1.618524,      -70.64659,       3.086497,      -154.5391,       4.765168,      -23.49438
         22.375,       3.556279,      -171.0997,      0.9696665,      -19.04694,       4.069014,       -134.373,       3.646705,      -5.230113
        22.4375,       3.455031,      -164.0635,      0.8780945,      -67.49061,       4.210647,      -136.2376,       4.421005,     -0.7843112
           22.5,       2.689922,      -153.7695,       1.466131,       13.49666,       4.168895,      -137.4186,       4.703432,        2.62219
        22.5625,       2.545604,      -157.8602,       1.918835,      -35.46534,       4.546762,      -148.1637,       7.177686,      -4.969087
         22.625,       2.838931,      -146.3278,       1.992132,      -30.29361,       5.043792,      -142.5768,       4.833885,      -14.88537
        22.6875,       2.129747,      -143.0885,       1.395124,      -61.45652,       4.159857,      -168.4059,       6.348464,      -17.81639
          22.75,       3.020304,      -140.8617,        2.13864,      -45.26346,       3.806115,      -133.9217,       5.503367,      -16.91307
        22.8125,       4.673832,       -144.563,       1.125782,      -62.40228,       3.283228,      -156.6532,       4.561965,      -18.67624
         22.875,       3.752903,      -166.1677,       0.661869,      -13.34238,       4.132631,      -127.9597,       4.233623,      -6.141658
        22.9375,       3.303684,      -171.9952,       1.238851,      -26.01331,       3.623303,      -144.7881,       4.488888,      -11.93793
             23,        2.71806,      -169.3797,       1.350433,      -19.10064,       4.271628,      -131.4731,       5.128003,       5.553931
        23.0625,       3.032906,      -170.0703,       1.955673,      -19.55015,       4.027844,      -149.5553,       5.783894,      -7.138827
         23.125,       1.294131,       160.4861,       1.379987,      -30.63224,       4.428683,      -142.6037,       5.330717,       -9.31039
        23.1875,       2.348976,       172.2923,       2.148814,      -56.75116,       3.730282,      -157.6699,       5.822082,      -11.55059
          23.25,      0.4191357,      -107.7656,       1.678243,      -25.12906,        4.08478,        -136.98,       5.213298,      -12.37184
        23.3125,      0.6336271,      -159.9266,        1.23753,      -62.02023,       3.970047,      -156.6077,       6.066445,      -17.83985
         23.375,       1.225726,      -91.96176,       1.519204,      -37.50092,       4.721704,      -140.9776,       4.820024,      -7.890958
        23.4375,       1.626531,      -63.35062,       1.112784,      -23.08151,       3.357373,      -153.0697,       4.741054,      -16.68062
           23.5,       2.491249,      -109.3285,       1.672111,      -56.27209,       4.033847,      -134.1116,       5.581811,      -8.606125
        23.5625,       3.019418,      -100.3084,       1.289682,      -9.274257,       3.828861,      -145.8228,       5.171705,      -9.177646
         23.625,       3.453204,      -106.7618,        1.81433,      -59.17007,       3.701117,       -137.182,       5.004872,      -18.13229
        23.6875,       3.641994,      -122.3061,      0.9376591,      -7.185847,       4.776818,      -146.7422,        4.93375,      0.8437303
          23.75,        3.39156,      -118.9609,       1.579291,      -21.14648,       3.363965,      -130.9635,       5.860206,      -6.978016
        23.8125,       3.886034,      -139.0818,       1.848773,      -37.82019,       4.773759,      -154.3461,       4.890591,      -14.10394
         23.875,       3.204824,      -126.5244,      0.9842873,      -47.84801,       3.094944,      -136.6785,        5.45389,      -8.655011
        23.9375,       3.596437,      -144.9044,        2.05936,      -26.24379,       4.596479,      -152.8076,       4.495619,      -9.373125
             24,        2.52914,      -138.3834,       1.182196,      -21.56494,       2.989178,      -144.5999,       5.669942,      -6.590233
        24.0625,       2.984116,      -147.6019,       1.984358,      -37.92482,       4.216496,      -147.4762,       5.456056,      -22.42854
         24.125,       2.600031,      -151.6846,       1.275379,      -65.18974,       3.978545,       -135.909,       5.037018,      -2.060183
        24.1875,       1.362241,      -136.4755,       1.936052,      -12.78758,       4.142096,      -156.1169,       5.620028,      -18.14038
          24.25,        2.28366,       -136.545,         1.3421,      -40.66712,       3.288746,      -131.1395,       4.934214,      -9.703248
        24.3125,        2.30333,      -97.56415,       1.306059,      -47.27319,       5.001071,      -145.0205,       4.887267,      -4.432519
         24.375,        2.25121,      -108.3478,       1.565222,      -11.76108,       3.365171,      -144.8799,       5.579393,      -9.171952
        24.4375,         3.6613,      -123.5362,       1.839479,      -44.36501,       3.936027,      -138.6128,       5.156774,       -18.9242
           24.5,       3.696344,      -110.1772,       1.324302,      -43.88171,       4.230265,      -151.2042,         5.0935,       5.100739
        24.5625,       4.719089,      -116.0277,       1.551552,      -25.21419,       3.080844,      -147.9461,       5.904401,      -20.77393
         24.625,       4.399509,      -131.0396,        1.47131,       -29.5639,       4.620888,      -133.9755,       5.700201,      -4.699694
        24.6875,       4.374001,      -135.6961,       1.495194,      -41.22635,       3.640148,      -161.4805,       4.335558,      -10.41879
          24.75,       4.446178,      -139.4703,       1.323002,      -31.93915,        3.52141,      -147.0356,       5.430654,      -12.92142
        24.8125,       5.266131,      -155.2642,       1.657351,      -27.12307,       4.147736,      -132.0125,        4.91189,      -7.301172
         24.875,       3.293562,      -164.9255,      0.6827042,      -50.39998,       3.865413,      -159.2605,       5.026863,      -11.50273
        24.9375,       3.259328,      -159.6419,       2.121722,      -24.75416,       3.705173,      -140.7413,       5.982258,      -7.964559
             25,        2.22798,      -169.0711,        1.45671,      -14.99119,       3.996728,       -145.894,       4.127176,      -10.92647
        25.0625,       1.343778,      -172.4014,       1.491035,      -31.59914,       3.868045,      -138.4147,       4.885808,      -5.122509
         25.125,       2.851761,      -122.6279,       2.165544,      -37.10303,        4.12863,      -145.8506,       6.005338,      -3.675037
        25.1875,       2.211659,      -139.4124,      0.8114658,      -65.04817,       3.329578,        -144.38,       5.148792,      -18.97132
          25.25,       2.016727,       -95.6518,       1.449218,      -25.85694,       3.694784,      -146.2162,        4.92195,      -7.914768
        25.3125,       3.785385,      -116.3405,       1.795994,      -19.68374,       4.353259,      -143.7924,       5.475071,      -6.766619
         25.375,       3.718675,      -133.5562,       1.338032,      -36.47316,       3.097987,      -141.5528,       5.562448,      -21.05053
        25.4375,       3.884523,      -116.1214,       1.889347,      -24.22702,       3.602933,      -154.1616,       4.935502,      -1.389318
           25.5,        4.19106,      -138.1495,       1.215794,      -64.51015,        3.90783,      -148.5052,       4.622331,      -15.18355
        25.5625,       3.448557,      -130.6109,       1.169984,      -12.92714,       3.538528,      -141.2261,        5.58328,       -1.73329
         25.625,       4.326892,      -155.5682,       1.869447,      -27.87396,       3.439153,      -144.8244,       5.105472,      -13.93397
        25.6875,       4.000464,      -138.8163,       1.102972,      -16.99103,       3.627558,      -149.5544,       5.189219,      -5.133921
          25.75,       3.234255,      -145.5895,       1.662947,      -21.72788,        3.05225,      -149.8716,       4.174412,      -12.06669
        25.8125,       3.245018,       -155.983,       1.444425,       -40.2557,       4.564992,      -136.1295,       5.891933,      -3.989919
         25.875,       3.807835,      -159.5074,       1.882492,      -18.50499,       3.844824,      -145.4357,       6.418123,      -10.89327
        25.9375,       3.172413,      -146.3434,       1.467034,      -28.16058,       3.170835,      -149.4398,       4.036986,       -11.5245
             26,        2.35037,      -154.0615,       1.823887,      -28.02549,       4.375287,      -139.3049,       5.667157,      -8.639804
        26.0625,       2.727881,      -154.8755,       1.733537,      -40.43172,       3.599382,       -152.407,       5.353733,      -5.030647
         26.125,       2.391326,      -154.9986,       1.730065,      -22.21126,       3.775702,      -139.8964,       6.182014,      -14.22908
        26.1875,       2.641523,      -124.5045,       1.339397,      -36.89275,       3.584653,      -160.6146,       4.620698,      -16.22428
          26.25,       1.953411,      -143.7121,       1.632689,      -28.91105,       3.444878,      -132.5062,       4.767927,      -5.609217
        26.3125,       3.283085,      -123.9097,       1.551695,      -29.01709,       3.359742,      -153.2202,       4.704625,      -15.02497
         26.375,        2.97034,      -142.7805,       1.934919,      -36.33257,       5.125239,      -142.0437,       6.651119,      0.9679972
        26.4375,       3.920287,      -123.2366,      0.8745753,      -23.57951,       2.325069,      -149.1202,       5.273004,       -15.0347
           26.5,       4.235606,      -152.0757,       1.874304,      -38.97026,       4.468728,       -146.351,       4.199653,      -6.512477
        26.5625,       3.994203,       -145.567,       1.409164,      -13.73687,       2.975406,      -138.7254,       6.025486,     -0.8768355
         26.625,        4.14931,      -160.9371,       1.421391,      -31.67334,       4.899687,      -147.6974,       5.452123,      -8.785354
        26.6875,       3.773797,      -167.2324,       1.627882,      -31.68499,       3.271291,        -142.48,       4.935384,      -11.38014
          26.75,       2.781028,      -178.4344,       1.415871,      -28.64466,        3.27584,      -151.2797,       5.130103,      -11.06753
        26.8125,       2.034403,       160.5078,       1.369923,       -30.9724,       3.423478,      -141.3222,       5.208858,      -6.564044
         26.875,       1.448795,       177.7538,       1.499652,      -8.395203,       4.381172,      -144.5797,       5.514551,       -8.67055
        26.9375,      0.6313713,       179.2181,        1.71721,       -29.1518,       3.445441,      -155.8898,       4.990122,      -16.51714
             27,      0.9441711,      -99.33786,       2.123707,      -26.27843,       3.510854,      -149.4461,       5.576454,      -8.243075
        27.0625,       1.740124,      -71.56409,      0.9552398,      -28.81965,        3.29397,      -144.3432,       4.982431,      -6.186016
         27.125,       2.641847,      -105.7342,       2.391835,      -21.26197,       4.324421,      -129.6965,       6.555165,       -3.93336
        27.1875,       2.791594,      -121.0477,       1.598126,      -36.81908,       3.234921,      -156.0224,       5.148341,      -20.64103
          27.25,       3.436933,       -100.192,       1.685539,      -27.08967,       3.950615,      -136.8793,       4.880486,      -7.652762
        27.3125,       3.335512,      -136.2033,       1.596118,      -28.89572,       3.844485,      -141.6953,       5.676766,      -9.699451
         27.375,       3.120732,      -134.4162,       1.723591,      -32.04314,       4.290977,      -156.7061,       5.200653,      -10.19063
        27.4375,       3.136153,      -136.4218,       1.527467,      -37.37807,       3.223361,      -138.2686,       6.163003,      -9.830699
           27.5,         3.0881,      -127.7042,       1.518995,      -14.25652,       3.782017,      -149.2114,       4.330777,      -2.383379
        27.5625,        2.71356,      -143.3999,        1.86235,      -37.07622,       3.310355,      -137.7308,       6.033423,      -12.23787
         27.625,       2.560373,      -112.3878,       1.158749,      -18.49602,       3.791393,      -160.1426,       4.954837,      -7.575192
        27.6875,       2.790247,      -128.3512,       1.702331,      -18.99095,       3.360747,      -145.5989,       5.085891,      -7.182705
          27.75,       3.515508,      -114.4493,       1.761521,      -23.71177,       3.845428,      -151.4098,       5.641234,      -8.322736
        27.8125,       3.148159,      -132.7443,       1.637722,      -9.429408,       2.842486,      -143.4099,       5.410529,       -3.02188
         27.875,       3.913651,      -111.4302,       2.065809,      -33.05745,       3.816111,      -144.3464,       5.477345,      -9.053628
        27.9375,       4.206417,      -132.4733,       1.366051,      -19.51959,       3.975671,      -137.5583,       5.478478,      -6.298786
             28,       3.474864,      -138.3217,       2.255098,      -29.69939,       3.261501,      -163.4338,       6.220766,      -14.47783
        28.0625,       3.770398,      -129.8943,       1.844937,      -34.96806,       4.029144,      -134.2707,       4.746347,      -9.889973
         28.125,       3.693643,      -140.4066,       1.379271,      -25.49236,       4.058789,      -145.8835,       5.972361,      -13.44918
        28.1875,       3.989429,      -151.8493,       1.876564,      -34.57903,       3.470733,       -144.327,       5.165361,      -6.808019
          28.25,       3.212335,      -131.1809,       1.652384,      -26.66781,       3.069172,      -152.6091,       4.697279,      -12.78678
        28.3125,       4.217727,      -158.2945,       1.382327,      -18.15203,       4.193467,      -147.2807,        6.29891,      -5.576442
         28.375,        2.58538,      -131.5381,        2.28596,      -32.33864,       3.228939,      -147.7586,       4.596017,       -12.7079
        28.4375,       3.964625,      -145.8527,       1.411896,      -18.79173,       3.253419,      -152.3116,       5.632417,       -6.14607
           28.5,        3.49818,      -152.6649,       1.670685,      -25.29756,       3.618078,      -139.9985,       5.507827,      -12.83301
        28.5625,        3.70764,       -145.394,       2.056937,      -20.88708,       3.321034,      -149.7819,       5.431947,      -1.578258
         28.625,       3.139646,       -159.552,       1.267313,       -27.1087,       3.683275,      -150.4687,       5.261532,      -12.39633
        28.6875,        2.88642,      -158.1292,       1.915952,       -14.5541,       3.059942,       -152.939,       5.718229,      -2.934259
          28.75,       3.830287,       -156.798,       1.620862,      -18.67819,       4.182458,      -135.0757,       5.482591,      -10.77636
        28.8125,       2.228513,      -148.4366,       2.224579,      -21.96699,       2.963487,      -157.0609,       5.578494,       -10.4227
         28.875,       2.210836,      -148.3342,       1.754049,      -30.92542,       3.974618,      -138.9522,       5.547204,      -8.581161
        28.9375,       3.355911,      -151.6335,       1.198332,      -20.27662,       3.396852,      -146.7501,       5.691324,      -7.326569
             29,       1.930536,      -159.1071,       2.452559,      -20.74054,       3.304584,      -140.5638,       5.181044,      -7.637365
        29.0625,       3.300145,      -135.8643,       1.418105,      -38.80437,       3.978738,      -155.9512,       5.870524,      -10.84282
         29.125,       2.334927,      -139.4469,        1.50537,      -35.70457,       3.064835,      -141.7867,       4.723643,      -5.900914
        29.1875,       2.580079,       -155.754,       1.894401,      -9.215415,       3.261811,      -146.1452,       5.165197,      -13.19957
          29.25,       1.982718,       -146.275,       1.537066,      -25.79698,       3.761748,      -150.5626,       5.903032,      -5.937697
        29.3125,       3.196019,      -144.2951,       2.035747,      -24.49265,       3.514245,      -147.8894,       5.345386,      -6.239668
         29.375,       1.866195,      -164.9564,       1.754449,      -23.26094,       2.837617,      -144.1307,       5.337222,      -11.81926
        29.4375,       1.466063,      -109.7034,       1.260594,       -24.3509,       4.032099,      -142.8378,       5.322026,      -6.518696
           29.5,       2.825939,      -129.7717,       2.202217,      -14.40314,       3.159635,      -145.6698,       5.527088,      -11.08408
        29.5625,        2.31231,       -135.398,       1.634293,       -29.7824,        4.14634,      -146.7075,       5.502591,      -7.856725
         29.625,       2.888858,      -119.4626,       1.856328,      -23.34448,       2.975404,      -148.2366,       4.662485,      -3.652807
        29.6875,        2.53306,       -149.748,       1.538677,      -3.469622,       3.324477,      -141.7294,       5.799031,      -9.829178
          29.75,       3.519195,      -126.4112,       2.568332,      -29.35038,       3.501631,      -148.5417,       5.642079,      -6.262309
        29.8125,       2.804035,      -136.8982,       1.960801,      -3.818159,       3.330759,      -148.7445,       6.273227,      -10.76894
         29.875,       2.464521,      -137.2738,       1.566878,      -36.18937,       2.580353,      -148.9754,       4.515153,      -6.594235
        29.9375,       2.432604,      -145.8285,       2.464099,      -15.60659,       3.697745,      -133.6165,       5.788575,      -10.97884
             30,       2.870663,      -129.8898,       1.874504,       1.213732,       3.129051,      -147.2074,       5.725797,      -3.540595
        30.0625,       2.551101,      -167.2782,        3.00511,      -45.67178,       3.114638,      -164.6265,        6.85509,       -13.8647
         30.125,       2.685682,      -106.4367,       1.152038,      -12.63425,       3.520688,      -131.4746,       4.668294,      -11.29003
        30.1875,       2.507919,      -159.5722,       2.031492,      -23.50284,       3.048016,      -151.4598,       5.325446,      -7.962149
          30.25,        2.89352,      -105.2708,       2.046785,      -20.44025,       3.625687,       -143.324,       6.070442,      -1.790892
        30.3125,       2.824616,      -121.0994,       1.890122,      -15.96005,       3.855945,      -148.0721,       6.319669,      -18.30517
         30.375,       2.380782,      -148.0264,       2.208018,      -36.40331,       3.172188,       -143.941,        4.80754,      -10.27521
        30.4375,       3.273568,      -132.7327,       1.560816,      -29.40638,       3.335155,      -142.7432,       5.299782,      -2.323183
           30.5,        2.64274,      -129.1387,       1.352832,      -9.847579,       3.849192,      -147.5663,       5.239162,      -15.62054
        30.5625,       3.629043,      -129.4181,       2.172319,      -5.011753,       2.845863,      -149.3573,        5.88246,         1.9989
         30.625,       2.759594,      -142.2763,        2.28042,      -17.50376,       3.007702,      -156.1706,       4.978122,      -15.18269
        30.6875,       2.158915,      -135.8954,       2.124963,      -21.96218,       3.190214,      -120.0998,       5.740814,      -7.355332
          30.75,       3.560544,        -131.32,       1.866369,      -21.46723,        3.62463,      -150.1022,       5.661988,      -5.360667
        30.8125,       2.842985,      -143.1002,       2.491851,      -23.31745,       2.723315,      -149.9508,       6.024712,      -9.499009
         30.875,       3.124614,      -136.2489,       1.975071,      -16.12592,       3.802312,      -144.5739,       5.734464,      -16.66665
        30.9375,       2.612864,      -118.7366,       2.183206,      -36.70074,       2.897724,       -142.333,       5.433533,      -8.672685
             31,       3.719493,       -154.737,       1.917161,      -12.97136,       3.340132,      -141.8357,       5.651031,      -12.38364
        31.0625,       3.001526,      -129.3122,       2.169435,      -19.45029,       3.784519,      -146.7248,       6.030224,      0.1033619
         31.125,       2.728729,      -141.5833,       2.454646,      -17.84095,       2.472386,      -148.0888,       5.151779,      -8.775483
        31.1875,       2.299448,       -118.881,       2.159549,      -34.26463,       4.055468,      -131.6617,       5.609981,      -12.09809
          31.25,       3.745245,      -142.1868,       2.539311,      -19.32221,       2.801552,      -150.0169,       6.537264,      -7.265277
        31.3125,       2.721783,      -138.6393,       1.759425,      -34.94707,       3.859928,      -145.2652,       5.524318,      -13.34957
         31.375,       2.633092,      -142.3647,       1.928002,      -23.15856,       2.786308,      -148.3244,       5.495403,      -10.21369
        31.4375,       3.075099,      -122.9352,       1.411541,      -8.980717,       3.349599,      -147.6174,       4.949215,      -9.622567
           31.5,        2.97592,      -136.3243,       2.773497,      -14.18242,       3.562776,      -137.1778,       6.234173,      -4.308987
        31.5625,       3.338227,      -146.2252,        2.63184,      -19.50075,       2.861888,      -145.7879,       5.833058,      -15.95614
         31.625,        3.19243,      -126.6038,       2.246014,      -37.26301,       3.198773,      -154.8901,       6.052998,      -8.406257
        31.6875,       2.803598,      -128.8562,       2.133541,      -15.31774,        3.34889,      -134.2502,        5.50118,      -10.28091
          31.75,       4.422258,      -140.0651,       2.653934,      -23.30225,       3.720202,      -135.8022,       6.319083,      -16.64783
        31.8125,       3.863301,      -163.5802,       2.330464,      -55.10482,       3.424949,      -156.8208,       5.773759,      -19.03443
         31.875,       4.127635,        -138.31,       1.476761,      -17.07201,       3.177758,       -141.018,        4.70759,      -1.844068
        31.9375,       3.178099,      -166.1248,       2.155027,      -6.801889,       2.829339,      -135.6991,       5.961483,      -11.46117
             32,       2.572975,      -163.0502,       2.712392,      -24.40624,       3.764085,      -142.2365,        6.34824,      -6.586052
        32.0625,       3.948748,      -162.7359,       1.962332,      -23.84888,       3.147444,      -146.7085,       5.741215,      -8.502371
         32.125,       1.324991,      -173.0309,       2.274737,      -29.81853,       2.909475,       -145.817,       4.804449,      -14.60318
        32.1875,       2.878078,      -151.7744,       1.831038,      -12.54765,       3.282486,      -149.4364,       7.201989,      -5.325667
          32.25,       1.584996,      -161.6906,        2.35955,      -25.86889,       4.114392,      -131.5112,       5.169519,      -12.06186
        32.3125,       1.697415,      -153.9476,       2.270604,      -16.46552,       2.800616,      -169.3016,       5.899986,      -12.60704
         32.375,       1.642755,      -103.1886,       2.400309,      -22.93436,       2.988431,       -138.172,       5.082394,      -11.49888
        32.4375,       2.550812,      -135.5916,       2.360262,      -23.19417,       3.680223,      -138.7849,       6.200777,      -4.400998
           32.5,       2.470367,      -127.0654,       2.608126,      -43.16594,       3.222726,      -146.1897,       6.417522,      -23.63655
        32.5625,       2.833366,      -129.4741,       2.182512,      -19.62593,       4.090559,      -132.5294,       5.735407,      -11.90179
         32.625,       3.493582,        -137.56,        2.34173,      -43.17956,       3.295875,       -143.121,       5.065248,      -16.71055
        32.6875,       3.039523,      -147.2938,       1.743896,      -26.45955,       3.544939,      -148.4439,       5.222032,        -14.787
          32.75,       3.067551,      -155.8719,       2.272315,      -14.24435,       3.031948,      -146.6962,       5.324161,      -10.61203
        32.8125,       2.793048,      -170.2547,       1.457793,      -35.02633,       4.052457,      -151.0632,       5.377657,      -4.603364
         32.875,         1.8407,      -160.3118,       2.002752,      -17.14504,       2.382875,       -147.266,       5.459451,      -8.940783
        32.9375,       1.804125,      -140.9071,       2.657292,      -7.993542,       3.312481,      -141.2822,       5.710613,      -2.923731
             33,      0.9531306,      -150.4451,       2.220974,      -36.93553,       3.200278,      -141.8075,       6.428306,      -17.53321
        33.0625,        2.16233,      -129.1564,       2.308913,      -20.72572,       3.558869,      -151.5609,       5.232257,      -7.716935
         33.125,       1.616357,      -118.5573,       1.938621,       -31.4034,       3.123614,      -139.4532,       5.176042,      -16.46725
        33.1875,       2.521848,      -125.5561,       1.627974,      -24.92017,       3.408558,      -144.8966,        5.30477,      -8.320079
          33.25,       1.914125,      -110.2077,       2.199868,      -8.160665,       3.855858,      -155.7222,       5.214422,      -2.608223
        33.3125,       2.193083,      -116.9439,       2.600287,      -27.27107,       2.694009,      -127.1035,       6.050466,       -7.69575
         33.375,       2.944868,      -117.9349,       2.434956,      -10.06769,       3.616815,      -154.9796,       6.095174,      -5.375279
        33.4375,       2.772795,      -134.9123,       2.187616,      -18.61482,       2.849255,      -126.8821,       5.892847,      -13.18761
           33.5,       3.189469,      -115.2414,       2.866459,      -37.04132,       3.714715,      -150.3101,       5.334121,      -10.92772
        33.5625,       3.703678,      -137.2776,       2.075299,      -33.00713,       2.776646,      -137.5406,       6.440125,      -12.06032
         33.625,       3.023818,      -137.9063,        1.53521,      -11.27006,       3.468552,      -149.7159,       4.510133,      -13.26865
        33.6875,       3.178251,        -146.34,       2.646974,      -21.91469,       3.327232,      -142.1255,       5.847914,      -6.740292
          33.75,       2.900989,      -141.1067,        1.44951,      -23.48856,       2.766899,      -153.7894,        5.03389,      -14.32292
        33.8125,       2.158561,       -151.422,       2.374337,      -1.648603,       3.386398,      -148.5844,       5.474026,       1.288743
         33.875,       3.434657,      -135.8485,       2.657049,      -20.98803,       2.256495,      -151.1294,        6.51919,      -9.273495
        33.9375,       2.399672,      -149.2134,       2.430792,      -13.29948,       3.767668,      -135.6953,       5.654511,      -2.921844
             34,       2.725851,      -150.7788,       2.189312,      -17.45482,       2.824804,      -150.7447,       6.041808,      -10.44423
        34.0625,       2.118407,      -131.8211,       2.580835,       -18.0528,       3.326379,      -141.8347,       6.233043,      -7.014788
         34.125,       3.087075,      -156.0672,       2.199243,      -20.47705,       3.004246,      -136.3438,       5.414136,      -16.26847
        34.1875,       2.124217,      -123.0802,       2.705011,      -19.55265,       3.639791,      -150.9908,       6.310115,      -7.720779
          34.25,       2.162887,      -151.7412,       2.055743,      -19.83205,       2.976579,      -142.6944,       4.807018,      -8.302852
        34.3125,       2.173311,      -129.3813,        2.57104,      -27.42056,       3.192202,      -137.1347,       6.860281,      -13.63263
         34.375,       3.021982,      -135.2423,        2.48184,      -13.33525,       2.975888,      -153.0183,       5.327024,      -3.981098
        34.4375,       2.543876,      -148.9454,       2.097647,      -25.60083,       3.167066,      -137.8201,       6.057448,      -14.14248
           34.5,       2.627971,      -142.9812,       2.545922,      -20.68114,       2.686725,      -160.0264,       5.660445,      -12.45436
        34.5625,       2.780161,       -143.292,       2.335957,      -14.12803,        3.76412,      -132.9642,       6.222774,      -2.123907
         34.625,        2.63805,        -157.83,       2.109975,      -22.13386,       2.691326,       -152.198,       5.460052,      -14.97654
        34.6875,        2.15006,      -166.2153,       2.500833,       1.956193,       2.817056,      -141.2358,       5.615898,      -5.481281
          34.75,       2.228206,      -161.3268,       2.794514,      -34.22198,       3.056944,      -150.1621,        6.59988,      -4.564407
        34.8125,       1.183217,      -143.7797,       2.727957,     -0.8457693,       2.583501,      -145.0071,        5.39987,      -12.83323
         34.875,       1.973548,      -155.8318,       2.454019,      -21.15354,       3.119091,      -132.3424,       6.337779,      -3.853508
        34.9375,       1.214075,       167.3604,        2.81526,      -13.91896,       3.389799,       -142.802,       5.649165,      -9.655424
             35,       1.261774,       -123.088,       2.194532,      -23.39934,       2.498418,      -139.5468,        5.95102,      -11.05387
        35.0625,       1.445927,      -113.9647,       3.214459,      -15.76713,        3.23228,      -141.2921,       6.270715,      -4.487582
         35.125,       1.259711,       -92.3967,       2.166064,      -17.71373,       2.846185,      -150.6831,       5.000359,      -13.78045
        35.1875,       2.210761,      -116.9676,       2.505124,      -19.51094,       2.998952,      -124.9115,       7.078502,       -8.29618
          35.25,       1.143388,      -127.5831,       3.102376,      -19.72653,       3.205544,      -156.0859,       5.343426,       -20.2585
        35.3125,       1.297886,      -99.62102,       2.292726,      -10.70871,       2.829384,      -134.7608,       6.204796,      -1.082154
         35.375,       1.966712,       -96.8149,       2.776213,      -16.07733,       2.802934,       -148.287,       5.572974,      -13.17115
        35.4375,       2.089815,      -108.9373,       3.104835,      -25.40396,       2.871107,      -137.2238,       6.765714,      -8.331897
           35.5,       1.985161,      -106.3416,       2.540418,      -9.654338,       2.927547,      -149.9652,       6.206298,      -6.400057
        35.5625,       1.632878,      -95.88811,       2.779347,      -15.62343,       2.658254,         -136.5,       6.173767,       -7.88235
         35.625,       2.582491,      -92.60292,       3.159422,      -16.31305,       2.736627,      -140.8608,       5.916549,      -10.57487
        35.6875,       2.293851,      -112.4718,       2.950746,      -16.48553,       3.083452,      -131.0377,       6.904833,      -5.230687
          35.75,       2.806564,      -88.04355,       3.174213,      -22.77935,       2.647187,      -143.5344,       5.743718,      -10.40298
        35.8125,       3.065872,      -113.5811,        2.45252,      -29.18473,       2.585112,      -146.4618,       6.647972,      -13.82375
         35.875,       2.868629,      -104.0934,       2.892869,      -9.503889,       3.368176,      -129.0227,       5.526558,      -11.12532
        35.9375,        3.06968,      -117.3692,       2.964808,      -30.61387,       2.779396,      -142.5524,        6.35734,      -5.921393
             36,       3.009867,      -120.1971,       2.735826,      -13.86423,       2.489244,      -153.7176,       5.897045,      -21.15205
        36.0625,       2.410065,      -107.4438,       2.388886,      -17.35784,       3.249691,       -145.994,       5.898119,      -3.328524
         36.125,       2.399399,      -108.3232,       2.934759,      -9.137303,       1.946717,      -141.2641,       5.619682,       -6.62485
        36.1875,       2.541462,      -108.0004,       3.150887,      -8.485786,       2.855399,      -137.7559,       6.584239,      -6.533382
          36.25,        3.64493,      -107.3788,       3.910568,      -24.84047,       1.791597,      -126.4372,       7.477124,      -14.02156
        36.3125,       3.160244,       -107.525,       2.537765,      -19.04602,       3.198375,      -138.5854,       5.897604,      -4.269258
         36.375,       2.963799,      -102.8091,       2.525742,      -16.95135,       2.154823,      -132.2263,       6.595152,      -9.344605
        36.4375,       3.970497,      -110.5461,       4.156376,      -9.235126,       3.902927,      -130.1652,        7.19253,      -14.00717
           36.5,       4.594913,      -118.1059,       3.306376,      -21.20331,       2.350331,      -138.4765,       6.411327,       -9.24373
        36.5625,       2.207757,      -119.8763,       2.644396,      -27.49698,       2.154064,      -147.5659,       6.422874,       -10.4967
         36.625,       4.556624,      -115.5244,       3.402381,      -8.768911,       2.746132,       -134.016,       5.648519,      -9.816188
        36.6875,       3.579619,      -131.8918,       3.442806,       -18.3217,       2.363294,      -112.5341,       7.555213,      -2.638191
          36.75,       3.282676,       -126.873,       3.540347,       -20.4492,       3.004429,      -146.6832,        7.38114,        -21.337
        36.8125,       3.742749,      -125.1801,       3.702589,      -20.32696,        2.28295,      -122.2942,        6.85876,      -10.58013
         36.875,        3.34205,       -128.929,       2.687059,      -28.99596,       2.604393,      -129.3747,       5.585227,      -15.16776
        36.9375,       3.255636,       -130.793,       3.574125,      -12.17958,       2.808493,      -119.4794,       7.845355,      -12.68205
             37,       3.120221,       -149.113,        3.86526,      -30.74586,       3.250046,      -133.0176,       6.859794,      -15.80525
        37.0625,       2.774459,      -118.6546,       2.875438,      -20.98592,       2.467683,      -134.8461,       6.186967,      -15.24953
         37.125,       2.864463,      -137.4939,       3.381221,      -27.63138,        3.13795,      -126.8467,        6.34978,       -13.4053
        37.1875,       3.036912,      -118.3318,       3.410002,      -6.958096,       2.384974,      -117.3049,       6.988256,      -13.81762
          37.25,       2.348604,       -135.604,       4.183726,      -31.51968,       3.108021,       -126.805,       7.455222,      -15.38436
        37.3125,       3.272834,      -123.1157,        3.36949,      -27.82532,       2.900424,      -145.9536,       5.788063,      -11.17283
         37.375,       2.655394,      -122.4713,       2.955144,      -10.92894,       2.836309,      -116.7851,        6.68725,      -18.39002
        37.4375,       3.586927,      -132.1944,       3.690192,      -24.70717,       2.376123,      -145.8842,       7.136666,      -1.424679
           37.5,        3.54346,      -147.5769,       4.327637,      -12.42829,       2.738157,      -126.5327,       8.428102,      -17.66416
        37.5625,       1.883192,      -136.5704,       3.515036,      -23.89723,        2.05396,      -115.6706,        6.41763,      -11.13935
         37.625,       3.146875,      -135.1591,       4.131557,      -15.78233,       2.588918,      -126.4735,       7.235475,      -14.37618
        37.6875,       1.420989,      -145.9637,       4.853752,      -17.77476,       2.378699,      -111.5257,       8.552562,      -9.785716
          37.75,       2.670505,      -128.8715,       4.899775,       -34.7466,       3.125881,      -99.69421,       8.507795,      -24.95306
        37.8125,       1.765378,       -138.353,       4.511396,      -23.45075,       3.228317,      -119.0761,       8.103063,      -17.64466
         37.875,       1.779315,      -102.3514,       4.635462,      -39.86808,       2.951467,      -108.4976,       7.752393,       -26.9654
        37.9375,       2.072053,      -95.13136,       4.842942,      -33.52545,       4.356762,      -106.2255,       7.804443,      -22.04453
             38,       3.025885,      -111.9932,       4.836977,      -34.11598,       3.608585,      -115.4832,       8.574439,      -30.27838
        38.0625,       2.143569,      -103.8862,       4.205391,      -47.97577,       3.379547,      -127.2155,       6.547858,      -27.96912
         38.125,       2.973854,      -88.03675,       4.192465,      -39.90671,       3.691275,      -111.4105,       7.187723,      -29.85409
        38.1875,       2.895698,      -113.9949,       4.350863,      -39.57255,       3.120103,       -121.196,       6.687132,      -24.40885
          38.25,       2.912027,      -94.12815,       3.726119,      -41.67682,       3.856349,      -122.7334,       7.215291,      -21.24412
        38.3125,       3.470431,      -106.3624,       4.108785,      -33.93544,       2.751529,      -124.8272,       7.614614,      -21.93733
         38.375,       2.810288,      -109.7352,        4.30613,      -30.22493,       3.335682,       -112.659,       6.666947,      -20.65772
        38.4375,       3.175483,      -91.50257,       4.531471,      -36.20147,       3.574727,      -103.8364,       8.948735,      -22.35393
           38.5,       3.240891,      -109.9509,       6.113425,      -36.73548,       4.592453,      -112.7672,       8.989518,      -32.28373
        38.5625,       3.382851,      -85.14501,       5.374838,      -45.34071,       3.658042,      -104.1913,       8.080629,      -28.92545
         38.625,       3.806419,      -93.82255,         5.3772,      -47.40128,       4.674985,      -110.9692,       8.476389,      -34.57948
        38.6875,       4.293786,      -98.67966,       5.197223,      -52.01455,       4.787184,      -110.9187,       8.496181,      -41.11849
          38.75,       3.865889,      -99.06511,       5.861135,      -60.34874,       5.673477,      -114.7599,       8.194584,      -43.59886
        38.8125,       5.491648,      -103.3006,       5.634082,       -67.6378,        4.95753,      -118.7212,       8.065674,      -48.46683
         38.875,       4.317897,       -96.0658,        3.79667,      -66.14057,       5.052365,      -117.8957,       6.564511,      -52.34786
        38.9375,       5.599775,      -105.4294,       5.018505,      -63.53469,       5.987706,      -123.9665,       7.648555,      -46.46394
             39,       6.371511,      -110.7127,       4.706759,      -76.66717,       5.141404,      -137.5442,       5.936042,      -53.72408
        39.0625,       5.612811,      -118.2916,       3.556755,      -78.19254,        5.20155,      -119.9183,       6.046453,      -46.36031
         39.125,       5.130426,      -119.5238,       3.629442,      -63.72381,       5.538824,      -135.9949,       5.258488,      -55.61261
        39.1875,       5.580442,      -117.0967,       3.959743,      -78.46181,       4.688844,      -129.6208,       5.872656,      -47.86524
          39.25,        5.76916,      -120.6613,       3.738892,      -61.95646,        5.57206,      -131.1118,       6.345774,      -41.92283
        39.3125,       5.830852,      -123.5184,       3.958724,      -76.16474,       5.057059,      -138.1722,        4.94705,      -50.02608
         39.375,        5.11698,      -120.6121,       3.288561,      -65.89117,       4.537872,       -130.864,        5.38832,      -44.14714
        39.4375,       6.061393,      -126.4269,       4.453396,      -78.16445,       5.676798,      -131.0028,       6.373354,      -57.35196
           39.5,       6.347546,      -127.3072,       3.953057,      -86.67068,        6.23711,      -134.2389,       5.537496,      -50.70935
        39.5625,       6.166942,      -125.5678,       3.447353,      -77.26797,       5.511943,      -133.3598,       5.478057,      -61.87096
         39.625,       6.279476,      -135.8915,       3.858223,      -94.41242,       6.267386,      -141.9104,       4.066895,      -66.03251
        39.6875,       6.480346,      -136.5533,       3.447894,      -108.0316,       5.455973,      -147.1299,        4.17042,      -65.02026
          39.75,       6.614275,      -141.9147,       2.121693,      -105.9648,       5.965361,      -143.7625,       3.873059,       -61.9197
        39.8125,       6.421834,      -149.6203,       2.272817,      -102.8648,       6.075163,       -152.514,       2.630031,      -58.07299
         39.875,       6.027745,      -148.3526,       1.981138,      -111.6877,       5.086845,      -163.0503,       2.788492,      -52.24975
        39.9375,       4.999145,      -153.4776,       1.416779,      -88.13254,       4.955217,       -150.156,       2.415663,      -26.00607
             40,        6.00919,      -147.6526,       1.325978,      -107.3554,       5.155633,      -157.3073,          3.217,       -34.9612
        40.0625,       4.523709,      -161.1273,       0.893293,      -73.19334,       4.285654,       -158.885,       2.874676,      -22.83168
         40.125,       6.154629,        -147.55,      0.9084992,      -70.08289,       4.720804,      -161.9747,       2.498251,      -32.16151
        40.1875,       4.509899,      -161.7307,       1.076571,      -75.15202,       4.062581,      -144.5057,       3.489213,      -14.75787
          40.25,        5.38953,      -159.1938,       1.516129,      -65.30179,       5.614814,      -158.3202,       3.220039,      -28.71464
        40.3125,       4.481508,      -154.2982,       1.149449,       -11.6237,       3.169098,      -164.8073,       3.346507,      -6.261874
         40.375,       5.212088,      -164.8829,       1.590383,      -64.18036,         4.3167,      -152.4444,       3.458629,      -18.20513
        40.4375,       4.282874,      -171.7676,      0.6270274,       -61.8744,       4.596567,      -154.2485,       3.647316,      -9.503341
           40.5,       4.075816,      -163.5813,       1.638643,      -12.96672,       3.090623,      -163.6158,       3.498582,      -17.92867
        40.5625,       3.349147,      -161.5423,       2.028037,      -47.03463,       4.267803,      -149.2037,       4.393533,      -10.64742
         40.625,       4.107745,      -165.0076,      0.8599213,       8.725686,       3.900794,      -162.0181,       3.921846,      -17.00417
        40.6875,       3.588408,      -163.4638,       3.023361,      -33.25689,       3.321823,      -145.0981,       3.832383,       -13.2208
          40.75,       3.435299,      -156.5951,       1.486816,      -36.35263,       3.561993,      -149.7696,       5.333863,      -12.98457
        40.8125,       3.151223,      -157.0001,        1.99277,      -42.94946,       3.855129,      -159.1635,       3.603669,      -22.68402
         40.875,       3.882361,      -160.9004,       2.242627,       -42.7034,       3.830489,      -141.0073,       4.911707,      -16.54989
        40.9375,       3.235573,      -152.0539,       1.525273,      -59.59576,        3.71459,      -149.3108,       4.292466,      -29.20311
             41,       3.781746,       -154.302,        2.02258,      -52.47374,       4.662569,      -148.8283,       3.835091,      -19.01546
        41.0625,       4.311866,      -165.2364,       1.206019,      -12.37434,       3.391987,      -156.0904,       3.312715,      -32.87696
         41.125,       2.733139,      -159.4705,       2.337051,      -65.24806,       4.471697,      -154.6443,       3.869058,      -13.60384
        41.1875,       4.205568,      -167.7102,       0.719346,      -32.41735,       3.757684,      -149.2896,       3.189535,      -13.00002
          41.25,       3.085222,       176.1194,       1.245283,      -27.53627,       4.067882,      -173.0514,       3.843819,      -13.87418
        41.3125,       2.524861,      -169.8305,      0.8304559,     -0.2947611,        3.88302,      -146.2744,       3.205381,       5.803216
         41.375,       2.634226,      -161.7876,       1.784797,      -21.71673,       2.928132,      -178.4949,       4.246987,      -20.21325
        41.4375,       1.604496,      -148.4517,       1.880457,       1.701428,       4.027864,      -153.1783,       4.446323,       8.223916
           41.5,       2.775204,       -160.453,       2.076261,      -16.30005,       2.954375,      -162.6098,         5.1235,      -6.079173
        41.5625,       2.161407,      -128.8458,       2.044977,      -17.15779,       2.822772,       -148.343,       4.443229,      -13.21913
         41.625,       2.639632,      -145.0377,       2.343381,      -23.64323,       3.490732,      -155.2398,       4.992718,      -6.694516
        41.6875,       3.583154,      -145.9347,       2.145129,      -16.05035,       3.467045,      -141.1312,       5.889546,      -14.86511
          41.75,       2.058429,      -147.9212,       2.865957,      -38.67114,       2.808486,      -147.5211,       4.208626,      -24.80812
        41.8125,       3.174809,      -137.8366,       1.915653,      -43.41455,        3.95978,      -145.1061,       4.470875,      -16.95448
         41.875,       2.927276,      -159.2938,       1.640289,      -28.41392,       3.595761,      -148.0312,       3.757062,      -12.08615
        41.9375,       3.288758,      -132.7496,       2.247263,      -44.20198,       3.829738,      -153.3251,        4.68062,      -26.92093
             42,       2.670246,       -157.747,       1.527353,      -43.37869,       3.795225,      -156.0312,       3.539269,      -14.57411
        42.0625,       2.974975,      -139.9927,       1.034841,      -23.64391,       3.609133,      -153.9935,       3.643276,      -9.090941
         42.125,       3.189171,      -139.1553,       1.982668,      -12.63746,       2.984742,      -151.9312,       4.757595,      -7.017018
        42.1875,       3.190787,      -145.1171,        2.36777,      -18.34412,        3.71065,      -159.5183,       4.426088,      -9.439507
          42.25,       3.522254,      -142.0993,       1.178652,      -28.31987,       3.234372,      -157.1394,       4.122359,      -8.327124
        42.3125,       3.628368,      -152.0793,       2.294477,       -4.30557,       3.014236,      -154.6635,       4.222573,      -3.515935
         42.375,       3.612958,      -143.4902,       2.033857,        -29.056,       3.073243,      -142.6387,       4.490768,      -12.15773
        42.4375,       4.239671,      -166.2033,       2.461902,      -30.72803,       3.721593,      -157.2721,       5.552019,      -11.40664
           42.5,        2.64523,      -168.2874,       1.517129,      0.5658333,       2.631084,      -148.3891,       3.849962,      -12.99676
        42.5625,       3.015518,      -150.4089,       2.224364,      -22.42988,       3.702447,      -153.6799,       4.448881,      -7.599226
         42.625,       2.284047,      -175.4562,       2.353454,      -6.044472,       2.840008,      -153.0943,       4.518488,      -3.894883
        42.6875,       2.854973,      -147.6735,       2.352169,      -30.07778,       3.112573,      -158.3402,       5.019475,      -13.04953
          42.75,       2.431964,      -152.1653,       2.090422,      -3.171695,       3.186851,      -147.3357,       4.563331,      -9.769473
        42.8125,       2.240059,      -148.4906,       2.641259,      -32.22657,       3.541308,      -145.7207,       3.813829,      -9.723351
         42.875,       2.013958,      -125.4785,       1.615435,      -17.37908,        2.92103,      -155.3442,       5.747022,      -10.29611
        42.9375,       3.640151,      -146.7341,       3.054601,      -18.90337,         3.6925,      -152.1834,       4.765368,      -13.37505
             43,       3.075653,      -143.0999,       1.943514,      -19.34633,       2.547973,      -161.0318,       3.808667,      -11.75841
        43.0625,        3.02167,      -146.4641,       1.999104,      -28.15027,        3.43154,      -143.3994,       4.256881,       -15.2019
         43.125,       4.170608,      -162.7274,       2.130947,      -16.23774,       3.176231,      -145.2813,       5.007529,      -5.682396
        43.1875,       2.858747,      -162.7591,       2.978679,      -27.83771,       3.581606,      -153.3483,       5.305669,      -17.90439
          43.25,       3.083326,      -170.2127,       1.656349,      -27.95319,       3.225723,      -155.4315,       3.727514,      -20.31454
        43.3125,       2.614303,      -170.2682,       1.488514,      -16.16773,        3.01649,      -149.2656,       3.790762,       2.831861
         43.375,       2.525297,      -168.0085,       2.515062,        -3.0822,       3.182284,      -146.6342,       5.302017,      -4.503392
        43.4375,       2.399148,      -176.8475,       2.301732,      -12.52592,        3.56804,      -166.4012,       4.580821,      -10.78859
           43.5,       1.067572,      -168.4306,       2.161691,      -15.69972,       2.328798,      -149.9848,       4.764913,      -7.053695
        43.5625,       1.182488,       -133.337,       2.239146,      -14.71873,       3.275102,      -158.9495,       4.108432,      -6.463758
         43.625,       2.219055,      -122.4285,       2.847361,      -18.38262,       2.863048,      -138.8834,       5.864513,     -0.1170936
        43.6875,       2.399078,       -129.433,       2.383021,      -8.047419,        2.37263,      -156.2527,       5.111395,      -17.26151
          43.75,       2.267704,      -136.1486,       2.816842,      -31.83319,       3.105359,      -151.6326,       4.737278,      -13.75119
        43.8125,        3.25923,      -127.6985,       2.493323,      -10.87211,       3.429883,      -144.2319,       4.811987,      -13.53147
         43.875,        2.70788,      -142.6287,       2.676633,      -37.99881,       2.792982,      -145.9923,       4.317716,      -8.899861
        43.9375,       3.572957,      -152.2344,       2.428269,       -10.7873,       3.476741,      -152.9356,       5.569186,      -17.39321
             44,       2.445794,      -145.7385,       2.816459,      -35.65372,       3.542877,      -154.2168,       4.057091,      -21.80613
        44.0625,       3.449859,      -148.3689,       1.140167,      -29.34153,       2.435236,      -143.9384,       4.191182,      -3.380705
         44.125,        3.10556,      -173.4953,       2.361028,      -14.10948,       4.176138,      -149.9085,       4.468781,      -20.65998
        44.1875,       2.439514,      -143.9717,       2.327812,      -27.81596,       2.681336,      -161.2142,       4.400934,      0.3975276
          44.25,       1.958313,      -174.8095,       1.789262,      -3.604979,       3.305882,      -160.6008,       4.231045,      -6.534012
        44.3125,        2.46893,      -153.8127,       2.312825,     -0.4624535,       2.234467,      -166.1157,       4.720326,      -4.092332
         44.375,       1.725576,      -127.7285,        2.61861,      -9.025648,       3.477182,      -144.3598,       5.102257,     0.01544108
        44.4375,       2.746677,      -150.2985,       2.709808,      -7.111708,       2.111771,      -165.7235,        5.51236,      -8.623425
           44.5,       2.089262,      -123.5483,       2.867484,      -10.41603,        2.36587,      -151.7696,       5.220463,      -4.420339
        44.5625,       2.319035,      -131.0987,       2.982156,      -20.46744,       3.302094,      -139.1555,       4.793794,      -8.812769
         44.625,       3.102411,      -138.4611,       2.507454,      -13.20929,       2.509439,      -155.8269,        5.21996,      -9.886576
        44.6875,       3.218137,      -146.6877,       3.634868,      -27.15552,       2.998107,      -137.2395,       5.657004,      -14.69314
          44.75,       2.518596,      -137.4676,       1.812799,      -28.77099,       3.194625,      -154.2148,       4.985025,      -18.32732
        44.8125,       3.276699,      -151.2836,       2.866135,      -23.98621,       3.205489,      -148.7472,       4.176888,      -14.01437
         44.875,       2.243909,      -151.8037,       1.826885,       -37.2465,       3.148959,      -146.6817,       3.844474,      -10.68842
        44.9375,       3.107971,      -159.7922,       2.353944,      -15.54591,       2.706192,      -146.8281,       5.240009,      -17.45316
             45,       2.271301,      -151.3495,        2.72181,      -8.704578,       3.725303,      -156.7403,       4.528152,       1.769754
        45.0625,        2.05459,      -165.1137,       1.548382,      -18.48028,        2.23344,      -171.5452,        4.22426,       -8.28755
         45.125,        2.07852,       -134.829,       2.903043,       -1.06468,       3.294399,      -139.4172,       4.762173,      -11.13119
        45.1875,       2.595422,      -149.3964,       2.641449,       -15.6415,       2.315615,      -162.2725,       5.434026,       0.491163
          45.25,       1.907103,      -144.1572,       3.124824,      -10.45242,       2.488156,      -148.2196,       5.277211,      -8.826939
        45.3125,       2.441702,      -126.3004,       2.669204,      -10.91285,       3.208687,      -149.6619,        4.61147,      -14.46087
         45.375,       2.085478,      -152.5105,        2.09631,      -27.42316,       2.526215,      -143.9021,       5.174225,     -0.7777774
        45.4375,       3.564316,      -133.9688,       3.680805,      -9.811351,        2.72685,      -149.3063,       5.711068,      -9.816482
           45.5,       2.445297,       -145.942,       2.246558,      -18.41214,       3.002988,      -145.7603,       4.642509,      -19.20802
        45.5625,       2.277515,      -135.3366,       2.442656,      -23.39389,       2.522827,      -149.9675,       4.229916,      -2.052959
         45.625,       3.195298,      -143.4788,       2.499496,      -17.82745,        3.38635,      -164.9703,       5.028828,      -21.78535
        45.6875,       2.948233,      -159.8822,       2.651449,      -3.263679,       2.813381,      -134.7865,       4.387987,       2.298929
          45.75,       2.775209,      -161.7286,       2.598642,      -24.28093,       2.916024,      -162.0903,       5.356084,      -9.321597
        45.8125,       1.960618,      -148.0312,       2.623482,      -6.116573,       2.254232,       -156.682,       3.701296,      -6.981608
         45.875,       1.891277,      -154.7757,       1.993898,      -15.51979,       2.817055,      -147.5303,       5.045622,      0.1506076
        45.9375,       1.953728,      -139.5159,       3.423868,      -1.940332,       2.886719,      -151.3653,       5.837085,       -10.7088
             46,       2.719577,      -148.5981,       3.420718,      -16.20651,       2.358413,      -146.1642,       4.539723,      -3.086162
        46.0625,       1.739997,      -125.7569,       2.349908,      -15.13202,       2.441642,      -149.8528,       5.549016,       -8.88016
         46.125,       2.879459,      -149.7641,       3.054076,      -14.02314,       2.642124,      -140.6013,       4.959015,      -9.680892
        46.1875,       2.909073,      -128.5705,       3.333507,      -18.28696,       3.065139,      -151.8165,       5.564164,       -12.7242
          46.25,       3.004157,      -147.3049,       3.027998,      -23.12135,       2.826212,      -135.8037,       4.964575,      -12.81504
        46.3125,       3.455367,      -157.6506,       2.518045,      -9.800929,        2.64905,      -162.7289,         4.3084,      -10.58345
         46.375,        2.53885,      -145.3237,       2.541583,      -21.74452,       3.207859,      -138.8548,       5.203515,      -8.565495
        46.4375,       3.677005,      -174.4483,       2.801068,      -19.30809,        2.55427,      -155.5823,       4.559656,      -10.10344
           46.5,       2.771416,      -160.9981,       2.601342,      -15.47245,       3.048072,      -156.7166,       5.098529,      -16.09164
        46.5625,       2.547298,       175.2901,       2.421001,      -13.25294,       2.449942,      -152.5645,       4.539475,      -2.645313
         46.625,       1.647871,      -170.7357,       2.180751,      -12.40368,       2.992471,      -146.8543,       4.140835,      -7.089984
        46.6875,       2.190313,      -161.6211,       3.518288,      -7.381421,        2.64167,      -152.0033,       5.419528,       -10.7721
          46.75,       1.738864,       179.1078,       2.989129,        -22.375,       2.504315,      -147.1852,       4.915575,      -8.896946
        46.8125,       1.577965,      -146.1893,       2.188473,      -1.840302,        2.93052,      -156.2594,       5.138223,     0.06231435
         46.875,       1.511519,      -144.1684,       3.100194,      -17.08994,       2.723999,      -150.4102,       4.560958,      -12.87541
        46.9375,       1.812644,      -142.5123,        2.93371,      -8.591933,       2.313677,      -147.2597,       5.238559,      -3.354481
             47,       2.615444,      -147.9013,       3.040581,      -14.15124,       2.820459,      -143.7926,        5.58071,      -9.640548
        47.0625,       1.681275,       -149.966,        3.03524,      -13.80405,       2.482445,      -161.7973,       4.796013,      -9.073766
         47.125,       2.292156,      -160.1507,        2.42307,      -11.32042,       2.540606,       -141.846,       4.478651,      -1.842088
        47.1875,       1.827334,       -159.798,       3.574588,      -12.31008,       2.519493,      -147.9962,       5.413665,      -11.75162
          47.25,       1.555997,      -155.0907,       3.089144,      -18.78693,       2.619128,      -148.8096,       5.843292,      -5.677529
        47.3125,       1.385737,      -153.1712,       3.062082,      -9.845598,       2.433823,      -152.2245,       4.785204,      -9.058141
         47.375,       1.631561,      -142.9197,       2.601342,      -21.51894,       3.033227,       -150.832,       4.766433,      -8.094083
        47.4375,       1.178125,      -164.0555,        3.10897,      -7.784002,       2.304657,      -156.5371,       5.473451,      -11.75145
           47.5,       1.473393,      -125.2779,       3.276062,       -9.04971,       2.373357,      -134.8637,       5.846508,      -6.057528
        47.5625,       1.779884,      -128.7324,       3.552995,      -24.58612,       2.713874,      -148.6332,       4.459586,      -15.23297
         47.625,       1.404949,      -131.0331,       2.192343,      -18.60087,       3.178586,      -147.1825,        4.42882,      -6.505216
        47.6875,       2.070371,      -123.0678,       3.613422,      -11.24371,       1.885207,        -141.53,       5.540265,      -13.64225
          47.75,       2.668419,      -139.0827,       2.483378,      -23.75962,       3.174695,      -155.7404,       4.619871,      -3.283066
        47.8125,       1.228895,      -143.5224,       3.139671,      -9.716085,        2.14204,      -150.0458,       5.115976,      -8.135449
         47.875,       1.829281,      -122.4468,       2.512832,      -22.27147,       2.722661,      -149.3115,        4.40044,      -12.34091
        47.9375,       2.616502,      -140.6026,       3.269177,      0.5908132,       2.686388,      -145.7228,       5.406382,      -3.724797
             48,       1.845167,      -120.7822,       2.727745,      -22.52536,       2.568205,      -156.8671,        4.92893,      -6.329028
        48.0625,       2.013417,      -135.9247,        3.49365,      -6.211086,       2.524345,       -162.635,       4.873631,       -10.9387
         48.125,       2.310295,      -129.5515,       2.572348,      -4.379801,       1.943474,      -141.6478,       4.919127,       4.651098
        48.1875,       1.811285,      -140.5544,        3.72146,      -14.03019,       3.215085,      -143.4331,       5.946296,      -9.624403
          48.25,       2.572965,      -133.9889,       2.924572,       -9.72589,       1.610011,      -159.1674,        5.04724,      -8.147376
        48.3125,       2.722589,       -127.269,       3.358473,      -11.14093,       2.503468,      -152.4235,       5.303949,      0.3145779
         48.375,       1.899878,      -153.5532,       3.316185,       -12.3032,       2.814111,      -138.1606,       5.272389,      -10.04249
        48.4375,       2.130903,      -126.0905,       3.201765,      -10.59054,       2.310588,      -131.5906,       5.380494,       -9.57078
           48.5,        2.86612,       -141.632,       3.370658,       -19.3745,       2.424694,       -163.183,       5.901979,      -16.38689
        48.5625,       2.332739,      -149.7768,       2.683588,      -23.64657,       2.611095,      -134.7979,       3.895554,      -14.40975
         48.625,       2.075815,      -136.5283,       3.500514,      -10.80879,       2.838027,      -149.8681,       5.073684,      -4.771976
        48.6875,       2.348225,      -136.0587,       2.160788,      -18.87344,       2.490121,      -155.7015,       4.831277,      -8.288579
          48.75,       2.220641,      -134.9554,       4.213582,      -6.802855,        2.32034,      -140.1415,       5.565061,      -5.274823
        48.8125,       2.560874,      -140.6707,       1.926438,       -35.1164,       2.353272,       -162.524,       4.420005,      -15.78459
         48.875,       3.132449,        -139.61,       3.537619,       -6.01928,       3.164298,      -132.8144,        4.92179,      -2.167436
        48.9375,       2.191331,      -153.7239,       3.528724,      -3.808744,       1.786542,      -157.5858,       6.288067,      -3.359559
             49,       3.935794,      -161.9093,       1.404556,      -30.51171,       3.110136,      -159.1412,       3.207451,      -21.88823
        49.0625,       1.592167,      -168.7612,       4.391637,     -0.3474109,       2.039568,      -133.5317,       6.266126,       9.079829
         49.125,       2.160022,      -147.8628,       3.849413,      -9.813169,       2.287153,      -147.5785,       5.591125,      -14.59458
        49.1875,       1.882557,      -168.5362,       3.512355,      -24.94943,       2.377401,      -135.0549,       5.833914,      -10.40049
          49.25,       2.600325,      -153.5373,       2.684041,      -16.01656,       2.996868,      -152.1821,       4.513481,      -6.388485
        49.3125,      0.6685531,      -136.4626,       3.490792,      -12.33302,       1.703786,      -149.6143,       5.529066,      -7.455618
         49.375,        2.27595,      -152.4482,       3.611995,      -15.03877,       3.290776,      -131.8937,        5.04243,      -19.53903
        49.4375,       1.385033,       -152.489,       2.977807,      -19.05846,       2.498328,      -168.4262,       4.876264,      -2.230219
           49.5,       1.281392,      -142.4919,       3.212429,      -12.54079,       2.454697,      -148.3131,       4.720263,      -8.542173
        49.5625,       1.823047,      -125.9995,         2.6592,      -17.87649,       2.690366,      -144.4847,       5.129623,      -8.798245
         49.625,       2.057481,      -135.0116,         3.2055,      -4.982852,       1.984349,      -159.1118,       5.603024,      -9.469519
        49.6875,       2.082709,      -149.8546,       3.453187,      -15.40632,        3.42002,      -147.0527,       4.451586,      -2.424259
          49.75,        1.37805,      -114.8088,       3.121324,       4.961245,       1.153368,      -145.4099,       5.339891,      -7.496094
        49.8125,       3.336813,      -147.0919,       3.460955,      -22.28523,        3.05181,      -148.5005,       4.593401,      -11.97186
         49.875,      0.9199811,      -177.6355,       3.405166,      -8.992885,       2.155377,      -143.8872,        5.41327,     -0.2987941
        49.9375,       2.585374,      -132.7107,       3.756872,      -15.19558,       1.973225,      -140.6696,       5.417933,       -11.4458
             50,       1.836181,      -150.9911,       2.992242,      -13.56958,       2.194252,      -142.6407,       5.680963,      -3.532435
        50.0625,       1.273486,      -157.4364,       3.373573,       0.784919,       2.526958,      -152.7838,       4.890532,      -4.648497
         50.125,       2.521096,      -116.7563,       3.467049,      -27.87607,       2.454221,      -136.3568,       5.228554,      -25.18959
        50.1875,       1.623292,      -161.0466,       4.231718,      -5.629264,       2.015455,      -165.6094,       5.647687,       -5.54228
          50.25,       1.454381,      -124.8525,       2.707813,      -25.70768,       2.350576,      -142.7404,       4.734846,       3.132788
        50.3125,        1.42292,      -115.8384,       2.779989,      -7.217274,       2.145744,      -154.0345,        5.05121,      -12.21358
         50.375,       2.551697,       -136.871,       3.837631,      -5.857904,       2.080015,      -139.3152,       4.805259,       1.372243
        50.4375,       1.478524,      -118.6256,       3.388077,      -14.28625,       2.668778,      -157.3852,       6.167707,      -8.008009
           50.5,       2.684388,      -130.8781,       3.372191,      -13.40204,        1.56658,      -134.2245,       5.113448,      -10.83992
        50.5625,       1.912369,      -126.0558,       3.199899,      -10.12884,       2.875705,      -134.7573,       4.841011,      -7.708147
         50.625,       3.134406,      -144.0082,       3.682752,      -10.85087,       1.865539,      -150.3947,       5.516365,      -2.023042
        50.6875,       2.206083,      -154.9256,       3.791164,      -15.79595,       3.201145,      -140.7312,       5.983734,      -11.01255
          50.75,       2.428334,       -162.109,       2.981292,      -18.12393,       1.666593,      -155.0679,       4.720551,      -19.30762
        50.8125,       1.836983,      -148.7921,       3.259225,      -2.710172,       2.208114,      -141.8423,       4.413014,      -2.262245
         50.875,       1.760784,      -171.4859,       3.412161,      -20.21206,       2.738327,       -137.487,       5.454796,       -13.3864
        50.9375,       1.744784,      -148.8478,       3.487605,     -0.3104572,       1.759803,      -162.9245,       5.449111,      -6.798994
             51,      0.9383593,       -135.713,       3.644937,      -16.92156,       2.370526,      -149.7692,        4.65402,      -2.766313
        51.0625,       1.815103,      -137.9029,       2.797009,      -10.37856,       1.966527,      -157.3567,       4.831831,      -12.60752
         51.125,       1.353552,      -161.2949,       3.586367,       5.551674,       2.412488,      -137.4748,       5.431035,       2.342735
        51.1875,       2.825251,      -122.4033,        4.21151,      -15.55587,        2.13815,      -149.8517,        5.24964,      -6.883981
          51.25,       2.075944,      -150.4535,       3.063298,      -2.473878,        1.67185,      -152.0302,       5.340998,      -3.407161
        51.3125,       1.869119,      -144.2274,       4.064776,      -8.419461,       1.794954,      -139.3225,        5.49475,      -4.825432
         51.375,       2.416198,      -154.8232,       3.763291,      -21.25877,       2.943075,      -139.0271,       4.952658,      -10.73537
        51.4375,       2.109455,      -171.6762,       4.475577,    -0.03442774,       1.321725,      -145.7121,       6.816717,      0.3079737
           51.5,       1.595378,      -156.2464,        3.41497,      -28.36718,        2.29789,      -141.7305,       4.612356,      -20.06802
        51.5625,       1.240732,       150.8078,       3.337662,       1.052909,       2.068323,       -153.292,       5.301757,      0.7792106
         51.625,       1.269574,      -102.2154,       4.631657,      -20.90086,       2.372255,      -123.4017,       6.276348,      -11.32653
        51.6875,       1.964102,      -158.0973,       2.628833,      -16.67266,       2.626776,      -160.3972,       4.795204,      -23.11589
          51.75,       1.218524,      -134.3069,       3.899547,      -20.54813,       2.073771,      -125.1145,       4.744791,      -5.491819
        51.8125,       1.211786,      -133.4076,       2.049193,       7.655757,       2.577032,      -168.4353,       4.824533,      -5.058207
         51.875,       1.775383,      -118.4096,       4.574478,      -16.10627,       2.570057,      -134.4883,       4.812053,       -16.0455
        51.9375,       1.698768,      -138.0845,       3.512422,      -4.465987,       2.050005,      -149.4981,       6.393584,      -2.285182
             52,       2.027398,      -144.6221,       3.643166,      -18.63519,       2.005372,      -162.0772,       4.629893,      -9.546982
        52.0625,       1.551799,      -141.2452,       2.578125,     -0.6622322,        1.95504,      -142.0401,       3.793438,      -10.43248
         52.125,       2.114121,      -171.9361,       3.942092,      -5.649174,       2.350041,      -138.9323,        6.33564,       5.898678
        52.1875,       1.990777,      -134.0928,       3.880284,      -14.76511,       1.810768,      -139.5383,       5.369254,      -15.15614
          52.25,      0.9481382,      -176.9594,       3.672324,      -5.576726,       1.866695,      -151.4884,       5.040189,      -5.171582
        52.3125,       1.126661,       -129.617,       3.341289,      -15.05747,       1.993447,      -151.6484,       4.808373,      -8.782911
         52.375,       1.033006,      -133.1777,       3.664427,      -6.196413,       1.829513,      -137.0679,       5.587231,      -2.448964
        52.4375,       1.350416,      -163.6732,        3.93559,      -4.805862,       1.805288,      -150.0853,       5.469905,       -5.47629
           52.5,       1.201293,      -117.9124,       4.045154,      -14.97483,        2.22694,      -138.8736,       5.201046,      -11.85041
        52.5625,       1.654675,       -131.103,       3.003398,      -9.936754,       1.660108,      -159.0849,       4.929309,      -4.405759
         52.625,       1.179324,      -129.0809,       4.302471,      -4.795927,        1.86474,      -124.7946,       5.436236,      -5.170536
        52.6875,       1.530433,       -134.909,       3.842226,      -19.89267,       2.619862,      -152.3915,       5.422578,      -8.546696
          52.75,      0.9823012,      -114.0624,       3.842659,      -10.31814,       1.747521,      -123.4499,       6.332921,      -9.658587
        52.8125,       1.023025,      -152.2751,       3.466846,       -6.95321,         2.2238,      -146.9394,       4.075402,       -8.63326
         52.875,       1.264539,      -135.1141,       3.726844,      -15.80151,       2.340818,      -137.5301,       4.924146,      -2.757186
        52.9375,       2.028211,      -129.7654,       3.894182,      -14.29532,        2.23791,      -134.9531,       5.960281,      -15.59496
             53,       1.373818,      -121.3967,       3.878494,      -12.93245,       1.440777,      -150.5872,       5.252639,       -4.56461
        53.0625,       1.046929,      -148.5412,       3.010225,     -0.2158801,       1.768838,      -153.2531,       4.642904,      -1.796072
         53.125,       2.317255,      -125.0713,       4.008008,       -29.7239,       2.835751,      -130.5193,       5.051332,      -23.66062
        53.1875,       1.793979,      -168.2178,       3.897544,      -3.198941,       1.313682,      -151.6304,       5.617892,       5.341873
          53.25,      0.6868249,      -146.3161,       3.982171,      -10.87976,       2.111009,      -140.0413,       6.055587,      -16.55025
        53.3125,      0.9088568,      -144.4781,       3.158554,      0.4492495,       1.928094,      -171.1095,       4.275698,       7.218863
         53.375,       0.998877,      -149.5498,       3.984511,      -9.042712,       2.095887,       -125.873,       5.455564,      -3.713316
        53.4375,       2.039861,      -77.08663,       4.620123,      -15.17401,       2.382463,      -132.2586,       6.352986,      -12.78074
           53.5,      0.9752652,       178.7021,       3.028012,      0.6248072,       1.664708,      -168.0315,       4.988556,       4.536071
        53.5625,       2.097154,      -55.78363,       4.500907,      -13.02347,       1.979986,      -124.1592,       5.574279,       -12.6423
         53.625,       2.395216,      -120.9704,        3.36487,      -4.193588,       2.547648,      -139.6504,        4.96769,      -7.780403
        53.6875,       2.144044,      -95.64596,       4.832395,      -12.73017,       1.417834,      -157.3415,       5.947875,       -3.22849
          53.75,       2.303879,      -120.3699,         3.6391,      -11.47156,       2.170077,      -131.9073,       5.413052,       -12.5597
        53.8125,       2.150122,      -129.1146,       4.024678,      -8.755517,       1.635581,      -147.2855,       4.262545,      -5.579059
         53.875,       2.658913,      -124.0237,       3.591419,      -15.15011,       2.929505,      -132.7007,       5.162675,      -9.837109
        53.9375,       1.908292,      -165.3349,       4.469655,       -10.7283,       1.603737,      -156.3556,       6.011429,      -6.320123
             54,       2.362905,      -141.3964,       3.730663,       -17.9523,       1.469419,      -144.7731,       4.833333,      -12.42113
        54.0625,       1.299095,      -172.9056,       3.450173,      -4.311172,       2.221766,      -146.2369,         4.9952,      -2.423682
         54.125,       1.038593,      -123.3549,       3.626021,      -6.487282,       2.349335,      -146.2321,       5.370144,       -1.70545
        54.1875,       1.014732,      -144.5268,       4.815224,      -7.404228,       1.315171,      -131.7957,       5.842981,      -6.869019
          54.25,       1.302622,      -107.5512,       3.553697,       -15.5441,       1.533104,      -146.4635,       5.433463,      -14.34893
        54.3125,       2.116498,      -119.9972,        3.53933,      -8.137714,       2.604878,      -139.4649,       5.314138,       1.740912
         54.375,       1.962721,      -111.5072,       4.877514,       -4.44171,       1.266448,      -131.7011,       5.449813,      -9.720929
        54.4375,       1.843804,      -138.2325,        4.19532,      -13.58043,       2.052575,      -142.0487,       6.085744,      -10.04757
           54.5,       2.238762,      -131.6928,       4.881304,      -7.525378,       1.577932,      -134.1368,       5.862195,        1.42107
        54.5625,       1.745961,      -148.2035,       3.466555,      -15.47213,       1.694353,      -123.3614,       5.029741,      -16.99849
         54.625,       1.926036,       -144.448,       4.068028,      -10.48673,       2.322162,      -155.7196,        4.68046,       -3.48214
        54.6875,       2.007842,      -144.3813,       4.766867,      -16.88008,       1.912071,      -120.1068,       6.208263,      -6.773682
          54.75,       1.310467,      -158.6731,       3.625659,      -10.68713,       1.906101,      -174.6272,       5.076719,      -11.63594
        54.8125,       1.007251,      -128.9889,       3.510278,      -5.354352,       1.652339,      -134.4839,       4.855091,       -1.17852
         54.875,       1.587473,      -140.2828,       4.113753,      -16.14288,       2.533402,      -133.2216,       5.160177,      -8.705537
        54.9375,       1.694419,      -144.8503,        4.02425,      -4.645592,        1.91453,      -160.3412,       5.788635,      -6.927231
             55,      0.8571568,      -130.0286,       4.394658,      -14.23527,       1.605457,      -138.6407,       5.732763,       -6.58194
        55.0625,       1.593661,      -155.8352,       3.718691,      -4.144539,       1.750649,      -142.3613,       4.993815,      -1.606685
         55.125,       1.575114,      -139.5469,       4.300884,      -10.29374,       2.031579,      -122.2844,       5.201667,      -6.600982
        55.1875,      0.7375755,      -154.6772,       4.511642,       -10.4717,       1.556803,      -160.5158,       6.457899,      -5.868868
          55.25,       1.268582,      -172.3121,       3.777616,      -9.867801,       2.223701,      -130.8441,       4.946208,      -12.89271
        55.3125,      0.8921573,      -106.9033,       4.277031,      -6.662918,        1.32619,      -130.7422,       5.567202,      -0.834603
         55.375,       1.325549,      -173.5669,       4.153302,      -12.15219,       2.129089,      -147.7584,       5.185625,      -13.70139
        55.4375,      0.6860667,      -56.52318,       4.376994,      -13.30279,       1.296139,      -133.1924,       5.957265,       -2.72173
           55.5,       1.714047,      -124.4091,       4.082339,     -0.5248953,       1.669383,      -140.1935,       5.494562,      -8.741893
        55.5625,      0.6847811,       -108.618,       4.403954,      -18.77298,       2.098981,      -134.1647,       5.571387,      -8.539189
         55.625,       1.227468,      -124.1954,        4.41169,     -0.1555646,       1.674344,      -159.4796,       4.929274,      -1.764178
        55.6875,       1.177236,      -128.4753,       3.881449,      -15.56538,       1.769856,      -120.8276,       6.088054,      -5.079087
          55.75,       1.505647,      -120.6567,       4.894029,      -8.788515,        2.38123,      -155.8539,        5.61949,      -8.501156
        55.8125,      0.4933277,      -174.1481,       3.477195,      -4.761339,       1.130131,       -97.7994,       5.134324,      -6.383463
         55.875,       1.645714,      -126.5371,       4.688319,      -14.31737,        3.04082,      -147.2868,       5.722627,      -3.657396
        55.9375,      0.1542864,      -8.314769,       4.451705,      -3.760846,       1.000246,       -137.356,       5.691806,      -8.911092
             56,       1.318812,      -101.0689,       3.948199,       -11.6025,        2.23648,      -143.5603,       4.796424,      -1.896044
        56.0625,       1.000815,      -83.69915,       4.426094,      -2.673977,       1.235477,      -108.8893,       6.245559,      -8.353637
         56.125,        1.31996,       -96.5015,       5.264031,      -13.17356,       2.457181,      -159.2774,       4.957335,      -1.592671
        56.1875,       1.368745,      -121.7186,       3.429421,       -16.6958,       1.567954,      -122.6055,       6.050219,      -9.796204
          56.25,       1.120404,      -82.20279,       4.445843,       -2.09637,       1.532844,      -148.2582,       5.646471,      -7.591747
        56.3125,        2.22535,      -110.6936,       3.901106,      -10.70853,       1.382795,      -130.2327,       4.568705,      -11.27899
         56.375,      0.9373888,      -93.14383,       5.084681,       -4.37259,       1.969625,      -143.4499,       6.452234,      -3.203002
        56.4375,       1.845793,      -133.7535,       4.454066,      -15.29133,       1.536128,      -139.0299,       5.392321,      -11.07632
           56.5,       1.678378,      -101.0554,       4.371728,      -6.204623,       1.500898,      -130.3047,       5.181671,      -6.398277
        56.5625,      0.9929918,      -119.9729,       4.119199,      -11.13068,       1.601932,      -131.9678,       5.462421,      -12.06157
         56.625,       1.811584,      -117.0941,         4.6082,      -10.71437,        2.11375,       -128.881,       5.350558,    -0.04313813
        56.6875,       1.780941,      -113.1987,       4.293212,      -5.336321,       1.106911,      -135.5034,       6.016561,      -6.069649
          56.75,       1.242788,       -125.769,        4.44758,      -9.624589,        1.64509,      -137.9476,       5.163531,      -6.178437
        56.8125,       1.821499,      -113.9533,       4.281116,      -8.272278,       1.735514,      -129.7569,       5.490606,      -10.12818
         56.875,       1.913554,      -125.3408,       4.894902,      -4.509407,       1.529239,      -149.4457,       5.792689,       2.324789
        56.9375,      0.8297514,      -134.3513,       3.804983,      -15.40427,       1.426367,      -130.1304,       5.380228,      -12.71695
             57,       1.749239,      -130.5569,       4.754775,      -3.082117,       1.749606,      -134.1091,       5.190032,      -3.974352
        57.0625,       1.507531,      -121.1261,       4.571124,       -11.4444,       1.223497,      -142.1562,       5.988482,     -0.4606676
         57.125,       1.507609,       -123.582,       4.766707,      -7.616131,       2.000776,      -130.3088,       5.623073,      -5.974768
        57.1875,       1.367579,      -139.5471,        4.24961,      -10.46179,       1.423641,      -129.0545,       6.332462,      -10.06071
          57.25,       1.054192,      -97.85652,       4.500742,       -7.96346,       1.881594,      -146.5537,       4.544968,      -7.708086
        57.3125,       1.779883,      -119.0713,        4.45823,      -11.84284,       1.652121,      -126.4322,       6.245663,      -5.691151
         57.375,       1.588205,       -120.877,       5.359498,      -12.70081,       1.326026,      -109.1779,       6.045938,      -12.68168
        57.4375,       1.970342,      -136.0506,       3.778964,      -4.538827,       1.911928,      -142.2145,       5.363955,      -1.447404
           57.5,       1.672237,      -137.2032,       4.500336,      -8.148964,       1.380419,      -120.2869,       5.221205,      -8.091901
        57.5625,       1.321578,       -144.056,       4.730625,      -9.066655,       1.451064,      -130.0592,       5.272949,       -12.9055
         57.625,       1.809983,      -139.8252,       4.797994,      -14.78561,       1.541957,      -116.1995,       6.505225,       1.094546
        57.6875,       1.382142,       -149.938,       4.491819,      -10.79802,       1.639872,      -151.1905,       4.939734,      -14.35352
          57.75,       1.197379,      -153.8261,       3.763851,      -2.507007,       1.493462,       -146.144,       5.523226,      -2.870688
        57.8125,      0.8684874,      -127.2486,       5.067272,      -1.887155,       1.323098,      -113.8704,       4.854068,      0.1257173
         57.875,       1.393018,      -151.3068,       5.352635,      -20.05864,       1.871951,      -130.5113,       6.724984,      -9.402503
        57.9375,       1.328837,      -127.3617,        4.02273,       1.523055,        1.41115,      -165.8544,       5.019519,      -1.032844
             58,        1.11915,      -151.0069,       4.435748,      -12.94666,       1.624732,      -116.7369,       5.314672,      -5.282351
        58.0625,      0.9122081,      -135.2045,       4.717441,      -3.783113,       1.526145,      -152.7216,       6.056288,      -6.866943
         58.125,       1.445629,      -155.8387,       4.925897,      -8.290649,       1.265068,      -115.0102,       5.515044,      -6.152043
        58.1875,       1.203463,      -167.8125,       4.576693,      -7.715171,       1.534346,      -136.2551,       5.732898,      -6.042385
          58.25,      0.8253033,       173.3252,       4.703341,      -15.72662,       1.313826,      -117.5844,       5.403637,      -10.49055
        58.3125,      0.5874934,      -159.0158,       4.341197,      -4.367337,       1.867615,      -118.1271,        5.17451,       -11.0127
         58.375,      0.6758407,       167.9379,       5.082128,      -11.50247,       1.579278,        -129.93,       6.156064,      -3.626402
        58.4375,      0.5204759,      -158.3676,       4.510268,      -11.50287,       1.349214,      -138.0547,       5.339868,      -13.74606
           58.5,      0.1699983,      -174.2116,       4.326095,      -8.746519,       1.081857,       -146.851,       5.364762,      -1.182486
        58.5625,     0.09717268,      -8.632469,       4.580106,       -9.45503,       1.883772,      -115.2188,       5.274774,      -8.998188
         58.625,      0.3814796,      -62.22275,       5.132173,      -1.494357,       1.701543,      -147.8161,       6.635948,      -0.415453
        58.6875,      0.4047535,      -137.5145,       4.926076,      -11.78085,      0.5298723,      -144.9694,       5.720808,      -2.701675
          58.75,       1.095503,      -113.9234,       3.491279,      -5.246745,       1.891833,      -127.3777,       4.806986,      -10.93269
        58.8125,      0.2743812,       92.74631,        5.23189,      -3.338535,      0.9333234,      -133.4394,       5.986412,      -1.227303
         58.875,      0.3643947,      -45.00611,       5.104571,      -7.666325,        2.12025,      -126.9866,       6.309394,      -3.613027
        58.9375,      0.7357197,      -72.53793,       4.991897,      -2.881311,      0.8480353,      -93.42399,       6.075693,       -12.6365
             59,      0.6751021,      -67.45522,       4.468977,      -12.98037,       1.381816,      -145.0469,       4.343554,      -4.530224
        59.0625,      0.6928747,      -85.43451,       4.827711,      -9.116234,        2.01819,       -129.599,       5.748326,      -6.891901
         59.125,      0.8666928,      -43.30707,       4.496974,      -1.962474,      0.9362798,      -144.2978,       5.847053,      -3.784233
        59.1875,        1.43706,      -81.72649,       5.423112,       -13.7099,       1.539717,      -95.10568,       5.894965,      -9.751979
          59.25,       0.566538,      -125.9378,       4.507896,      -10.53435,       1.546385,      -154.7728,       4.973302,      -15.24691
        59.3125,       1.311568,      -69.97296,        4.49756,      -8.167508,       1.613047,      -123.0969,       5.080428,      -2.157029
         59.375,      0.9330844,      -67.30057,        5.62648,       -3.19435,       1.705188,      -101.6573,       6.546308,       -2.27978
        59.4375,      0.4789381,      -87.71748,       5.063642,      -14.01729,       1.290417,      -147.1873,       5.552226,      -12.78557
           59.5,      0.6486757,      -43.36211,       4.558309,       -7.36328,       1.361724,      -142.7824,       5.163101,       1.228316
        59.5625,      0.7071436,      -33.51955,       4.263772,      -5.416262,       1.847981,      -111.7592,       5.366711,      -8.451239
         59.625,       1.895354,      -70.29004,       5.930836,      -6.771079,      0.9114717,      -111.8928,       6.531573,      -2.225012
        59.6875,       1.334509,      -67.20583,       4.998122,       -11.1278,       1.491597,      -144.3093,       6.111028,      -9.662729
          59.75,       1.614252,      -67.98816,       4.712604,       -7.03308,      0.9987186,      -107.8096,       5.361351,      -2.587909
        59.8125,       1.837855,      -83.93247,       4.339709,      -10.22837,       1.023962,      -120.8835,       4.985791,      -5.842406
         59.875,       1.948724,      -81.33458,       5.676825,      -7.986037,       2.058725,      -119.8183,       7.083676,      -7.238227
        59.9375,       2.183427,      -99.54906,        4.95159,      -9.974574,      0.7143651,      -113.5502,       5.341995,      -5.377338
             60,       1.691193,      -121.3013,       4.547585,       -5.28378,       1.405133,      -149.0681,        5.58114,      -10.06524
        60.0625,       1.802307,      -110.0701,       4.914638,      -10.79109,       1.349849,      -112.0267,       4.803383,      -1.311183
         60.125,       1.015119,      -114.8919,       4.752466,      -8.789296,       1.353171,      -124.7411,        6.38229,      -9.467625
        60.1875,       1.681649,      -108.6387,       6.020443,      -10.70481,       1.452627,      -140.9251,       6.138945,       -6.27773
          60.25,       1.257955,      -91.71715,       4.020867,      -5.842385,      0.9060528,      -121.0325,       5.214857,      -4.633057
        60.3125,       1.175542,      -89.55155,       4.954899,      -6.892034,        1.73393,      -109.2998,       5.403234,      -5.988269
         60.375,       2.249348,      -115.3103,       5.568111,      -8.193936,       1.938278,      -124.2341,       6.153131,      -9.880032
        60.4375,       1.334798,      -128.8135,       5.347446,      -6.032471,      0.2560888,      -134.2173,       5.939246,      -1.526755
           60.5,       1.652788,      -117.4336,       4.448641,      -13.14038,       1.411827,      -113.3063,       5.413822,      -11.68573
        60.5625,       1.172968,       -132.046,       4.595445,      -2.312465,       1.702734,      -111.8764,       4.617625,      -3.515175
         60.625,       1.495088,      -126.9089,         5.8371,      -8.874396,       1.393981,      -138.9547,       6.245692,      -1.136411
        60.6875,        1.31176,      -164.9491,       5.074715,      -12.02133,      0.5243986,      -66.07048,       6.275653,      -8.084079
          60.75,       0.760644,      -162.7198,       5.155489,      -5.817002,       1.950011,      -125.4591,       5.457378,      -7.310297
        60.8125,      0.5550307,      -166.6074,       4.389851,      -9.051212,      0.4723431,       -135.636,       4.993009,       1.016651
         60.875,      0.7151203,      -83.20267,       5.625428,      -3.732921,       1.726871,      -105.7726,       6.986319,      -6.675001
        60.9375,      0.7618235,      -140.4902,       5.801993,      -10.89025,       1.043597,      -136.4308,       6.501544,      -8.510374
             61,      0.9315624,      -129.6261,       4.837944,      -10.00956,       1.296493,      -120.9922,       5.245663,      -9.200173
        61.0625,      0.6866617,      -83.36078,       3.894726,      -5.461723,       1.349531,      -124.9916,       4.778837,      -5.549228
         61.125,       1.318772,      -137.6238,        6.27948,      -8.654081,        1.20603,      -100.1553,       6.640257,      -6.388111
        61.1875,       1.083849,      -176.3842,       5.332804,      -7.771234,       1.490254,      -118.0641,       6.175072,       -9.03872
          61.25,      0.7426704,       174.4195,        4.53842,      -3.204442,      0.9659625,      -126.0104,       4.888375,      -6.343752
        61.3125,       1.033077,       132.1266,        4.85313,      -9.767806,       1.490193,      -114.2319,       5.211163,      -3.756734
         61.375,      0.5626799,       25.05713,       5.907416,      -10.39301,       1.282975,      -104.9774,       6.100486,      -10.14695
        61.4375,      0.5555929,       75.58144,       5.529546,     -0.2052611,        1.01801,      -125.3646,         6.3794,       2.369803
           61.5,       1.552529,        14.2873,       5.144326,      -12.21651,       1.347371,      -115.0006,       5.400115,      -11.51709
        61.5625,      0.6806574,      -74.61333,       4.541704,      -9.755094,       1.035994,      -111.0579,       4.671906,      -3.377792
         61.625,       1.772133,       9.103708,       5.785664,     -0.9337069,       1.315797,      -128.2237,       6.677763,      0.9845457
        61.6875,       1.415044,      -62.96255,       5.688652,      -7.987078,       1.657278,      -98.43528,       6.180963,      -11.25751
          61.75,      0.9736083,      -59.71143,       5.218843,      -8.624906,      0.7442484,      -125.3465,       5.689809,     -0.3600179
        61.8125,      0.8318311,      -68.38341,       4.625375,      -9.214644,       1.700171,      -119.2744,       5.608806,      -7.514759
         61.875,      0.8640505,      -74.07021,       6.031845,      -9.822903,       1.164008,      -100.6785,       5.952428,      -8.438491
        61.9375,      0.3750632,      -165.3483,       5.287156,      -7.473189,       1.219711,      -128.3316,       6.299839,      -9.792569
             62,      0.7502867,      -13.85443,       5.314772,      -8.095188,       1.254143,      -99.55984,       5.727247,      -4.683825
        62.0625,      0.7385615,      -20.08253,       4.761636,       -7.87148,       1.141599,      -109.8261,       4.847327,      -7.485321
         62.125,      0.5210319,      -4.744254,       5.356515,      -10.33946,       1.333744,      -111.3972,       6.281923,      -8.375027
        62.1875,       1.903668,      -27.09496,       5.718212,      -5.577307,      0.8135085,      -101.4617,       5.650016,      -6.541344
          62.25,       1.316029,      -25.59852,       5.068114,      -3.056329,       1.412647,      -138.7751,       5.388747,      -2.569616
        62.3125,       1.902511,      -40.93325,       5.348163,      -7.773751,       1.213225,      -86.93478,       5.385157,      -4.298376
         62.375,       1.816804,       -59.5658,       6.131981,      -9.894176,       1.310687,      -99.28819,       6.692333,      -3.466521
        62.4375,       1.567215,      -51.66069,       5.182193,      -6.342604,       1.120346,       -140.851,       5.836935,      -4.012706
           62.5,        1.92084,      -62.05383,       5.550888,      -5.075336,      0.8294889,      -125.9431,        6.09018,      -5.449233
        62.5625,       1.268198,      -45.58166,       5.200362,      -8.173341,       1.634853,      -94.94522,       5.724714,      -4.529941
         62.625,       2.022079,      -74.17632,       6.008341,       -1.31781,       1.283613,      -125.9417,       6.225757,      -5.422104
        62.6875,        1.44846,      -81.45996,       5.896344,      -13.97266,      0.7600732,      -87.21924,       6.224199,      -9.646076
          62.75,       1.360123,      -58.43793,         4.9951,      -1.940496,        1.22293,      -130.4064,       5.168801,      -9.810841
        62.8125,       1.514359,       -78.4033,       5.330549,       -11.2187,       1.493931,      -82.38472,       5.650913,        1.19843
         62.875,       2.200585,      -79.16602,       5.813077,      -5.644382,       1.151408,      -125.4017,       6.140197,      -7.145335
        62.9375,       1.187363,      -101.7337,       5.968411,      -11.38714,       1.095016,      -63.23033,       5.879015,      -13.46236
             63,       1.685141,      -77.36802,       4.956877,      -8.931735,       1.657214,      -136.6006,       5.320495,      -4.579694
        63.0625,       1.495247,      -108.6124,       5.440066,      -2.379926,       1.067008,      -73.71915,       6.537819,      -3.769278
         63.125,      0.5336944,       -94.1403,       6.225015,      -11.79892,       1.259697,      -109.4764,       5.491068,      -6.984419
        63.1875,       1.683429,      -86.34956,       5.860919,      -6.204466,      0.9697021,       -110.595,       6.416868,      -1.625042
          63.25,      0.5120825,      -63.41715,       4.815825,       -4.26521,       1.070933,      -124.8342,       5.599473,      -8.950232
        63.3125,       1.325688,      -86.39159,       5.828572,      -10.70928,       1.415076,      -95.36847,       5.981774,      -1.552431
         63.375,       1.299539,      -68.99299,       5.934254,       1.120781,       0.819932,      -83.46437,        6.68959,      -3.810547
        63.4375,       1.543887,      -66.53349,       5.675711,      -10.48904,       1.041126,       -155.159,       5.296904,      -11.27366
           63.5,       1.056903,      -80.88512,       5.140758,      -6.645702,        1.51702,      -80.00167,       5.633342,     -0.7216855
        63.5625,       1.879009,      -100.5724,        5.56465,      -1.849441,      0.6132053,      -128.8201,       5.498942,      -4.248418
         63.625,      0.5083143,       -127.223,       6.340788,      -10.83633,        1.77369,      -77.73781,       6.868124,      -9.086629
        63.6875,       1.080283,      -114.7711,       5.114961,      -5.420635,       1.177243,      -129.6273,       5.217134,      -2.471876
          63.75,      0.3852658,      -110.3149,       5.012841,      -7.364948,       1.058619,      -101.2346,       5.825418,      -12.31199
        63.8125,      0.6515123,      -44.87788,       6.014043,      -4.613088,       1.253689,      -109.4516,       5.554697,      0.8546839
         63.875,      0.3873391,      -142.5503,       6.516962,      -8.487005,        1.20743,      -77.84989,       6.878156,      -13.80724
        63.9375,       0.777762,       -2.52041,       5.596579,      -11.71646,       1.008496,      -102.1488,       5.325613,      -6.705257
             64,       1.399533,      -59.67475,       4.797964,      -6.451602,        1.23165,      -124.1641,       4.961708,      -1.421988
        64.0625,      0.9564885,      -50.22886,       6.103889,       -5.35641,       1.049636,      -57.30244,       6.594695,      -2.705964
         64.125,      0.5614061,      -48.81053,       7.034592,      -9.227682,       1.458456,      -89.44994,       7.505705,      -12.33429
        64.1875,       1.401078,      -72.50246,       4.792172,      -9.150609,      0.9856881,      -97.55829,       5.115756,      -8.873476
          64.25,       1.118273,      -83.93405,       5.485219,      -3.810566,      0.8506623,      -115.9271,       4.691282,       1.119423
        64.3125,      0.1355981,      -104.9242,       6.572913,      -1.386263,       1.755741,      -60.41225,       7.407016,      -6.722638
         64.375,       1.193241,      -80.29079,       6.252292,      -15.88451,       1.486248,      -110.7973,       5.446331,       2.425275
        64.4375,      0.2300885,       129.9316,       5.313164,      -5.889181,      0.9644182,      -126.8001,       5.979151,      -13.35599
           64.5,      0.5482485,       35.46782,       5.276878,      -4.329824,       1.196866,      -80.95113,       5.445869,       1.087853
        64.5625,       1.308965,      -22.31008,       6.008881,      -4.037846,      0.9157045,      -134.8703,        5.77301,       1.222512
         64.625,       1.178533,      -1.269712,       6.699263,      -10.00821,       1.366861,      -89.51366,       7.486762,      -13.32221
        64.6875,       1.190448,      -11.47851,       5.407588,      -10.46765,      0.4780256,      -99.32053,       4.686232,      -7.563591
          64.75,       1.360613,       -32.4524,       4.818933,      -5.881154,        1.20023,       -114.743,       5.074071,      -1.589577
        64.8125,       1.359553,      -28.61105,       6.152271,      -6.633389,       1.464177,      -91.73631,       6.806465,      -7.690995
         64.875,       1.627513,      -45.59602,        6.20483,      -9.943042,      0.6872745,      -83.33955,       6.307894,      -7.824475
        64.9375,      0.9315168,      -29.35378,       5.747983,      -6.725129,       1.173499,      -76.33213,        5.55457,      -6.627141
             65,      0.9594465,      -47.08805,       5.031134,      -4.304967,       1.341291,      -98.80118,       5.099272,      -8.770792
        65.0625,       1.391963,      -30.19191,       6.365916,      -8.036858,       1.005364,        -104.22,       5.709382,      -12.28746
         65.125,       1.764568,      -31.93224,       6.887577,      -9.664307,       1.604556,       -37.8392,        7.24164,       3.149675
        65.1875,      0.8950391,      -32.53273,       5.314773,      -5.205029,       1.324669,      -110.2592,       5.040492,      -9.292706
          65.25,       1.713785,      -37.82689,       4.854745,       -8.96868,      0.8384602,      -96.43102,       5.051525,       3.533415
        65.3125,        1.66692,      -29.67149,       6.830078,     -0.6282362,       1.466012,       -89.7475,         7.6149,      -5.590609
         65.375,       1.879239,      -38.39575,       7.192169,      -10.32602,      0.5887457,      -86.80806,       6.242537,       -8.57278
        65.4375,       1.822209,      -53.94837,        4.71505,      -6.066691,      0.9851295,      -102.4074,       5.519003,      -3.124093
           65.5,       1.496492,      -51.78451,       5.998999,      -5.164561,       1.020205,      -106.6236,       5.233829,      -1.665038
        65.5625,       2.065996,      -43.05859,       6.140406,      -8.796275,       1.145635,      -66.36671,       6.844839,      -3.451502
         65.625,       1.738903,      -72.77567,       7.098944,      -3.657456,        1.11209,      -82.76231,       6.830397,      -11.76308
        65.6875,       1.406767,      -48.08704,       5.162154,      -13.90747,      0.9428945,       -100.275,       5.019845,      -5.216368
          65.75,       1.959251,      -57.29012,       4.818078,       -3.41566,       1.082904,      -93.76859,       4.837739,      -7.445457
        65.8125,       1.134715,      -91.02477,       7.294086,       -1.70163,      0.9323001,       -65.2606,       7.264875,     -0.7772942
         65.875,       1.545837,      -56.11018,       7.139212,      -17.72748,       1.762058,      -70.46394,       6.671513,      -11.21257
        65.9375,       1.505809,      -75.32296,       4.836098,      -4.530156,      0.7395808,      -121.2254,       5.049743,      -5.001885
             66,       1.219359,      -42.86237,       5.872828,      -3.728746,       1.110191,      -97.46404,       5.653597,      -8.041647
        66.0625,       1.805226,      -79.92875,       6.334854,      -10.29335,       1.075526,      -62.71078,       6.178137,      -3.143394
         66.125,       0.931742,      -72.43576,       6.700507,      -2.747561,       1.199821,      -92.87984,       6.287841,      -3.772704
        66.1875,      0.8707708,      -70.97423,       5.350338,      -11.97928,      0.3437153,      -99.73363,       5.551876,      -9.345826
          66.25,       1.271541,      -51.27038,       5.203563,      0.4810231,       1.452487,      -74.59972,       4.730388,     -0.3514617
        66.3125,      0.9120643,      -80.01136,       7.171531,       -7.24093,      0.9596489,      -58.66209,       6.861417,      -6.645627
         66.375,       1.349527,      -50.10578,       6.455531,      -8.032273,       1.276462,      -75.12395,       6.274274,      -6.228436
        66.4375,      0.5905122,      -66.93742,         5.3695,      -4.945139,      0.8852938,      -63.87206,       5.527412,      -6.071533
           66.5,       1.158719,      -53.44971,       5.925244,       -6.00948,       1.579548,      -90.46989,       5.052041,      -5.045569
        66.5625,      0.7833596,      -72.01267,       6.527204,      -3.829248,       1.323221,      -79.96164,       7.128154,       2.110129
         66.625,       1.011922,       -56.5253,       7.276019,      -11.45515,       1.064802,      -63.09328,       6.152312,      -13.69563
        66.6875,      0.7494401,      -32.19035,       5.392962,      -13.89085,      0.8349891,      -87.71245,       5.587952,      -7.672537
          66.75,      0.8606023,      -63.67226,       5.746025,     -0.9830608,       1.253909,      -83.27586,       5.611808,      -1.943996
        66.8125,      0.4111615,       106.2192,       6.623161,      -10.28736,       1.352829,      -84.62012,       6.503025,      -3.935966
         66.875,       1.587631,      -16.65628,       7.178087,      -2.666237,      0.9966365,      -60.03129,       7.170819,      -8.618216
        66.9375,       1.091968,       22.69611,       5.499405,      -10.70641,      0.7992399,       -114.075,        5.24984,      -2.044979
             67,       1.441835,       -21.5516,       6.162145,      -2.449138,       0.910569,      -57.28428,        5.77112,      -9.204362
        67.0625,       1.455274,      -26.72881,       6.868682,      -5.433733,       1.742243,      -66.11395,       6.402153,      -5.660335
         67.125,       1.728278,         12.758,       7.268517,       -9.00385,      0.7236856,      -92.06326,       6.807175,      -6.419274
        67.1875,       1.538103,      -33.07317,       5.526731,      -10.00542,       1.281291,      -58.54429,       5.312012,      -7.470133
          67.25,       1.753557,      -25.29907,       5.856075,       -3.06561,       1.318686,      -91.05784,       5.251959,      -4.819269
        67.3125,       1.446326,      -23.58553,       6.558817,     -0.4987019,        1.39244,      -49.33537,       6.506603,     -0.2424064
         67.375,       1.705313,       -32.2474,        7.85036,      -11.34776,       1.967877,      -80.39496,       6.437322,      -12.31272
        67.4375,       1.200994,      -17.39517,       5.866678,      -10.43716,      0.8752259,      -85.46444,       6.370309,      -1.253093
           67.5,       1.559236,       -21.7909,       5.441892,      -1.515724,       1.036745,      -103.6093,       4.544481,      -7.402617
        67.5625,       1.809501,      -1.387069,       7.161685,      -11.05927,       1.366475,      -60.45579,       7.147594,      -1.978636
         67.625,       2.231563,      -17.63528,       7.125963,      -8.227743,       1.101555,      -71.99332,       6.933331,      -9.292031
        67.6875,       2.679418,      -24.06592,       5.639168,      -7.361512,      0.4729761,      -83.31689,       5.634174,      -7.252985
          67.75,       1.843187,      -33.91906,       5.913719,      -3.491781,       1.603784,      -63.68501,       6.151031,       -1.72495
        67.8125,       2.757389,      -34.98395,       7.031335,      -4.508679,       1.193681,      -61.91603,        6.21004,      -4.116593
         67.875,       2.148106,      -35.39412,       7.470292,      -7.304058,      0.8495101,      -66.58092,       6.660505,      -12.62049
        67.9375,       2.488867,      -43.24998,       6.408696,      -7.143596,       1.318669,      -45.81181,       6.026477,      -5.502697
             68,       2.374373,      -44.86416,       5.696104,      -5.446286,       1.300445,       -101.119,       5.286633,      -1.330284
        68.0625,       2.080616,      -48.45373,       7.319025,      -5.373117,       1.866821,      -53.17122,       5.913095,      -8.131774
         68.125,       2.722245,      -52.33448,       7.121371,      -11.56862,       1.119019,      -44.07143,       6.767863,       -6.89538
        68.1875,       1.460758,       -74.9588,       6.112235,      -7.651881,       1.669654,      -103.4964,       6.108628,      -3.830209
          68.25,       2.040072,      -51.64078,       6.476134,      -2.536639,      0.8111882,      -43.67834,       5.449198,      -3.102781
        68.3125,        2.12872,      -53.61603,       6.820348,      -11.18028,       1.880416,      -69.53153,        6.80938,      -6.468056
         68.375,       1.854937,      -57.67877,       6.848452,      -3.743964,       1.081108,      -75.61967,       6.893534,      -6.344985
        68.4375,        1.65253,      -64.57159,       6.896873,      -11.86616,      0.7362277,      -103.0861,       5.978444,      -4.954909
           68.5,       2.105951,      -58.36914,       5.852227,      -3.305476,       1.089552,      -26.36388,       5.658039,      -8.919991
        68.5625,      0.6456987,      -63.78851,       7.215468,      -7.311228,       1.971567,      -68.23451,        7.11551,      -3.795249
         68.625,       2.026963,      -41.52869,       7.172465,      -4.784627,       1.060869,      -63.77287,       6.365418,      -4.847667
        68.6875,       1.275754,      -72.95126,       6.745997,      -6.086428,      0.9985511,      -60.40233,       6.030561,      -8.027897
          68.75,        1.87297,      -20.98153,       5.625695,      -7.241714,       1.276131,      -45.30903,       5.417128,       1.318021
        68.8125,       1.641875,      -52.82753,       8.385589,      -3.164266,       1.902727,      -65.63589,       7.400032,      -6.534774
         68.875,       1.962799,      -40.48309,       6.730681,      -7.044646,        1.28651,       -74.6467,       6.352202,      -3.014362
        68.9375,       1.743954,      -68.86356,       6.466623,      -11.08986,       1.083703,      -63.59343,       6.108639,       -6.58433
             69,       2.128051,      -29.66144,       6.726696,       1.324992,       1.048143,      -77.70087,       5.719138,      -3.661872
        69.0625,       1.703466,      -90.24475,       7.457922,      -9.858733,       1.448184,      -60.69607,       6.724305,      -6.217189
         69.125,       2.156509,      -47.67223,       7.039687,      -9.315061,       1.859332,      -71.86235,       6.685369,      -7.928923
        69.1875,      0.8505231,      -69.52087,        6.47899,      -2.320005,      0.5112032,      -60.73052,       5.468415,      -3.331114
          69.25,       1.362632,      -82.00287,       6.617408,      -10.98188,        1.53904,      -64.83313,       6.170931,      -7.327537
        69.3125,      0.6528546,      -47.49817,       7.088661,      -2.463846,       1.279189,      -81.39848,       6.571704,      -1.890263
         69.375,        1.30492,      -32.39238,       7.430634,      -11.19197,       1.522418,      -30.21006,       6.893839,      -9.985497
        69.4375,      0.4925944,       1.533713,       6.335479,      -4.656132,       1.753159,      -74.32059,       5.728011,      -5.557288
           69.5,       1.966325,      -13.18355,       6.867987,      -4.170652,       0.626077,      -71.93915,       6.417504,       1.175384
        69.5625,       1.482776,      -25.76059,       7.108846,      -6.612394,       1.716707,      -65.35165,       6.378014,      -7.134926
         69.625,       2.213545,       -33.6411,       7.575802,      -7.494018,       1.026731,      -39.37925,       7.612686,      -9.640929
        69.6875,       1.248041,      -13.29928,       6.835762,      -4.638325,       1.409147,      -68.35105,        5.67818,      -6.993523
          69.75,       2.409329,      -31.32663,        6.88123,      -5.324245,       1.359454,      -52.12205,       6.395954,     -0.9450075
        69.8125,       1.117474,      -56.83786,       8.047335,      -6.590751,         1.3528,      -50.10451,       7.110203,      -7.134759
         69.875,       1.950084,      -43.19621,        7.09471,      -3.286217,        1.19094,      -62.37643,       6.276256,      -4.575294
        69.9375,      0.9671714,      -8.582229,       6.383322,      -13.23285,       1.579659,      -53.54418,       6.086851,      -10.08379
             70,       1.533208,      -50.09573,        7.83827,      -2.116788,       1.483851,       -74.5255,       6.175894,      0.1471309
        70.0625,       1.692686,       1.695737,       7.386348,      -8.255465,       1.800884,       -47.6225,        6.91096,      -1.900179
         70.125,       1.648633,      -22.77696,       6.658529,      -2.697683,       0.945559,      -65.70753,       6.176048,      -5.997651
        70.1875,       1.806565,      -5.725819,       7.230278,      -12.63096,       1.652553,      -66.16844,       6.353011,      -5.831055
          70.25,       2.344815,      -31.71063,       7.020861,      -1.669713,       1.295711,      -71.93663,       6.344612,       -4.45602
        70.3125,       2.467573,       -15.5163,       7.746974,      -12.50917,       1.398878,      -49.46366,       7.725538,      -11.32811
         70.375,       2.052802,      -34.99584,       6.476127,      -6.944651,       1.305811,      -63.48298,       5.547143,       -4.06728
        70.4375,       2.131426,      -49.89204,       7.247611,      -3.955739,       1.091159,      -61.30775,       6.693868,      -4.393041
           70.5,       1.869444,      -8.595552,       7.177656,      -5.813272,       1.004773,      -29.74775,       6.248192,      -10.75184
        70.5625,        2.49466,      -49.88731,       7.427225,      -7.908786,       1.580671,       -37.3579,       6.690811,      -4.597073
         70.625,       1.919453,      -31.83991,          6.678,      -9.045153,       1.632614,      -60.76383,       6.020999,      -9.265076
        70.6875,      0.9745662,      -30.74464,       7.310596,       2.753633,       1.008774,      -42.43814,       6.070804,     -0.2274512
          70.75,       2.294166,      -23.37596,       7.384914,      -10.40255,       2.422877,      -61.32053,       6.238862,       -4.88107
        70.8125,       2.344523,      -20.01857,       8.203614,      -1.549234,       1.024892,      -29.71339,       7.307672,       -3.38245
         70.875,       2.000051,      -36.14157,       6.976199,      -8.098801,       1.695951,      -52.88758,       5.780949,      -2.217113
        70.9375,       1.976502,      -28.98589,       6.994531,      -7.634458,       1.448956,      -71.01949,       6.050551,      -2.686059
             71,       2.659672,      -39.98234,       7.878361,      -8.627995,       2.219018,      -47.83005,       7.366762,      -4.283306
        71.0625,        2.40011,      -35.35331,        7.87652,      -7.551831,      0.8229707,       -80.0824,       7.642092,      -6.183274
         71.125,       2.141876,      -53.45427,       6.624601,       -7.26133,       1.639661,      -56.50662,       6.028525,      -10.28512
        71.1875,       2.118008,      -47.71572,       7.468472,      -7.025157,        1.05125,      -67.97931,       6.463969,      -8.591133
          71.25,       1.624697,      -54.84813,       7.294214,      -6.364048,       1.422106,      -52.40623,       6.963915,      -4.595791
        71.3125,        1.67683,       -42.9547,       8.269843,      -6.729509,       1.043171,      -23.42438,       7.201478,      -15.39253
         71.375,        1.33154,       -42.9091,       6.929924,       -5.96942,       1.551484,      -56.75128,       5.488905,      -5.124133
        71.4375,       1.716129,      -37.83875,       6.478077,      -5.189917,      0.7272109,       -30.4377,       6.110766,       -5.52012
           71.5,       1.019302,      -22.18246,       7.996617,       -2.14929,       2.398079,       -45.9184,       6.117906,      -1.421099
        71.5625,       1.752291,      -11.15438,       8.116396,      -8.128126,       1.196842,       -38.7701,       6.714875,      -6.927928
         71.625,       1.969343,      -21.34657,       6.721992,      -4.333009,       1.486028,      -63.77879,       5.691431,       4.107797
        71.6875,       2.037455,      -33.99168,       7.345952,      -5.661554,       1.811291,      -39.96346,       6.463274,      -5.215735
          71.75,        1.65703,      -34.53565,       7.467939,      -3.693457,       1.243195,      -45.97203,        6.95008,      -0.413329
        71.8125,       2.255927,      -22.56198,       8.592998,      -6.568878,       2.035069,      -55.01537,       7.108479,      -8.675402
         71.875,       1.823362,      -38.20719,       6.867169,      -9.234954,       1.320662,      -40.61092,       6.513436,      -3.089606
        71.9375,       1.874899,      -52.49287,       7.533903,      -7.613154,       1.729836,      -73.73904,       6.262124,      -13.11238
             72,       2.282498,      -37.63392,       8.198399,      -9.751184,       1.874935,      -28.23008,       7.739192,      -6.225944
        72.0625,      0.7733523,      -24.37183,       8.021503,      -8.788237,       2.059013,      -64.94197,       6.561155,      -11.31987
         72.125,       1.901361,      -42.98635,       6.789952,      -6.079621,      0.7907104,      -56.22118,       5.926244,      -6.791933
        72.1875,      0.8423254,       10.93364,       6.936628,      -5.010558,       1.120924,      -48.81966,       6.169954,      -8.722943
          72.25,       1.550539,      -29.99123,       8.193265,      -3.392256,       1.696775,      -44.20579,       7.099232,      -1.559625
        72.3125,       1.955334,      -2.414978,       8.472918,       -6.58889,       1.925842,      -29.34906,       6.156091,      -5.586666
         72.375,       1.102732,       -13.5424,         7.2668,      -8.946135,       1.549457,      -61.03122,       6.654374,      -5.021647
        72.4375,        1.91394,        16.6887,        6.66654,       1.378888,       1.051253,      -38.79119,        5.98072,    -0.06647713
           72.5,       2.438618,      -10.24882,       8.715163,      -3.881061,       2.130423,      -40.38078,       6.792099,      -6.693857
        72.5625,       1.962902,        8.36849,       8.540859,      -9.909926,       1.342736,       -40.6885,        7.62036,     -0.2629026
         72.625,       2.808314,      -18.80347,       6.846063,       -9.14504,       1.455906,      -50.03358,       6.332384,      -13.72104
        72.6875,       2.321159,       4.821699,       7.429255,      -3.621204,       1.780954,       -34.6253,        6.23694,      -5.340479
          72.75,       2.831085,      -19.32045,       8.577656,      -3.630652,       1.774991,      -48.53268,       6.756471,      -1.090413
        72.8125,       3.061308,      -12.23245,       7.819134,      -10.65789,       2.270685,      -57.79518,       7.416393,      -11.36451
         72.875,       2.393893,      -41.72249,       7.749628,      -7.560308,       1.171844,      -37.51795,       5.917154,      -12.87782
        72.9375,       1.968366,      -4.455958,          7.455,      -8.538598,       2.116958,      -51.46309,       6.287804,      0.2998266
             73,        2.61541,      -32.07261,       7.986761,      -8.218007,       1.499193,      -55.07888,       6.986528,      -7.189094
        73.0625,       1.908033,      -1.533083,       8.248964,       -6.01165,       2.411508,       -28.2249,       6.785325,      -1.916044
         73.125,       2.227077,      -29.07136,       7.145355,      -9.169088,       1.228268,      -71.91579,       6.039971,      -11.19743
        73.1875,       2.522205,      -4.533501,       7.016442,      -3.533675,       1.466715,      -24.49679,       6.395827,     -0.7804496
          73.25,       1.995069,      -18.85415,       8.833238,      -3.854393,       2.034076,      -42.88215,       7.091072,       -4.04473
        73.3125,       3.088569,      -4.695795,       8.212263,      -5.449512,       2.072968,      -33.64452,       6.954768,      -3.224662
         73.375,       2.798871,      -26.92351,       7.642025,      -7.876535,      0.9439264,      -51.56602,       6.408315,       -12.7176
        73.4375,       2.690556,    -0.05834358,       7.624208,      -4.572354,       1.617193,      -39.19306,       6.527446,        1.85937
           73.5,         3.2123,      -25.17201,       7.593583,      -8.526199,       1.570766,      -48.45708,       6.253673,      -11.22238
        73.5625,        3.19736,      -11.20397,       8.437793,      -3.039535,       2.023937,      -26.83508,       7.200644,      -4.949861
         73.625,       3.882067,      -38.05119,        7.84659,      -8.066128,       1.911947,      -45.00401,       6.790888,      -8.836674
        73.6875,       2.233692,      -15.64945,       7.802222,      -4.247686,       1.424128,      -59.83466,       6.249797,      -2.309776
          73.75,       3.250981,      -31.95318,       8.648252,      -8.280974,       2.121364,      -33.83768,       6.761168,      -9.555907
        73.8125,       3.157349,       -39.1705,       8.148252,      -3.510382,       2.538022,      -43.60852,       7.469805,      -2.158554
         73.875,       2.286998,       -19.8002,       8.427593,      -11.68318,       1.538697,      -60.78454,       6.996995,      -12.38693
        73.9375,       2.554892,      -25.17419,       7.345199,      -4.426112,       2.139558,      -25.55818,       6.074323,      -7.162765
             74,       3.018576,       -36.8175,        8.75252,      -7.282959,       2.039598,      -57.77249,       6.574911,      -3.928262
        74.0625,       2.259042,      -27.17257,       8.797795,      -5.470449,       1.862743,      -37.67037,        7.67313,       -3.48403
         74.125,       2.818168,      -28.60436,        7.93817,       -9.28603,       1.738176,      -37.68428,       6.863393,      -12.34307
        74.1875,       2.288738,      -28.91587,       7.891065,      -4.347226,        1.82184,      -29.43219,       6.093992,      -1.484328
          74.25,       2.435745,      -22.13743,       7.767604,      -10.48177,       1.723544,      -64.56836,       6.883209,      -7.847613
        74.3125,        3.22091,      -20.13755,       8.353246,     -0.8700624,       1.737275,      -24.01529,        6.59394,      -5.951448
         74.375,        2.73433,      -40.96158,       8.484951,      -11.66404,       1.935889,      -41.93982,       6.525102,      -5.237669
        74.4375,       2.864776,      -19.54478,       7.281501,      0.5508985,       1.866094,      -52.25405,        6.51789,      -2.192948
           74.5,       2.482526,      -42.88931,       8.132041,       -2.52574,       1.480361,      -36.65003,       5.786067,      -1.179859
        74.5625,        2.53897,      -23.96257,       8.399735,      -8.903325,       1.698026,      -41.48117,        7.68665,      -8.558966
         74.625,       2.706613,      -31.11656,       8.858882,       -4.33833,       2.690564,      -40.05523,       6.583926,      -3.019387
        74.6875,       2.569237,      -39.61848,        7.81893,      -7.929277,       1.287093,      -38.65064,       6.819386,      -10.27123
          74.75,       1.802467,      -29.14336,       8.314825,       -9.90349,       2.273279,      -39.48351,       6.335498,      -5.996678
        74.8125,       2.871885,      -21.96493,       8.793546,      -4.505023,       1.659022,      -41.45325,       8.000124,      -7.724224
         74.875,       2.226788,      -31.97491,       9.160867,      -9.619901,       2.730209,      -34.75094,       7.147537,      -14.00351
        74.9375,       2.326378,      -21.48765,       7.292583,      -11.53452,       1.629272,      -50.48029,       6.082384,       -7.58739
             75,       2.646196,      -28.48428,        8.15487,      -6.145054,       1.884309,      -41.49872,       7.043823,      -10.21381
        75.0625,       2.044885,      -23.97807,        8.91832,      -5.466531,       1.928591,      -40.65526,       6.887021,       -7.24785
         75.125,       3.131761,      -15.44121,       8.154715,      -5.409509,       2.203798,      -47.12209,       6.208327,      -4.337019
        75.1875,       1.626534,        -19.763,       8.456039,      -6.391298,       1.756627,      -21.19785,       7.165904,      -5.603414
          75.25,       2.789264,      -28.38122,       7.236933,       -2.97416,       1.515047,      -42.60765,       5.511801,      -5.694691
        75.3125,       2.421356,      -4.124557,       9.560955,      -5.398118,       2.441202,      -46.57416,       7.402509,       2.415121
         75.375,       3.361492,         -23.22,       8.598704,      -4.864146,       1.938228,      -22.93047,       7.014034,      -6.572554
        75.4375,       2.124144,      -26.13904,       7.879266,      -3.289982,       1.978816,      -43.24341,       6.873821,      -5.647101
           75.5,       2.552366,      -22.39064,        9.16462,      -8.620635,       2.149912,      -33.28858,       6.260962,       -3.69092
        75.5625,       3.107143,      -17.35176,       8.111128,      -7.602498,       1.823085,      -52.98672,       7.173091,      -7.256516
         75.625,       2.829838,      -29.97431,       9.258041,      -7.921845,       3.119872,      -27.76969,       7.889665,      -7.222888
        75.6875,       2.429534,      -21.53191,       8.215802,      -11.84846,       1.640582,      -60.97882,       6.288914,      -11.65497
          75.75,       2.716105,      -29.17438,        8.58339,      -6.861127,       2.089339,       -23.9965,        7.07172,      -9.530704
        75.8125,       2.656498,      -28.64959,       8.433662,      -8.995771,       2.506886,      -66.50328,       6.374532,      -10.98241
         75.875,       2.341592,      -13.48305,       8.109157,      -7.707037,       2.182634,      -28.86504,       6.698298,      -2.947822
        75.9375,       2.337668,       -22.8533,        8.56281,      -5.205763,       1.794355,      -41.14199,       6.976274,      -12.48296
             76,       2.208397,       -6.36223,       8.355358,      -6.367725,       2.061512,      -34.05713,       6.170951,      -3.689618
        76.0625,       2.712967,      -3.854877,       8.241918,      -3.774928,       1.972432,      -45.13508,       6.959823,    0.003746491
         76.125,       2.756685,      -13.99914,       8.771367,      -4.222852,       2.533237,      -26.32131,       6.349288,      -8.892778
        76.1875,       2.920501,      -16.53833,       8.968994,      -5.001339,       1.587626,      -38.37593,       7.445556,     -0.9431927
          76.25,       2.510785,      -7.763743,       8.102923,      -8.020522,       2.341285,       -44.6647,       6.780781,      -9.554708
        76.3125,       3.695099,      -2.116666,        8.34666,      -3.629178,       1.765408,      -25.71894,        6.11412,      -3.707281
         76.375,       3.006829,      -23.07806,       9.527437,      -6.699324,       2.277324,      -34.81313,       7.555559,        -3.3253
        76.4375,       3.663052,      -21.24489,       8.759347,      -8.981995,        2.14235,      -27.56029,       7.067721,      -8.071439
           76.5,       3.078076,      -18.04997,       8.807589,      -6.856974,       2.645745,      -52.73687,       7.350422,      -12.26844
        76.5625,       3.460193,      -23.19998,       8.130477,      -9.223367,        1.69105,      -45.62949,        6.79334,      -3.413868
         76.625,       2.655959,      -16.58051,       9.630922,      -2.664261,       2.664894,       -32.4035,       7.054358,      -9.231603
        76.6875,       3.196822,       -22.7706,       8.930368,      -11.21414,       2.013609,      -43.03934,       7.164639,      -11.13881
          76.75,       2.609232,      -19.38715,       7.551433,      -6.422905,       1.852605,      -50.09394,       5.948235,      -4.125813
        76.8125,       3.146084,      -8.424513,       8.639475,      -3.601313,       2.017904,       -25.9644,       6.558673,      -8.331314
         76.875,       2.964767,       -14.1351,       9.184917,      -4.192561,       2.468822,       -46.8626,       6.983052,      0.1686795
        76.9375,       4.070398,      -10.59878,        9.02251,      -4.474879,       1.877473,      -18.71506,       7.188667,       -7.68499
             77,       2.762534,      -26.84882,       8.303463,        -2.3012,       2.102391,      -36.01178,       6.021117,     -0.2385705
        77.0625,       3.695344,      -13.55045,       8.842958,      -8.482408,       1.927557,      -31.92583,       7.217162,      -8.027979
         77.125,       3.722374,      -23.92331,       8.538291,      -4.477808,       2.542016,      -38.00169,        6.27482,    0.001445469
        77.1875,       3.756404,      -31.42835,       9.184396,      -6.131352,       2.061207,      -30.77269,       7.776049,      -10.77544
          77.25,       3.026662,      -30.49885,       9.495678,      -4.481419,       1.903454,      -43.56225,       6.412529,      -5.790436
        77.3125,       2.803468,      -24.19176,       8.115732,      -9.198846,       2.294773,      -33.57537,       6.886029,      0.5596712
         77.375,       3.578917,       -26.2705,        9.68055,      -3.913693,       2.028069,      -26.02755,       7.291678,      -10.52134
        77.4375,       2.934211,      -19.23569,       9.096159,      -7.534204,       2.712985,      -37.70755,       7.687118,       -6.85873
           77.5,       3.390578,      -24.80425,       8.851119,      -8.295888,       2.156513,      -36.24661,       6.411592,      -9.319583
        77.5625,       2.643275,      -28.64562,       8.679979,      -2.982856,       2.300156,       -31.7484,       6.912868,      -2.518233
         77.625,       3.210747,      -18.35704,       8.191593,      -9.764748,        2.52927,      -41.71415,       6.402279,      -9.458735
        77.6875,       3.398088,       -23.9013,       10.58002,      -4.130109,       2.358915,      -29.10979,       7.931129,      -6.277804
          77.75,       2.966814,      -21.09993,       8.484419,      -5.543101,       2.136205,      -33.66595,       6.793515,      -2.071518
        77.8125,       3.170905,       -24.4657,       8.881609,      -5.441773,       2.109519,      -38.94232,       6.643255,      -12.63101
         77.875,       3.191833,      -18.26812,       9.469721,      -3.106334,       1.713054,      -33.03276,       7.042992,      0.4291782
        77.9375,       3.146646,      -23.79985,       8.939332,       -8.29472,        2.30803,      -20.65969,       7.112432,      -7.890676
             78,        2.99581,      -22.38033,       8.916144,      -3.383708,       2.520374,      -39.73264,       6.564848,      -4.713202
        78.0625,       3.073478,      -22.52889,       9.619869,      -3.909386,       1.449763,       -25.1093,       7.591415,      -6.643869
         78.125,       2.750812,      -17.51894,       8.404484,      -8.043797,       2.196795,      -25.45466,       5.857593,      -7.837584
        78.1875,       3.479001,      -24.77917,       10.00409,      -4.829912,       3.009738,      -39.90656,       7.737974,      -1.865441
          78.25,       2.799002,       -5.64138,       9.100153,      -6.690714,       2.249001,       -24.7855,        6.97955,      -7.551077
        78.3125,       3.700889,       -27.5496,       8.870872,      -8.851368,       2.445566,      -30.53371,       6.740129,      -5.488244
         78.375,       2.596627,      -27.81275,       9.113541,      -1.076382,       2.619758,      -44.38357,       7.265022,      -7.953449
        78.4375,       3.282312,      -16.56301,       9.494738,      -9.871716,       2.315669,      -22.27021,       6.884032,      -2.051838
           78.5,       3.253095,      -18.52235,       9.706103,      -3.864717,       2.256658,      -27.37495,       7.658973,      -7.237573
        78.5625,       2.504566,      -22.57816,       8.898708,       -6.13641,       2.642464,      -33.09722,        6.73669,      -7.125067
         78.625,        3.45776,      -5.117393,       9.329737,      -4.931599,       2.291945,      -36.47862,       6.960161,      -1.058462
        78.6875,         2.6504,      -18.20842,       9.741882,      -5.233578,       2.109419,      -24.79782,       7.083384,      -9.158622
          78.75,       3.588068,      -6.072968,       10.12184,       -4.52807,       2.096741,      -23.13474,       8.088144,      -1.647006
        78.8125,       3.603741,      -6.128204,       8.407125,      -5.152456,       2.606475,       -27.1637,       6.530333,      -4.502565
         78.875,       3.503991,      -14.04534,        9.54211,      -6.218067,       2.281866,      -42.13288,       7.314101,      -9.442094
        78.9375,       3.479045,      -15.67794,       9.314666,      -9.817283,       2.268057,      -28.41617,       6.963615,      -7.969602
             79,       3.885287,      -7.853448,       9.461107,       1.551554,       2.420994,      -30.54605,        6.79929,      -2.746505
        79.0625,       3.341849,      -25.29259,       9.192677,      -11.98849,       2.178568,      -38.54247,       7.216436,      -11.25331
         79.125,       3.994641,      -12.92535,       8.427456,      -1.795472,       1.959394,       -28.9655,       6.014971,       -3.55457
        79.1875,       3.093546,       -24.1477,       9.776431,      -6.583343,       3.035277,      -27.75006,       6.949722,      -7.133756
          79.25,        3.89092,      -15.15165,       10.42004,      -7.529458,       2.645449,      -41.87482,       7.935539,      -4.099618
        79.3125,       3.274991,      -15.41188,       9.123268,      -5.267245,       2.029352,      -9.119101,       6.857576,      -8.487952
         79.375,       3.407413,      -13.84049,       8.798486,      -8.041392,       2.179423,      -27.11012,       6.484672,      -5.782317
        79.4375,       3.976998,      -11.95398,       10.24232,       -0.88337,       3.051732,      -29.39789,       7.856858,       1.227817
           79.5,       4.494745,      -10.24117,       10.09337,      -10.96863,       2.070956,      -26.83595,       7.532529,        -10.567
        79.5625,       3.902757,      -25.34565,       9.642413,      -3.179837,        2.64484,      -16.68011,       7.300846,      -1.469626
         79.625,       4.245216,      -11.81305,       9.576585,      -1.112222,       2.370252,      -34.72232,       7.484766,      -5.959824
        79.6875,       3.550384,       -21.1975,       9.710912,      -10.18913,       2.613423,      -19.74994,       6.675444,      -3.314688
          79.75,       4.071218,      -12.42515,       10.10891,      0.6747628,       2.909412,      -29.55145,        7.98913,      -1.354165
        79.8125,         4.3485,      -27.58414,       10.38532,      -12.13909,       2.377661,      -32.75889,       7.285246,      -13.70144
         79.875,       3.209447,      -8.311543,       8.368917,      -5.931649,       2.250243,      -20.85513,       6.659455,      -9.645478
        79.9375,       4.477595,      -23.90152,       9.877877,      -3.345672,       2.525766,      -36.94516,       6.529587,     -0.3486519
             80,       3.501167,      -16.03641,       9.739948,      -7.157991,       2.728746,      -25.56639,       7.162164,      -7.706416
        80.0625,       4.418399,      -22.01535,       9.913393,      -7.949861,       2.237551,      -17.88047,       7.490118,      -8.697695
         80.125,        3.69825,      -22.87546,        9.01811,      -7.141746,       2.651773,       -29.9871,       6.144809,      -5.211648
        80.1875,       4.159277,      -19.69211,        9.62088,      -5.637695,       2.333773,      -25.40664,       7.393538,      -2.764802
          80.25,       4.287108,      -23.44146,       9.935839,      -5.159079,       2.609177,      -31.25846,       7.628338,       -10.4371
        80.3125,       4.323174,      -23.62247,        10.4821,      -6.383206,       2.766618,      -16.67863,       7.873497,     -0.7290419
         80.375,       3.809906,      -27.38864,       9.236187,      -5.128573,       2.352683,      -26.02472,       6.638183,      -8.806982
        80.4375,       3.474406,      -24.10951,       9.371398,      -2.934482,       2.592415,       -20.0158,       7.283901,       2.476979
           80.5,       4.000096,      -27.86626,       10.59046,       -2.29483,       2.821165,      -27.17891,       8.221578,      -10.01264
        80.5625,       4.339489,      -18.51289,       10.92509,      -6.800613,       3.401561,      -24.35056,       6.944807,       -2.25555
         80.625,       3.284847,      -30.11614,       8.991585,      -7.378669,       1.688198,      -28.18278,       7.337468,      -5.839371
        80.6875,       3.498785,       -14.7081,       9.564554,       -2.58883,       2.996362,      -21.86484,       6.579084,       -6.38023
          80.75,       3.889003,      -30.05263,       10.02914,        -3.1248,       2.350107,      -15.77447,       7.110384,     -0.3008903
        80.8125,        3.86849,      -19.12893,        11.4552,      -8.846904,        3.84759,      -26.56516,        8.23448,      -5.809706
         80.875,        3.47986,      -28.55824,       9.447942,      -8.981815,       1.579712,      -19.77664,       7.345038,      -12.23438
        80.9375,        3.40363,      -26.77253,       8.534948,      -5.551925,       2.605306,      -24.03606,       6.363325,      -2.243511
             81,       3.913985,      -22.41508,        10.9202,      -3.273014,       3.154259,      -15.52824,       7.579395,      -4.970433
        81.0625,       3.188491,      -25.55408,       10.88919,      -7.612462,       3.032977,      -23.20246,       8.210797,      -7.279392
         81.125,       3.183116,      -22.56587,       9.167588,      -8.075277,       2.678621,      -39.43575,       6.530209,      -10.42822
        81.1875,        3.08075,      -24.38957,       9.776744,      -4.131471,       2.895309,      -9.895679,       7.798368,      -5.421045
          81.25,       3.041642,      -10.85496,       9.591787,      -6.576352,       2.388989,      -33.31401,       6.323843,       -7.25702
        81.3125,        3.50604,      -18.49439,       11.48394,      -3.100697,       3.909515,      -23.67629,       8.048447,        -1.2313
         81.375,       3.135762,      -11.51348,       9.159498,      -9.341269,       2.520392,       -19.7655,       7.023569,      -12.46118
        81.4375,       3.108717,      -1.395481,       9.846008,       0.454076,       2.366404,      -26.15098,        6.65968,       4.365787
           81.5,       3.851553,      -7.305738,        9.81312,      -6.241352,       3.110154,      -18.78883,       7.360202,      -1.543881
        81.5625,       4.242939,      -5.680935,       11.49406,      -4.366942,       3.251678,      -15.73124,       7.810422,        -11.987
         81.625,        3.66566,       -1.39414,       9.931028,      -3.510701,       2.739462,      -20.40454,       7.517285,       3.943815
        81.6875,       4.041646,      -13.63931,       9.819088,      -7.608662,       2.919886,      -19.76296,       7.163877,      -7.879103
          81.75,       4.340206,     -0.9964089,       10.10747,      -3.342063,        2.62851,      -31.72156,       7.342575,      0.9194033
        81.8125,       4.830877,       -11.5633,       11.42465,      -4.850572,       4.037716,      -9.319794,       8.883353,      -9.464323
         81.875,       5.305705,      -9.320776,       10.17062,      -9.408007,       2.649231,      -40.02751,       7.153358,      -6.928295
        81.9375,       3.566254,      -20.01292,       10.20404,      -4.738317,       3.179603,      -21.90208,       7.503876,      -9.237087
             82,       5.209458,      -15.50326,       10.08912,      -7.019257,        2.85988,      -29.79718,       7.723718,      -2.666477
        82.0625,       5.132762,      -25.12475,       11.40539,      -6.491255,       3.393078,      -15.28933,        8.33223,       -13.9238
         82.125,       3.790252,      -10.73421,       10.18202,      -7.281894,       3.205638,      -27.10221,       7.135485,      -5.617187
        82.1875,       4.111928,      -25.95296,       9.009992,      -8.460659,       2.718744,      -25.17863,        6.21153,      -12.84524
          82.25,       4.068487,      -18.77256,       9.899496,      -2.700489,       2.804806,      -28.83454,       7.509959,      -2.793661
        82.3125,       4.194005,      -15.01313,       11.29027,      -4.406366,       3.680922,      -12.15705,       7.222123,      -2.200674
         82.375,       5.241909,      -9.722687,       11.08479,      -3.633002,       2.810722,      -31.13348,       7.763128,      -5.652794
        82.4375,       3.595476,      -22.30455,       8.776958,      -2.897912,       2.767386,      -9.800315,       6.348202,      -2.561654
           82.5,       4.527118,      -11.05265,       10.62223,      -5.612357,       2.887772,       -28.1081,        7.59875,     -0.1518109
        82.5625,       5.210233,      -18.96949,       11.69966,     -0.2569765,       3.347791,      -21.58021,       7.661252,      -2.204746
         82.625,       4.606306,      -13.41046,       10.67717,      -4.358173,       3.512573,      -3.074721,       8.456399,      -3.605589
        82.6875,       4.611516,       -19.9628,       9.743621,      -8.009679,       3.025658,       -35.6216,       6.394758,      -4.409824
          82.75,       5.083879,      -23.61485,         11.354,      -3.692174,       3.429432,      -17.94254,       8.568579,      -2.471057
        82.8125,       5.096872,      -22.56739,       11.17949,      -6.599061,       4.036344,      -19.54353,        8.57133,      -6.448811
         82.875,         4.3801,      -28.15078,       10.74232,       -6.79353,       2.709851,      -34.12701,       7.056039,      -11.33848
        82.9375,       4.416016,      -24.97406,       10.44767,      -8.712125,       3.219616,       -18.4739,       8.135168,      -6.547928
             83,       3.930877,       -24.7977,       9.695871,      -6.807193,       3.115178,      -32.00832,        6.58178,      -11.98743
        83.0625,       5.102713,      -23.70146,       11.61872,       -3.82444,       3.579359,       -13.3491,       8.341946,      -2.755133
         83.125,       4.258031,      -24.92005,       10.76125,      -8.244563,       3.009251,      -30.53705,       7.562255,      -11.33954
        83.1875,       3.897312,      -24.22707,       9.753899,      -7.184866,       2.888445,       -17.3244,       6.877277,      -4.155334
          83.25,       3.975471,      -26.97376,       9.995513,      -3.512242,       2.951575,      -19.89221,       6.493968,      -4.179639
        83.3125,       4.756983,      -27.10779,       11.59088,      -2.828972,       3.674725,      -22.15817,        8.63374,      -3.330983
         83.375,       3.893342,      -18.25193,       11.08858,      -4.294945,        3.36966,       -15.3881,       7.979529,      -1.715694
        83.4375,       3.599922,      -27.50149,       9.992829,      -2.809365,       3.265075,      -21.86277,       7.000728,      -4.973622
           83.5,       3.952239,      -22.26324,       10.72313,      -4.190789,       2.799549,      -27.62437,        7.40121,      -1.186653
        83.5625,       3.934687,      -16.82047,       11.82915,      -4.785037,       4.053913,      -11.90093,       8.626826,      -4.421643
         83.625,       3.971007,      -18.75621,       11.52981,       -4.48507,       3.353921,      -25.19013,       8.070256,      -6.398561
        83.6875,       4.212493,      -22.33481,       10.78989,      -7.133784,       3.221199,      -21.93741,       7.357102,      -7.800104
          83.75,       3.430344,      -20.01054,       10.35681,      -7.306979,       3.461098,      -20.16481,       7.463311,      -3.979353
        83.8125,       4.450371,      -13.43732,       11.82801,      -3.181588,       3.599552,      -25.57375,       8.180044,      -4.370718
         83.875,       4.361693,      -22.83916,       10.81561,      -10.71287,       3.513339,      -15.06466,       7.833922,      -9.272703
        83.9375,       3.812459,      -24.88738,       11.00252,       -3.49146,       3.165461,      -25.01719,       7.896135,      -5.152748
             84,       3.271115,      -16.86658,       10.45716,      -5.887119,       3.356737,      -20.73997,        6.95447,      -5.772424
        84.0625,       4.462423,      -15.89543,       11.55029,      -6.688097,       3.413378,      -28.59783,       8.838248,      -8.338473
         84.125,       3.538278,      -19.79886,       11.85099,      -2.339453,       4.216376,      -14.53621,       7.684158,      -0.510244
        84.1875,       3.230309,      -2.792319,       10.65645,      -8.470199,       2.866479,      -24.78947,       8.152695,      -12.52923
          84.25,       4.016596,      -4.482689,       11.20803,       -2.07711,        3.82735,      -17.82318,       6.810867,      -1.874857
        84.3125,       3.925173,      -12.82709,       10.65944,      -7.003794,       3.318839,      -28.33522,       7.989184,      -6.285989
         84.375,       4.559793,       -6.04759,       12.72593,       -4.84417,       3.869492,      -10.20884,       8.519311,      -3.752455
        84.4375,       4.632795,       4.355701,       10.17111,      -6.217646,       3.556603,      -33.36878,       7.205365,      -4.767246
           84.5,       4.303031,      -22.22016,       10.99221,      -5.264552,        3.35183,      -12.84736,       7.702654,      -7.481966
        84.5625,       5.056891,       0.164655,        11.5842,      -2.178195,       3.175817,      -10.82997,       7.320014,      -2.199054
         84.625,       4.335516,      -17.79249,       11.66618,      -6.317844,       4.045187,        -23.637,       8.807111,     -0.9372577
        84.6875,       4.441853,      -8.901764,       10.88627,      -7.857253,        3.32808,      -23.40027,       7.279132,      -9.764199
          84.75,       4.478722,      -4.402096,       11.64748,       -3.17163,       3.246556,       -18.7634,       8.913634,     -0.3182608
        84.8125,       4.825809,      -9.294449,       11.36254,       -4.37391,       3.686149,      -15.39771,       8.056255,       -6.47431
         84.875,       4.782187,       -3.23443,       11.67925,      -4.832763,       3.911256,      -18.49851,       8.097268,      -6.035244
        84.9375,       5.163895,      -8.916956,       12.29745,      -7.228134,       3.664531,      -26.70636,       8.677221,      -3.838225
             85,       4.967066,      -12.74286,       11.03904,      -10.20634,       3.650936,      -19.58309,       8.329754,      -13.14064
        85.0625,       5.547348,      -2.915008,       11.64453,      -4.401533,       3.772364,        -16.522,       8.311761,       -7.02539
         85.125,       5.224759,      -12.41728,       11.49659,      -7.335211,       3.812123,       -31.3413,       7.880938,      -14.15189
        85.1875,       5.325772,      -15.55272,       11.10218,      -5.640743,        3.41573,      -16.02351,       7.707386,      -5.568091
          85.25,       5.365848,      -11.96645,       11.92768,      -4.244075,        4.06064,      -13.48416,       7.536849,      -6.519227
        85.3125,       4.770797,      -12.62079,       11.17956,      -8.925009,       3.538106,      -31.18944,       7.289444,      -7.463459
         85.375,       5.064678,      -10.15753,       10.78964,      -3.707038,       3.311784,       -18.3117,       6.960268,      -4.717589
        85.4375,       5.643981,       -6.60604,       11.82145,      -1.188182,       3.786834,      -9.659165,       8.388577,       4.109992
           85.5,        5.37192,      -12.69259,       11.64006,      -9.199563,       3.691167,      -19.27974,        7.72264,      -5.713297
        85.5625,       5.348649,      -14.52105,       11.03218,     -0.6072832,       3.612163,      -16.93241,       8.212049,      -1.563092
         85.625,       5.881844,      -6.943127,       10.99477,      -2.990284,       3.786234,      -16.46495,       8.010159,      0.5002535
        85.6875,        6.55153,      -8.657619,       13.23194,      0.2242123,       4.239973,      -12.24082,       9.637015,      -1.070822
          85.75,       6.175397,      -27.75659,       12.48145,      -10.15103,       4.056394,       -29.5378,       8.928214,      -9.044732
        85.8125,       5.952658,      -19.41847,       11.83003,      -4.201683,       3.715325,      -15.05349,       8.602191,      -7.987759
         85.875,       6.048581,      -25.80396,        11.9151,      -8.352035,       3.531916,      -25.78599,       8.572283,      -9.158684
        85.9375,       5.051941,      -26.33973,       12.10808,      -8.887477,        4.25028,      -14.73802,       8.481954,      -11.77156
             86,       5.446721,      -22.99791,       12.23667,      -4.693675,       4.381279,      -21.49287,        9.04268,      -13.31253
        86.0625,       4.542202,      -28.28592,       10.79239,      -10.76068,       3.426704,      -29.87493,       6.016984,      -13.16126
         86.125,       4.915764,       -22.2204,       11.19394,       -6.74799,       3.704218,      -20.00873,       7.879865,      -8.233272
        86.1875,       4.803483,      -22.04646,       11.89476,      -3.732769,       3.687541,      -18.10389,        7.56273,      -6.400062
          86.25,       5.314249,      -14.90822,       12.98727,      -5.029492,       4.308528,       -20.6746,       8.809067,      -3.465669
        86.3125,       4.691483,      -20.55736,       10.76232,      -5.270343,       3.196136,      -9.732576,       6.950609,     -0.6899026
         86.375,       4.267162,      -13.47125,       10.98737,      -1.444824,       3.875709,      -22.88432,       7.531249,      -2.173219
        86.4375,        5.93728,      -22.00199,       13.09222,      -5.485183,        4.28067,      -15.95153,       9.515016,       -2.42654
           86.5,       4.836092,      -18.72287,       13.56419,      -5.415882,       4.451896,      -14.58723,       9.303617,      -3.141898
        86.5625,        4.79151,      -17.66874,       10.90697,      -6.409251,       3.737565,      -22.96402,       8.380553,      -9.903504
         86.625,       3.824261,      -22.69961,       11.44874,      -5.450258,       3.383191,      -20.26585,       7.865877,      -7.819506
        86.6875,       5.466726,      -9.540997,       13.05772,      -5.388175,       5.000572,      -10.65874,       9.558554,      -2.480626
          86.75,       4.407693,      -21.01761,       12.75908,      -9.837236,       3.851235,      -30.56378,       8.308873,      -16.31969
        86.8125,       5.232741,      -7.299648,       11.31455,      -5.220998,       4.144012,      -13.20179,       7.678138,      -8.558208
         86.875,       4.327308,      -25.00745,       10.25765,      -9.977989,       2.934403,      -20.63807,       7.020127,      -11.60758
        86.9375,       5.292449,       -4.81075,        12.6314,      0.2440884,       4.949829,      -15.49521,       8.613768,     -0.6372197
             87,       5.648982,      -13.82968,       12.80655,       -5.36727,       3.832425,      -19.92567,       8.603194,      -9.553507
        87.0625,       4.727118,       -15.7796,       11.28336,      -6.535157,        4.10412,      -17.10734,       7.085451,      -2.947137
         87.125,       4.227054,      -13.97109,       10.92182,      -2.285715,       2.953436,      -18.70555,       7.494193,     -0.5398834
        87.1875,       5.449969,      -11.33379,       13.59276,      -4.261151,       4.698343,      -16.53718,       8.908506,       -5.50676
          87.25,        6.06812,       -6.84341,       13.37986,      -2.603235,       4.596351,      -11.80462,       10.14553,      -3.138843
        87.3125,       4.937163,      -5.814744,       12.22367,      -9.164194,       3.907285,      -19.44322,       7.914356,      -4.658572
         87.375,       4.805671,      -15.97922,       11.49429,      -5.465808,       3.892062,      -20.40516,       8.854455,      -8.729591
        87.4375,       5.327371,      -7.446507,       13.14622,      -7.930517,       4.642117,      -16.25732,       8.797347,      -9.504224
           87.5,       6.315904,      -14.95434,       13.60928,      -8.160448,       4.754193,      -23.53191,       9.115342,      -13.81131
        87.5625,       5.354835,       -16.6882,       11.45879,      -9.251457,       4.090196,      -17.11348,       8.547162,      -10.76953
         87.625,       4.325634,      -7.889496,       11.56234,      -3.925336,       3.504703,      -26.20257,       7.096711,      -7.134077
        87.6875,       6.087562,      -8.750723,       12.28417,      -6.888642,       4.349982,      -13.14296,       8.588881,      -4.579381
          87.75,       5.579829,      -3.948512,       13.87689,      -4.718266,       4.748794,      -17.86511,       9.530455,      -4.844725
        87.8125,       5.355685,      -14.77664,       11.39432,      -7.349968,       3.833917,      -15.00635,       8.006366,      -11.92563
         87.875,        5.19552,      -3.790828,       11.32864,      -6.738971,       3.531128,      -22.48611,       7.788603,      -11.24053
        87.9375,       6.604465,      -6.146295,       13.19139,      -2.771966,       4.812279,      -11.19058,       9.084115,      -3.573581
             88,        7.00827,      -7.208683,       13.70961,      -3.486929,       4.584303,      -13.23688,       9.474506,      -4.994346
        88.0625,       6.068697,      -7.995153,       11.84233,      -5.325487,        4.28678,      -16.00699,       8.155107,      -9.872721
         88.125,       5.897164,      -13.90871,       11.56123,      -8.386906,        3.98734,      -23.30937,       7.092724,      -9.683477
        88.1875,       6.146691,      -17.87129,       12.96827,      -6.959062,       4.532514,      -26.39099,       9.047852,       -15.0571
          88.25,       7.522117,      -11.84548,       13.94272,       -8.55975,       4.930442,      -12.49804,       9.094256,      -4.696063
        88.3125,       6.601794,      -22.25877,       12.29517,      -4.881357,       4.262034,       -18.0752,       8.350335,      -8.907358
         88.375,          4.926,      -7.921856,       11.13487,      -7.646184,       3.614789,      -17.78334,       6.708117,      -8.101057
        88.4375,       6.589113,      -12.31466,       13.70266,      -3.072657,       4.827132,      -23.02929,        9.20418,       3.358672
           88.5,       6.649561,      -11.95218,       13.18107,      -5.938155,       4.751919,      -9.019256,       9.314181,      -6.120486
        88.5625,       6.767455,       -9.26786,       13.23834,      -4.379865,        4.38384,      -15.75711,       9.399779,      -1.404294
         88.625,       6.997414,      -9.644009,       13.00292,      -3.411999,       4.510281,      -13.89515,       10.07827,      -1.723064
        88.6875,       7.735052,      -9.379908,       13.52107,      -3.678988,        4.86971,      -14.96397,       10.58314,      -5.347551
          88.75,       8.802026,      -22.15571,       15.34677,      -8.349337,       4.910991,      -12.25073,        10.9853,      -14.46481
        88.8125,        7.94964,      -25.78216,       13.31964,      -11.41779,       5.347694,      -25.67123,       10.38246,      -15.30041
         88.875,       6.387265,      -33.81684,       12.15948,       -12.0326,       3.909356,      -20.12207,        8.83982,      -21.79672
        88.9375,       7.987876,      -31.34318,       13.63744,      -9.576012,       4.602658,      -20.01339,       10.33531,      -22.67699
             89,       6.487246,      -37.29541,       13.62689,      -9.675144,       5.388411,      -24.27664,       8.413621,      -23.25636
        89.0625,       5.464374,      -42.40634,       12.24653,      -14.86893,       4.018714,      -17.25662,        6.85241,       -19.6279
         89.125,       3.793636,      -34.84977,       11.09993,      -5.582693,       4.190434,       -30.6234,       6.963398,      -8.942338
        89.1875,       5.176945,      -19.89371,       11.52163,      -7.137637,       4.180229,      -12.63157,       6.222169,      -16.59031
          89.25,       4.441401,      -12.76215,       13.72901,      -4.699154,       4.201875,        -21.047,       8.184942,      0.1281336
        89.3125,       5.771169,       -5.27257,       12.94017,      -1.059749,        5.16968,      -8.630347,       8.762761,       4.925144
         89.375,       6.292794,      -11.18371,       12.91703,      -1.959244,       4.230369,      -16.18213,       9.260277,       3.040709
        89.4375,       6.191885,       -4.16337,       13.42514,       -4.38158,       4.709761,      -13.21975,       9.807599,       1.280436
           89.5,       7.519464,      -10.25852,       15.62579,     -0.5846359,       5.505105,      -11.77472,       11.60611,      -4.055495
        89.5625,       8.300031,      -19.72317,       15.66686,       -10.6685,       5.605294,      -14.15742,       12.55734,      -10.68129
         89.625,       7.102971,      -21.42769,       13.48266,      -8.965066,       4.963207,      -24.41532,       10.74417,      -16.24769
        89.6875,       7.606841,      -28.56388,       14.51172,      -11.40248,       4.867425,      -18.81241,       10.86621,      -18.65729
          89.75,       6.861653,      -29.69151,       14.33485,       -10.5803,       5.708882,      -17.36949,       10.89172,      -23.61267
        89.8125,       6.862343,      -35.73919,       13.71889,      -14.18204,       5.218199,      -28.82993,       9.157707,      -24.91728
         89.875,       4.815966,      -31.06857,       13.22315,      -12.89575,       3.922225,      -21.23984,       8.663257,      -28.67038
        89.9375,       5.041027,      -30.16193,       11.11506,       -12.7247,       4.988987,      -20.97473,       7.066407,      -27.32577
             90,       5.368781,      -21.41995,       13.74717,      -9.806396,       4.597354,      -24.61934,       7.090221,      -16.96318
        90.0625,       4.962346,      -15.58792,           12.1,      -3.600364,       4.531137,      -13.93324,       7.654847,      -3.003597
         90.125,       5.571666,      -3.288123,       13.40723,      -4.375055,       4.518266,      -19.29534,       8.659486,      -3.776641
        90.1875,        5.66418,      -13.15247,       12.92004,      -7.160272,       4.326745,      -15.35027,       8.149024,      -6.098187
          90.25,       6.746463,      -5.620602,       13.98431,      -2.246679,       5.095819,      -10.43995,       9.639643,      -3.829887
        90.3125,        7.76019,      -13.46731,       15.60856,      -8.299544,       5.560682,      -20.69878,        12.0216,      -8.881939
         90.375,       6.894646,      -11.54132,       15.18848,      -5.993666,       5.431546,      -12.31558,       11.36784,      -13.31407
        90.4375,       8.326343,      -18.56384,       14.49308,      -12.36188,       4.947705,      -17.63919,       10.25287,      -21.31486
           90.5,       6.898464,      -21.49823,       14.10857,      -13.84883,         5.2788,      -21.10869,       10.53865,      -20.07001
        90.5625,       7.891284,      -26.00427,       14.20417,       -12.2988,       5.920814,      -20.75346,       9.797256,      -26.30598
         90.625,        7.43217,      -27.98581,       14.43201,      -11.79769,       4.924017,      -21.97508,       10.36357,      -28.18583
        90.6875,       5.861178,      -33.36243,       12.22578,      -17.72426,        4.73633,      -21.43441,       7.530942,       -34.1689
          90.75,       6.653845,      -32.61633,       12.83083,      -13.55251,        4.97326,      -28.20603,       8.104434,      -33.03844
        90.8125,       6.240403,      -21.41505,       13.25146,      -6.892224,       4.963081,      -17.10257,        7.87078,      -16.60031
         90.875,       5.524975,      -30.25941,       12.97779,      -12.01009,       4.568211,      -25.47829,       6.609859,      -20.43751
        90.9375,         5.0807,      -17.11212,        11.5173,      -10.68976,       4.439117,      -11.31587,       6.445145,      -13.83685
             91,       5.923363,      -19.27122,       12.37511,      -5.842794,        5.10709,      -29.60301,       6.862494,      -11.30115
        91.0625,       6.459688,      -21.82254,       14.15016,      -9.668308,       4.931188,       -13.0239,       8.899766,      -16.10751
         91.125,       7.274662,      -19.06448,       13.78797,       -7.85751,       5.009835,      -17.78312,       8.565292,      -10.07019
        91.1875,       6.144585,      -16.09358,       13.59638,      -5.436471,       5.066642,      -16.80898,       9.186331,      -6.179262
          91.25,       6.564023,       -15.5724,        12.7397,      -4.647541,       4.666677,      -13.58097,       7.736562,      -10.96774
        91.3125,       6.515657,      -19.44035,       14.31584,      -9.385531,       4.943573,       -17.5574,       9.424729,       -7.59997
         91.375,       9.037534,      -23.16912,       16.43779,      -6.263049,       6.342525,      -16.74389,       11.37227,       -18.5856
        91.4375,       6.749284,        -26.918,       13.38915,      -13.03135,       4.810125,      -16.58957,       9.627398,      -18.07008
           91.5,       7.407383,      -21.12215,       13.99511,      -8.784412,       5.229207,       -18.2302,       9.843602,      -19.58979
        91.5625,       8.590771,      -31.37737,       15.78387,      -10.23712,       5.782137,      -20.21651,       11.00322,      -19.41125
         91.625,        7.18946,      -35.77702,       14.15916,      -15.75626,        5.60203,      -21.97827,       9.372216,      -35.45129
        91.6875,       7.065331,      -46.15884,       13.64872,      -20.47661,       5.143878,      -28.00251,       9.743666,      -39.28773
          91.75,       6.123484,      -46.77686,       12.46643,      -17.47993,       4.853317,      -22.72112,        7.78547,       -44.6386
        91.8125,       5.708192,      -43.44934,         11.813,      -15.31168,       4.820887,      -24.60745,       6.614604,      -41.43627
         91.875,       5.426059,      -60.71196,       13.32773,      -19.17001,       5.760228,       -32.9901,       6.692954,       -47.6627
        91.9375,        3.41435,      -31.87432,       10.18895,      -9.496064,        3.97624,      -17.09467,       3.912615,       -26.8371
             92,       2.275803,       -33.4267,       10.82352,      -6.687684,       3.645892,      -22.45481,       2.923618,     -0.7540071
        92.0625,        3.19656,      -6.424841,       11.25858,      -4.774922,       5.101466,      -17.11078,       4.663381,       1.937343
         92.125,       4.719635,       6.724673,       13.46464,       4.769309,       5.121563,      -6.792556,       6.923625,       23.65053
        92.1875,       6.092461,       4.979741,       13.75815,     -0.9148737,       4.582234,      -17.62827,       8.849556,       7.269966
          92.25,       6.540671,       7.844861,        13.8204,       1.739584,       4.820522,       -1.62298,       10.08715,       11.97579
        92.3125,       8.249576,      0.4216759,       15.49578,      0.5382593,       5.634871,       -10.9253,       11.30287,       4.897829
         92.375,       9.778237,      -8.151587,        18.1071,       -3.98424,        6.31102,      -11.53699,       13.70313,      -7.008788
        92.4375,       9.302477,      -25.87127,        15.2387,       -15.4352,       5.579255,      -18.43277,       12.38204,      -22.46356
           92.5,       7.553172,      -32.08256,       14.08046,      -13.22947,       5.221076,      -17.20165,       10.23581,       -30.8909
        92.5625,        8.86491,      -33.52236,       15.60117,      -15.11119,        5.65626,      -22.52597,       12.36192,      -30.81558
         92.625,        7.62466,      -43.27636,       14.76141,      -17.28912,        6.24111,      -21.66003,       9.678951,      -47.23734
        92.6875,       6.080812,      -59.17651,       12.46017,       -25.5658,       4.885485,      -25.58525,       7.227249,      -59.12909
          92.75,       3.903225,      -54.55801,       11.44401,       -17.5138,       5.323181,      -35.32331,       5.636285,      -55.46815
        92.8125,       3.534157,       -43.8136,       10.92869,      -11.36205,       3.959386,      -14.39458,       3.351202,       -36.3492
         92.875,       2.641866,      -14.24722,       12.18198,      -6.766486,       5.520047,      -20.19973,        4.02886,      -12.33969
        92.9375,       4.411964,      0.4888731,       12.15145,      -2.272285,       4.750783,      -18.60748,       5.341704,       11.03224
             93,        4.90749,       12.26647,       12.70541,      -3.657876,       4.467585,      -19.72521,        6.29693,       13.69494
        93.0625,          6.126,       12.57041,       12.61386,       6.269353,       4.699975,       -1.32216,       7.793156,       21.40755
         93.125,       8.218797,      -6.030646,       16.62432,      -2.806104,       6.005519,      -11.99582,       11.24053,      -3.311236
        93.1875,        8.14864,        -7.5179,       15.33731,      -7.669131,       5.911832,       -14.5699,       10.25979,      -7.292529
          93.25,       7.519853,      -13.18877,       14.19998,      -3.500409,       5.015867,      -11.74076,       9.883788,      -9.070272
        93.3125,       7.942081,      -19.24826,       14.74969,      -10.11001,       5.374316,      -15.14089,       9.828377,      -14.99556
         93.375,        7.43828,       -22.4168,       14.48915,      -8.438948,       6.011625,      -17.58221,       9.046461,      -24.48686
        93.4375,       6.602889,        -32.051,       15.07367,      -13.92393,       6.084388,      -12.70625,       9.027731,       -30.7864
           93.5,        5.84896,      -27.74589,       12.40993,      -11.44892,       4.666766,      -23.62136,       5.601429,      -32.08853
        93.5625,       4.991424,      -26.29473,        12.5188,      -11.79326,       5.086947,      -23.12622,       6.966327,      -22.30649
         93.625,       6.305749,      -14.22461,       13.73774,      -7.329784,       5.285259,      -10.14988,       5.733331,      -12.72444
        93.6875,        5.84566,      -12.51173,       13.61708,      -6.407939,       6.013291,      -23.31269,       7.465008,      -6.202485
          93.75,       5.421241,      -12.88932,       12.33189,      -5.713455,       4.388545,      -12.83232,       5.480702,       -2.23798
        93.8125,       5.763595,      -6.074409,       13.67351,      -3.990276,       5.840368,      -15.09893,       7.893158,      -2.712749
         93.875,       8.356645,      -15.21988,       15.36843,      -7.219573,       5.207158,      -16.28622,       8.352099,      -7.862943
        93.9375,       6.999845,      -11.57407,       15.19291,      -4.827754,       6.512105,      -12.99898,       9.913839,      -7.626348
             94,        7.54871,      -16.26955,        14.5898,      -8.007104,       5.406555,      -20.53558,       8.878143,      -9.698936
        94.0625,       6.671595,      -17.68573,       13.93901,      -6.713361,       5.333565,      -13.14671,       8.000427,      -13.37798
         94.125,       7.607436,      -22.73586,       14.90792,       -7.76668,       5.717325,      -14.87973,       8.674789,      -12.80763
        94.1875,       7.315009,      -22.15952,       15.08172,      -10.11284,       6.239407,      -15.14552,       8.425443,      -23.68594
          94.25,       6.771448,      -30.49527,       13.89784,      -10.59498,       5.875403,      -21.49938,        7.84574,      -17.60064
        94.3125,       5.772333,      -24.93371,       13.10726,      -7.454955,       4.510074,       -17.0611,       6.907523,      -17.70347
         94.375,       5.515134,      -21.61201,       13.52713,      -7.614084,       6.007888,      -12.12119,        6.54241,      -13.19732
        94.4375,       6.290144,      -22.11817,       14.08304,       -8.08998,       5.363906,      -23.80427,       6.539889,      -14.28793
           94.5,       4.687181,      -18.46879,       13.44153,      -8.871026,       5.644313,      -12.62051,       6.539248,      -7.276553
        94.5625,       5.925434,      -11.91841,        12.4598,      -1.357478,       4.871514,      -20.03473,       6.973135,      -1.111527
         94.625,       7.019752,      -10.39117,       15.81799,      -6.509374,       5.550799,      -11.86976,       8.619455,      -4.334695
        94.6875,         7.3132,      -10.73071,       15.70801,      -5.292659,       6.238534,       -14.4518,        9.94874,      -4.638556
          94.75,       6.657975,      -18.53339,       13.35417,      -7.323753,       5.333306,      -16.91176,       7.489171,      -15.98669
        94.8125,       7.220197,      -17.27824,       14.94733,      -4.988035,        5.55137,       -8.67377,       8.791082,      -11.07261
         94.875,        6.51281,      -25.80167,       14.44181,      -9.331974,       6.376183,      -12.10899,        8.09954,      -17.68785
        94.9375,       7.301218,      -17.89814,       15.57959,      -7.360503,        6.11803,      -21.27717,       8.151454,      -17.03718
             95,       6.152157,      -27.12097,       14.26826,      -6.709713,       5.963549,       -9.19351,       7.191437,      -12.72128
        95.0625,       6.024083,      -15.34669,       13.82641,      -9.830896,       5.694685,      -18.51916,       7.156055,      -12.90151
         95.125,       5.666114,      -18.01202,       14.39964,      -4.715922,       6.141981,      -11.11365,       7.055887,      -7.069941
        95.1875,       6.388127,      -17.56432,       14.89201,      -6.156496,       6.226851,      -22.76227,       7.188137,      -3.597171
          95.25,       5.690017,      -15.03145,       14.65631,      -4.896354,        5.42628,       -14.9825,       8.629878,      -5.025586
        95.3125,       6.334558,      -9.494754,       14.75161,      -3.944866,       6.130955,      -13.54303,        7.77559,     0.07741503
         95.375,       6.095558,      -12.08694,       13.47943,      -6.983181,       4.941581,      -13.61174,       8.586275,      -7.109929
        95.4375,       6.867897,      -11.81677,       16.53297,      -7.998177,       6.243065,      -19.42108,       9.239828,      -12.48465
           95.5,       8.375209,      -17.50437,       14.82131,      -7.387617,       6.110361,      -14.12881,       9.282037,      -11.22672
        95.5625,       5.675496,      -18.35736,       14.35187,      -8.507021,       5.365364,      -11.48827,       8.781585,      -18.12732
         95.625,       6.708901,      -17.09056,       14.61789,      -8.165768,       6.240831,      -17.40146,       7.660892,       -21.8417
        95.6875,       7.687001,      -23.26742,       16.28066,      -9.909906,        6.22892,      -14.14066,       8.828424,      -19.86706
          95.75,       5.731078,      -18.31133,       14.23471,      -8.562153,       6.283675,      -14.31589,       7.046553,      -17.64177
        95.8125,       5.543242,      -18.56536,       14.05526,       -8.77753,       5.860108,      -15.37519,       6.459437,       -16.9187
         95.875,       5.720002,      -11.10421,       13.62957,      -5.571482,       5.442366,      -16.90402,       6.112772,      -8.151283
        95.9375,       6.192738,      -4.994741,       15.13827,      -6.650588,       6.270456,      -11.62386,       7.052323,      -4.357264
             96,       6.301323,      -7.009392,       14.07122,       -2.12277,        6.14336,      -13.96754,       7.375945,       2.503319
        96.0625,       6.415414,      -2.749703,       15.20212,      -4.678191,        6.05557,      -15.36989,       7.651469,      -1.469037
         96.125,       6.589108,      -3.995989,       14.23843,      -3.506526,       5.269937,      -13.57077,       8.307992,       2.135123
        96.1875,       8.001057,      -1.766733,       14.94114,     -0.5759395,       5.956182,      -8.691176,       8.547462,      0.7593369
          96.25,       8.183824,      -8.009356,       17.23964,      -5.115881,       6.726263,       -11.5721,       10.18474,      -5.105895
        96.3125,       7.406383,      -12.66498,       14.86704,      -8.004101,       6.128617,      -16.28804,       8.867092,      -10.78454
         96.375,       7.655884,      -15.65519,       14.90378,      -8.182208,       5.572533,      -11.73683,       8.726275,      -15.38393
        96.4375,       7.998893,      -13.50346,       16.31267,      -7.398582,       6.915176,      -13.22907,       9.657609,       -13.1981
           96.5,       7.739764,      -15.74677,       15.62872,      -6.353521,       6.508569,      -13.58999,       8.488905,      -15.15471
        96.5625,       7.244938,      -15.92413,       16.20451,       -10.9777,        6.85251,      -13.06765,       8.487608,      -18.96642
         96.625,        7.40417,      -14.39349,       14.24052,       -6.09164,       5.922266,      -16.33345,       6.789961,      -11.92514
        96.6875,       7.144628,      -13.79015,       14.70593,      -7.967387,       6.318612,      -17.19211,        7.93411,      -13.18474
          96.75,       7.549333,      -11.82466,       16.35946,      -5.901696,       6.529135,      -9.835683,       8.173349,      -4.439352
        96.8125,       8.085177,      -11.98095,       15.35824,      -6.306318,       6.744841,      -15.63503,       8.160236,      -10.93756
         96.875,       6.846951,      -13.51651,       13.83929,      -4.265497,       5.713089,      -14.61181,       6.956411,      -3.150123
        96.9375,       7.686668,      -10.78941,       15.67693,      -4.395126,       5.714753,      -13.14545,       7.957496,      -4.212265
             97,       7.895772,      -17.10363,       15.60127,      -3.621058,       7.031948,      -12.42447,       8.565833,      -9.279707
        97.0625,       8.018528,      -22.72181,       16.62226,       -12.0822,       6.612373,      -18.03202,       8.691865,      -12.71564
         97.125,        6.53445,      -9.694441,       13.77101,       -1.39035,       5.555996,      -11.97164,       7.330506,      -3.446688
        97.1875,       7.227973,      -20.21527,       15.27569,      -11.99835,        5.94916,      -14.27627,       8.310336,       -15.8884
          97.25,       7.614878,      -7.722517,       15.93395,       1.370067,       7.249703,      -6.036759,       7.874555,      -1.721636
        97.3125,       7.661135,      -21.26309,       16.82385,      -11.92532,       6.519155,      -21.04024,       8.856431,      -12.55566
         97.375,       7.029295,       -16.2426,       14.52652,      -5.424089,       6.048234,      -10.93172,       7.479337,      -5.511313
        97.4375,        7.50629,      -10.14525,       15.03797,      -8.261141,       6.331613,      -15.68892,        8.19855,      -15.56066
           97.5,       8.302052,      -16.04597,       16.86285,       -2.62532,       7.363312,      -7.450378,        9.47222,      0.6965855
        97.5625,       7.908311,       -12.1051,       16.74007,      -8.278627,       6.325782,      -18.99043,       8.635643,      -11.33154
         97.625,       7.924994,      -17.43108,       15.03153,      -2.699079,       6.397459,      -6.876713,       8.595562,      -4.809069
        97.6875,       7.783006,      -13.86302,       15.64555,       -4.26536,       6.460099,      -10.64604,       8.124904,      -6.295665
          97.75,       7.617874,      -25.44065,       16.04873,      -6.149738,       7.238569,      -11.11908,       8.629359,      -13.97301
        97.8125,       8.642905,      -14.96341,       17.85698,      -5.572589,       7.297582,      -11.15086,       9.239295,      -10.07245
         97.875,       6.585823,      -20.11057,        14.5548,      -6.630489,       6.231015,      -17.45428,       7.690725,      -9.293585
        97.9375,       6.718985,      -23.24969,       14.48658,      -7.725369,       6.143564,      -11.39195,       6.966854,      -12.66688
             98,       6.092746,      -25.61648,        16.1374,       -8.24739,       7.154206,      -18.72072,       7.260296,       -7.25817
        98.0625,       7.483911,       -11.2132,         16.671,      -6.858922,       7.233758,      -14.92081,       8.376409,      -5.734507
         98.125,       6.115806,      -17.35264,       15.09417,      -6.756969,       6.139472,      -18.56029,       7.940876,      -8.447224
        98.1875,       6.469368,      -10.07651,       14.38578,      -7.354688,       5.564954,      -16.98949,       7.709889,      -3.984762
          98.25,       7.132546,      -6.234079,       16.27734,      -2.822126,       6.876124,      -8.668919,       9.175921,      -1.572234
        98.3125,       8.420635,      -6.014028,       17.65823,      -3.540567,       6.893474,      -14.40232,       9.785433,      -1.002392
         98.375,       7.904743,      -16.73405,        16.0085,      -8.447133,        6.49763,      -7.563177,       9.707056,      -14.07796
        98.4375,       7.285773,      -15.42052,       14.54188,      -2.861926,       5.926055,      -11.50231,       8.398715,      -12.96303
           98.5,       7.610421,      -17.82819,       17.26513,      -7.141959,       7.393804,      -6.709171,       9.124564,      -11.58002
        98.5625,       8.489474,       -17.8331,       17.52278,       -1.58013,       7.509994,      -6.253998,       9.716262,      -15.34499
         98.625,        6.51795,      -21.53849,       16.04965,      -10.96939,       7.062948,      -14.07434,       7.521134,      -19.37691
        98.6875,       5.960069,      -15.38964,       14.78892,      -6.917684,       6.750672,      -10.05233,       6.464046,      -12.89213
          98.75,       5.944547,      -17.33997,       15.27612,      -3.455575,       7.061056,      -10.06581,       6.453204,      -15.98702
        98.8125,       6.965931,      -15.90568,       16.84325,        -10.769,       8.134007,      -18.72526,       7.044268,      -9.662076
         98.875,       5.930087,      -4.541573,       16.61983,      -5.932145,       7.124824,      -19.90908,       6.874261,       3.303645
        98.9375,       5.820095,       5.704039,       13.80548,      -2.135419,       5.898437,       -11.8252,       7.253751,       9.803378
             99,       7.180267,     -0.9846914,       15.51163,      -7.172889,       6.306058,      -17.72567,       7.909802,       6.514558
        99.0625,       9.167182,       2.805617,       18.25927,       -2.40598,        7.94641,      -16.15874,       10.35891,       1.661589
         99.125,        8.82155,      -4.381871,        16.8387,       -4.20232,       6.114053,      -8.463514,        10.8545,      -1.147877
        99.1875,       8.017003,      -7.938281,       14.66632,      -5.755866,       5.598323,      -14.87136,       8.839699,      -4.967617
          99.25,        9.08196,      -5.389001,       17.33815,      -2.353625,       6.928989,      -4.232644,        11.0535,      -7.970914
        99.3125,       9.782094,      -10.60045,       18.26243,      -3.762466,       7.212356,      -4.711193,       11.06418,      -9.622903
         99.375,       9.525589,      -19.76228,       17.75179,      -10.70647,        7.46101,      -10.45631,       10.11998,      -24.89104
        99.4375,       7.484398,      -19.06397,       15.45194,      -5.172499,       7.282951,      -5.556859,       8.213887,      -20.24873
           99.5,        8.18188,      -22.45927,       16.61655,      -7.801368,       7.289284,      -9.760563,        7.96474,      -22.01132
        99.5625,       7.645354,       -15.9435,       17.73573,       -6.34585,       8.810587,      -9.428805,        8.45899,      -16.91253
         99.625,       7.341723,       -17.3005,       16.89536,      -10.23438,       7.618847,      -15.76881,       6.558652,      -15.08374
        99.6875,       6.070075,      -11.38414,       14.42677,      -8.079316,       6.775348,      -17.59897,       5.877016,      -8.025877
          99.75,       6.544222,      -13.45948,       15.51816,      -7.316325,       7.646649,      -18.44614,       6.047988,      -7.099961
        99.8125,        8.53621,      -3.611499,       17.41509,      -2.951182,       7.913156,       -12.8904,       8.198612,       8.005544
         99.875,       8.111767,      -5.138989,       16.81765,      -6.520752,       6.908816,      -20.18752,       8.874005,      0.6559662
        99.9375,       7.714797,      0.2337714,       15.25615,      -0.606892,       6.222332,      -10.91688,       8.477112,       10.84475
            100,       8.036141,      -9.049778,       15.87758,      -5.606204,       6.474255,      -15.88941,       8.514646,     -0.4165294
       100.0625,       9.350141,       -4.91693,       18.68541,     0.08778705,       7.863982,      -4.775331,       10.52811,      -1.026009
        100.125,       9.820245,       -13.0957,       18.20447,      -8.226517,       7.373402,      -13.10424,       10.81868,      -7.207478
       100.1875,        8.38525,      -13.87039,        16.3175,      -6.820686,       6.564457,      -13.51971,       9.587548,      -10.53722
         100.25,       8.249637,      -11.92906,       15.65609,      -3.669089,       6.661161,      -5.057072,       8.309455,       -10.3984
       100.3125,       9.292036,      -15.24093,       19.71766,      -4.344944,       8.309011,      -6.570597,       11.22164,      -10.46211
        100.375,       8.445526,      -16.34861,       17.16025,      -10.44096,       8.043645,      -15.31894,       8.065413,       -18.9105
       100.4375,       7.855463,      -21.31151,        16.2546,       -7.32372,       7.040591,      -6.782376,       8.049119,      -18.17994
          100.5,       6.790314,      -14.80392,       16.00014,      -4.732785,       7.193713,       -11.0602,       7.501531,      -6.675357
       100.5625,       8.835861,      -10.91867,       18.99702,      -5.329145,       8.884869,      -11.71683,        8.93121,        -11.614
        100.625,       8.267805,      -10.29633,       17.65445,      -4.901682,       7.654826,      -13.39254,       8.638711,      -4.446259
       100.6875,       7.216215,      -11.91631,       15.59373,      -8.432781,        7.26542,      -13.32314,       7.110483,      -8.457371
         100.75,       7.388565,      -10.32929,       16.44873,      -3.540605,       7.821198,      -10.32009,       7.767071,      -3.075597
       100.8125,       8.105358,      -9.001327,        18.6243,      -1.545396,       8.453559,       -13.3203,       8.668631,      -2.394408
        100.875,       9.802205,      -7.509651,        18.5856,      -8.549707,       7.928396,      -13.43994,         9.9271,      -7.305053
       100.9375,       7.325372,      -14.73487,       15.31597,      -5.432127,       6.851418,      -16.33186,       7.765778,     -0.7034336
            101,       8.257513,      -8.743008,       18.36055,      -4.142812,       8.137121,      -9.074641,       8.529673,      -3.009251
       101.0625,       8.841213,      -9.855138,       17.92436,      -9.071725,       8.354227,      -19.48417,       9.955717,       -8.87043
        101.125,       8.630178,       -14.7534,       18.27877,      -5.506166,       7.272115,      -11.85234,       9.337484,      -5.251591
       101.1875,       8.608628,      -8.934118,       17.19122,      -7.593945,       7.513177,      -11.60278,       9.385931,      -10.39419
         101.25,       7.914515,      -11.13851,       16.07075,      -3.503701,       6.484098,      -11.93235,       8.178885,        -3.2516
       101.3125,       8.794533,      -8.319004,       19.00705,      -5.723076,       8.590912,      -9.274184,       10.14294,      -9.025996
        101.375,       8.785193,      -13.49332,       18.60289,       -5.20186,       8.040813,      -7.743024,        9.18495,      -8.489584
       101.4375,       8.063442,      -11.30184,       16.13899,      -5.600116,       7.088179,      -12.02984,       8.285532,      -14.30564
          101.5,       7.605382,      -9.515158,       17.62047,      -2.519148,       8.027173,      -5.211836,       8.347801,      -8.813456
       101.5625,       8.781639,      -14.12753,       18.63544,      -7.937325,       8.913167,      -10.93614,       7.838476,      -9.797677
        101.625,        8.79633,      -6.748896,       17.52314,      -4.250011,       8.532621,      -12.48587,       8.922312,      -7.944922
       101.6875,        7.16082,      -14.99301,       17.49232,      -7.217744,       8.087626,      -12.37777,       7.000364,      -10.05222
         101.75,       9.005557,      -9.332624,       18.60965,      -6.923318,       9.064946,      -15.10106,       8.621521,       -3.84038
       101.8125,       8.132907,      -8.732669,        18.0687,      -5.527738,        7.76216,      -14.03782,       8.613923,     -0.4664857
        101.875,       8.846433,      -10.82591,       18.69356,      -10.16782,       9.215227,      -15.92536,       8.984847,      -6.393834
       101.9375,       8.358412,       -5.05804,       17.10361,      -4.018144,       7.554024,      -17.23278,       9.256097,       1.337245
            102,       8.922332,      -1.999267,       18.87866,      -2.962294,        8.11685,      -8.615086,        9.84824,      -2.605914
       102.0625,       9.101029,      -9.052109,          18.07,      -7.182075,       7.611762,      -20.95284,       9.462605,      -4.375095
        102.125,       9.335771,      -3.571895,       18.81317,      -1.326844,       8.011374,      -1.695047,       10.39769,      -2.392633
       102.1875,       9.943187,      -9.757688,       19.07901,      -8.264462,       8.229974,      -11.68777,       9.961041,      -10.67828
         102.25,        8.86967,      -6.648301,       17.31533,      -1.805131,       7.834945,      -7.362627,       9.242127,      -7.699026
       102.3125,       9.820548,      -10.67755,       19.55021,      -6.097344,       9.047463,      -7.897224,       9.389995,       -15.1064
        102.375,       9.078296,      -14.11642,       18.58126,      -5.171834,       8.721032,      -10.08916,       8.528915,       -5.25175
       102.4375,       9.043226,      -14.28311,       18.71616,      -9.599533,       9.126309,      -13.45503,       8.458971,      -17.88372
          102.5,        8.62469,      -13.25444,       18.75506,      -7.710677,        8.99857,      -14.97782,       8.727876,      -10.64576
       102.5625,       8.357041,      -8.618648,         17.845,      -9.646961,       9.025228,      -16.51955,       7.143502,      -5.321744
        102.625,       8.286927,      -10.03195,       18.05317,      -6.940001,       8.583149,      -18.65437,       8.283764,      -5.167486
       102.6875,       10.06308,      -6.508049,       19.29334,      -8.251128,       8.300886,      -18.18549,       8.995993,      -2.847984
         102.75,       9.169102,      -8.810554,       17.97908,       -5.44219,       8.437948,      -11.40085,       9.267086,     -0.9290052
       102.8125,       9.190786,      -4.062343,       17.96702,      -5.057906,       7.701332,      -15.76458,       8.941175,      0.1595426
        102.875,       9.390213,      -5.030369,       17.69477,      -3.810088,       7.462934,      -11.75072,       9.355731,      -3.187454
       102.9375,        10.1417,      -9.135903,       19.47578,      -2.659626,       9.489055,      -5.146094,       9.363097,        -1.2378
            103,       10.29326,      -13.60967,       19.46194,      -6.547919,       8.168242,      -10.23291,       9.786973,      -8.919498
       103.0625,        9.20965,      -3.327055,       18.32768,       1.123946,       9.125042,      -6.396558,       8.850839,      -2.168063
        103.125,       9.147969,      -12.97212,       18.69272,      -7.589131,       8.739633,      -10.25028,       8.713682,      -6.491879
       103.1875,       10.19291,      -9.203355,       20.21719,      -1.618951,       10.26595,      -8.886621,        9.03316,      -1.440214
         103.25,       10.06328,      -12.42345,       21.02199,      -8.987204,       10.20848,      -16.75167,       9.649284,      -7.061216
       103.3125,       9.288033,      -13.75737,       18.37804,      -12.09588,       8.912962,      -22.92932,       8.353188,      -8.479555
        103.375,        8.50525,      -13.64963,       17.72305,      -7.996288,        8.68969,      -18.28573,       7.973422,       3.223282
       103.4375,       10.53221,      -9.573854,        19.8879,      -7.556403,       9.563788,      -19.26513,       9.873579,      -4.966867
          103.5,       10.45416,      -15.33728,       20.04905,      -12.45976,       8.670248,      -24.96786,        10.8726,      -7.895161
       103.5625,       9.036842,      -12.94901,       16.55815,      -7.596055,       6.944566,      -21.28644,       8.689121,      -2.082541
        103.625,       8.127092,       -12.0877,       17.66184,      -8.880558,       7.671701,      -18.37817,       9.148648,      -2.271457
       103.6875,       10.87015,      -10.85716,       19.66661,      -2.220451,       9.417384,      -9.676234,       9.966769,      -4.405431
         103.75,       9.154417,      -11.60393,       19.19972,       -1.93933,       8.236328,      -6.035935,       9.588282,      -4.754006
       103.8125,       9.303678,      -15.62309,       19.31347,      -10.47867,       7.945741,      -14.09286,       9.578328,      -11.53302
        103.875,       7.603034,      -10.70159,       15.75728,       -1.38802,       8.351473,      -5.048897,       7.723091,     -0.9877354
       103.9375,       8.635303,      -3.458313,       20.03642,      -3.250988,       9.661819,      -17.21624,       8.684207,       4.992517
            104,       10.78556,       -12.3756,       22.12531,      -7.564353,       11.08675,      -10.26059,       10.60543,      -9.275663
       104.0625,       7.945053,      -8.225578,        17.8656,      -9.538873,        8.55451,      -19.59396,       8.302271,      -3.241127
        104.125,       8.590575,      -5.703755,       17.83426,      -6.727964,       8.610459,      -19.22054,       8.258785,      -3.599616
       104.1875,       10.04755,      -7.651158,       19.82821,       -7.96766,       9.431153,      -17.53728,       9.504699,       5.989471
         104.25,       10.74863,      -8.698452,       20.97796,      -5.771529,       9.387249,      -20.10425,       10.60644,      -2.830102
       104.3125,         9.9308,       -10.2905,       18.52219,      -10.53228,       7.973754,      -17.59043,       10.04404,      -1.417131
        104.375,       7.416059,      -9.794753,       16.03295,      -9.029438,       7.581007,      -25.31736,       8.346419,      -1.180864
       104.4375,       10.20873,      -6.915966,       20.17601,      -2.442599,       9.274501,      -13.60835,       9.862056,       6.265686
          104.5,       10.34413,      -6.661805,       22.38286,      -5.814365,       9.529187,      -13.94695,       11.27359,      -6.783002
       104.5625,       9.361512,       -10.4623,       16.57408,      -11.04761,       6.899911,      -20.83549,         9.9519,      -1.619527
        104.625,       7.514165,      -8.413282,       16.05641,      -8.851578,       6.714672,      -28.52633,       9.207669,      -1.601105
       104.6875,       9.823483,     0.01266387,       18.67136,       -3.00696,       8.027731,      -15.28944,       9.734191,       2.273644
         104.75,       11.32028,      -8.508154,       21.90424,      -9.314911,       9.536346,      -9.901079,       12.16309,      -7.823795
       104.8125,       10.60503,      -11.02142,       18.78602,       -8.51053,       7.414283,      -17.05945,       10.43394,       -11.8495
        104.875,       8.512653,      -9.833348,       15.96408,      -5.500299,       6.192621,      -10.50407,       9.568762,      -8.885153
       104.9375,       9.951564,      -7.221577,       19.15619,      -3.400208,       7.883922,      -10.89048,       10.10968,      -1.397606
            105,       11.45385,      -8.381169,       22.15558,      -7.768283,       10.29107,      -11.11647,       11.45618,      -10.70689
       105.0625,       9.716912,      -9.848117,       18.40503,      -5.411733,       8.817034,      -8.362933,       8.793584,      -10.16709
        105.125,       8.592498,      -12.59082,       17.04493,      -6.470542,       7.228076,      -15.51497,       8.693225,      -5.980412
       105.1875,        9.77191,      -1.948085,       20.76049,     -0.7170182,       9.922006,      -4.814961,       9.435175,      0.0291756
         105.25,       10.85952,      -7.889277,       21.64165,      -7.259096,       10.50136,      -13.79863,       10.40824,      -3.445684
       105.3125,       10.43706,       -7.56912,        19.5937,       -6.18124,       9.130136,      -19.90885,       9.773103,     -0.3660842
        105.375,       8.663765,      -5.377164,       17.60895,      -11.21084,       8.178798,      -19.95989,         9.4848,     -0.4039154
       105.4375,       10.39901,      -4.682913,       19.19645,      -3.255726,       8.401639,      -18.18125,       9.768881,       2.570354
          105.5,       12.21016,       -7.22855,       22.62103,      -6.929728,       9.794385,      -13.73333,       12.45085,      -5.545266
       105.5625,       10.67062,      -12.02375,       18.56665,      -11.27868,       7.600796,      -17.68509,       11.03285,      -12.58439
        105.625,       9.323264,      -9.894725,       16.10969,      -4.080231,       5.945845,      -13.21034,       9.530468,       -2.13298
       105.6875,       9.745337,      -9.947432,       19.04072,      -7.358022,       8.125898,       -16.5677,       9.919157,      -8.542235
         105.75,       12.34083,      -5.975386,       22.27321,      -2.641048,       9.421298,      -3.654356,       11.29053,      -8.053794
       105.8125,       9.900949,      -13.26206,       19.37067,      -8.624143,       8.792311,      -6.047727,       9.710105,      -13.98019
        105.875,       9.137836,      -7.137486,       16.40617,      -4.130971,       7.117938,      -4.120009,       8.947618,      -7.668596
       105.9375,        10.1531,      -9.669267,        19.5437,     -0.2637824,       8.588511,       -6.08484,       9.301016,      -8.185632
            106,       11.72776,      -4.213408,       21.82781,      -2.996177,       10.41754,      -7.584434,       10.82877,     -0.3454282
       106.0625,       11.13613,      -10.79425,       22.10602,      -9.643558,        10.1853,      -13.97458,       10.13002,       -11.2746
        106.125,       9.438149,      -8.011065,       17.65149,      -2.701829,       8.216713,      -8.888422,       9.029963,     -0.7483696
       106.1875,       9.886328,      -10.64618,       19.35605,      -6.212568,        9.56389,      -8.822344,       9.315903,      -6.335641
         106.25,       12.90189,      -8.582676,       23.95657,      -2.303241,       10.97351,      -8.813157,        12.1749,      -6.062267
       106.3125,       10.95653,      -18.47749,       20.75348,      -15.41295,       9.520429,      -18.74024,        10.5782,      -14.03516
        106.375,       9.710412,      -6.417481,       18.11014,      -3.822712,       7.997159,      -9.138652,       9.412675,       -3.94965
       106.4375,       10.30485,      -13.19982,       20.54145,      -5.567513,       10.28593,      -14.74318,       9.491873,      -7.693299
          106.5,        12.1512,       -9.93229,        23.2273,      -5.560619,       10.43203,      -12.50421,       11.84563,      -6.590345
       106.5625,       10.53303,      -9.294558,       20.85018,      -8.969085,        9.41718,      -10.74082,       9.951578,      -8.113687
        106.625,       9.719442,       -14.2248,       18.38621,      -5.747243,        8.00855,      -18.87364,       8.992817,      -7.460355
       106.6875,       9.840426,      -1.603189,       19.06081,      -3.665967,       8.533583,       -5.33047,       9.385884,       3.258851
         106.75,       12.36176,      -8.917223,       22.74157,      -5.239078,       10.16999,      -15.23167,       12.54787,      -1.426894
       106.8125,       10.77151,      -11.45468,       20.69676,      -6.656028,       9.095575,      -11.92855,       10.13645,       -9.78362
        106.875,       9.536778,      -9.769119,       18.07871,      -6.482492,       8.318605,      -9.898612,       9.528152,      -4.875426
       106.9375,       10.35503,      -4.937214,        19.9181,      0.7826039,       7.964719,      -3.936675,        10.3432,      -2.901436
            107,       11.22167,      -10.44239,       21.56134,      -7.559876,       10.20933,       -10.1906,        11.0984,       -7.11905
       107.0625,       11.73126,      -7.956469,       22.26273,      -4.531095,       10.23964,      -6.300302,       11.49699,      -11.21089
        107.125,       10.75799,      -11.66352,       20.77888,      -7.837874,       9.148405,      -10.01426,       10.07372,       -10.4785
       107.1875,       10.43828,      -8.939897,       20.18082,      -4.341904,       9.963718,      -6.656122,       10.06213,      -7.513268
         107.25,       11.69688,      -8.191157,       24.19911,      -5.622479,       11.52416,      -9.056537,       11.55378,      -10.40556
       107.3125,       11.30301,      -9.513559,       20.97734,      -5.735447,       9.986877,      -10.78825,        9.55331,      -7.537531
        107.375,       10.47835,      -11.11899,       21.10445,      -6.978087,       10.26886,      -13.49734,       9.516822,      -7.033625
       107.4375,        11.0292,      -4.383874,       21.50097,      -4.411969,       10.17249,      -10.73616,       10.90909,    -0.05799723
          107.5,       11.14235,      -8.586532,       22.04932,      -7.799908,       10.66576,      -15.68385,       10.38389,      -9.033685
       107.5625,       12.00747,      -8.137465,       21.68483,      -5.106413,       9.829672,      -15.01547,       10.43511,      0.7243207
        107.625,       10.37568,      -3.476979,       20.94462,      -5.537614,       8.928502,      -11.64323,       11.64065,      -4.837004
       107.6875,       10.66611,      -9.868372,       19.50043,      -6.747497,       8.917645,      -11.54924,       9.750125,      -6.246707
         107.75,       11.89971,      -4.207558,       22.26511,      -5.231572,        9.74554,      -11.69878,       11.58274,      -5.411175
       107.8125,        11.3497,      -9.640302,       21.36931,      -4.982985,       9.295287,      -8.570279,       11.09446,      -8.117376
        107.875,       11.73698,      -5.897558,       21.00485,      -6.296237,       9.877944,      -6.743117,        10.5672,      -10.09849
       107.9375,       11.46979,      -9.445505,       21.72895,       -5.67556,       9.207809,      -9.474206,        10.8601,      -10.34829
            108,       11.60761,      -7.609254,       21.23525,      -6.962046,       10.79334,      -6.772468,       10.21488,      -8.805903
       108.0625,       12.30916,      -8.673493,       23.29224,      -2.608312,       10.61418,      -7.577512,       11.35751,       -4.61925
        108.125,        11.4555,      -7.326242,       21.97689,      -6.046283,       10.77411,      -9.324676,       10.39772,      -11.28709
       108.1875,       11.58648,      -5.110138,       22.14407,      -3.512126,       10.82707,      -7.694084,       9.917038,      0.4387189
         108.25,       11.43813,        -7.2443,       21.33357,      -7.409275,       10.20119,      -14.35756,       10.58963,      -7.298113
       108.3125,       12.04935,      -3.562907,       22.45714,      -2.301584,       10.71432,      -7.506206,       10.78426,     -0.1765184
        108.375,       13.35961,      -7.330557,       23.93814,      -6.185127,       11.44376,      -13.99611,       11.83768,      -3.617069
       108.4375,       11.72596,      -11.91189,       21.29289,      -9.415688,       9.669979,      -14.24184,       10.67556,      -10.57232
          108.5,       11.61968,      -6.573428,       21.23768,      -6.029984,       10.12531,      -10.62729,       10.49542,       -4.45397
       108.5625,       12.52555,      -11.19596,       21.95781,       -6.37807,       9.839149,      -12.71343,       11.38608,      -8.163648
        108.625,       13.01328,      -5.659686,       22.57823,      -5.761306,       10.26738,      -8.023559,       11.13488,      -6.226418
       108.6875,       12.33571,      -12.84588,       22.08827,      -5.393517,       10.43879,      -11.97048,       10.95754,      -9.245828
         108.75,       11.48532,      -11.59021,       20.40944,       -8.26121,       9.420296,      -7.553904,       10.68063,      -12.12225
       108.8125,       12.30136,      -7.642808,       22.52416,      -2.481839,       10.17324,      -8.758335,        10.3235,       -2.93301
        108.875,       12.63178,      -10.62139,       23.12911,      -3.722732,       11.14427,      -5.880495,       10.72233,      -10.30747
       108.9375,       12.50184,       -10.6653,       22.86846,      -7.000145,       10.78186,      -11.52248,       11.20311,      -4.600616
            109,        11.6351,      -9.941958,       21.74642,      -6.095197,       10.21068,      -10.49922,       10.31826,      -10.17756
       109.0625,       11.14964,      -8.148967,       20.69373,      -2.293149,       10.42167,      -4.441116,        9.76522,      0.0428576
        109.125,       13.23636,      -10.09326,       24.92407,      -5.430068,       11.63264,      -14.75115,       11.73716,      -7.767248
       109.1875,       13.07193,      -11.72005,       23.83427,      -7.705137,       11.20805,       -8.73588,       12.06566,      -6.081092
         109.25,       10.96414,      -10.42865,       20.76557,      -8.064815,        10.0587,       -15.8245,       10.01522,      -6.476805
       109.3125,       12.07223,      -8.811783,       22.31533,      -1.458712,       10.19601,      -4.770473,       11.37832,      -3.994735
        109.375,       12.37426,      -14.61124,       22.98784,      -9.830139,       11.11302,       -11.9059,       11.01757,      -11.63412
       109.4375,       13.89003,      -10.54589,       24.99535,       -5.20308,       12.07936,      -10.82787,        12.1244,      -7.546984
          109.5,       10.38498,        -13.212,       21.23866,      -4.466588,       10.04282,      -6.539055,       10.44287,       -5.51475
       109.5625,       12.45515,      -11.56974,       22.59963,       -9.02554,       10.84744,      -13.19174,       10.77667,      -9.507004
        109.625,       12.82918,      -8.934292,       24.00222,      -1.579068,       11.29844,      -9.548847,       11.43808,      -4.087488
       109.6875,       11.79767,      -12.82341,       23.12481,      -7.135495,       11.27361,      -10.70981,       10.40069,      -9.106695
         109.75,       11.34168,      -11.22409,        22.4351,      -5.751384,       10.37335,      -8.604095,       10.50851,      -3.332675
       109.8125,       10.94925,      -9.433112,       20.40867,      -7.322879,       9.862551,      -9.346274,       10.46126,      -5.393887
        109.875,       12.54978,      -8.438424,       24.94674,      -1.233027,       11.87566,      -9.531794,       11.60847,      -5.401927
       109.9375,       11.75697,      -10.17799,       22.46741,      -7.805201,       11.06525,      -11.53976,       10.86215,      -4.259342
            110,       11.27113,      -11.07763,       22.28331,      -7.313541,       10.12415,      -10.93198,       10.96485,      -10.93783
       110.0625,        10.7274,      -10.05784,       21.65339,       -6.02108,       9.882676,      -9.860289,        10.7575,      -7.679473
        110.125,       12.76103,     -0.7652071,        24.0802,      -1.673193,       12.16635,      -2.675688,       11.04212,      -0.543222
       110.1875,       13.54413,      -11.54622,       26.46317,       -9.47611,       12.72945,      -14.28516,       13.15701,       -13.2587
         110.25,         11.466,      -7.635388,       21.75991,      -6.038652,       10.08552,      -10.23999,       9.943138,       -7.46716
       110.3125,       11.44975,      -8.953932,       22.01534,      -4.422404,       10.74923,      -7.548035,       11.25959,      -5.395803
        110.375,       13.47542,      -5.022068,       25.38434,      -4.805779,       12.32248,       -8.87642,       10.82884,      -6.990281
       110.4375,       13.25329,      -8.558758,       26.59829,      -7.001555,       12.57166,      -10.01312,       13.01511,      -5.906949
          110.5,        11.7242,      -8.169634,       21.86126,      -6.299032,       10.98034,      -10.97891,       10.50224,      -9.305749
       110.5625,       11.97482,       -9.29506,       22.34348,      -7.317386,       10.44269,      -11.79373,       10.57309,      -7.074526
        110.625,       11.65575,      -4.068568,       23.82103,      -2.493303,        12.3454,      -6.020336,       11.09296,     -0.7529958
       110.6875,       14.21869,      -4.919952,       25.46277,       -4.95592,       11.97842,      -10.35296,       12.26888,      -6.572524
         110.75,       11.85294,      -8.314027,       22.54682,      -7.847516,       10.99521,      -13.17857,       11.05884,      -7.186862
       110.8125,        11.0893,      -10.22001,       21.25029,       -8.09527,       9.786992,      -12.42023,       9.810224,      -9.476779
        110.875,       12.63417,     -0.5239065,       23.52546,      -2.486066,       11.61791,      -3.791516,       11.58505,      -2.144694
       110.9375,         14.733,      -6.561454,       26.52141,      -6.676014,       13.14493,      -12.16877,       12.04934,      -9.601954
            111,       13.45647,      -8.555597,       24.18088,      -6.070721,       10.89092,      -9.338987,       11.72876,      -6.861107
       111.0625,       11.29421,      -3.035827,       21.19152,      -2.813122,       11.01128,      -6.403142,       9.671185,      -3.764016
        111.125,       14.58144,      -8.701627,       25.57442,      -7.671629,       11.70983,      -11.58269,       12.15332,      -6.429004
       111.1875,       13.75912,      -5.023955,       26.32005,      -3.016764,       12.90877,       -7.74058,       12.41229,      -2.588417
         111.25,       13.45927,      -7.436322,       23.91935,      -7.381022,       12.29923,      -9.286206,       11.27074,      -12.07824
       111.3125,       12.02524,      -10.99223,       21.50605,      -7.490683,       10.41031,      -13.98319,       10.29841,      -4.236595
        111.375,       13.36118,       -5.36208,       24.70946,      -4.092774,       11.71347,       -5.78195,       11.69897,       -4.97035
       111.4375,       14.49868,      -8.543171,       25.90342,      -9.130849,        12.2995,      -15.79519,       12.59888,      -10.94168
          111.5,       14.25071,       -13.2578,       24.98624,      -7.323783,       12.97314,      -8.560962,       11.43434,      -8.265462
       111.5625,       11.15947,      -5.821628,       20.43877,      -6.976464,       9.840671,      -10.43987,       10.29425,      -7.912394
        111.625,       13.02482,       -8.07883,       23.77783,      -1.717002,       11.47513,       -8.36875,       11.02419,      -5.132402
       111.6875,       15.78661,      -10.48719,       27.92012,       -5.96788,       13.72237,      -7.412398,       12.18186,      -8.822523
         111.75,       13.89676,      -11.87399,       24.91887,      -9.091353,       12.66315,      -11.85411,       11.83444,      -8.234149
       111.8125,       11.54075,      -7.859178,       22.34508,      -5.081534,       10.64287,      -9.397567,       9.847761,      -6.301867
        111.875,       13.13298,      -6.923672,       23.16077,      -3.646826,       11.93799,      -6.384405,       11.00144,      -1.456856
       111.9375,       14.56591,      -7.720601,        28.1741,      -2.041229,        14.2807,      -7.804344,       12.66391,      -2.691946
            112,       15.02937,      -8.033894,       26.83882,      -8.844284,       13.01764,      -13.55174,       12.06789,      -8.373509
       112.0625,        11.2239,      -9.208438,       20.46912,      -7.119764,       9.899809,      -11.41955,       9.723685,      -3.878273
        112.125,       12.85872,      -6.577686,       24.23648,      -2.555614,       11.81135,      -9.135687,       11.19662,     -0.7714224
       112.1875,       15.56225,      -6.713743,       26.08337,      -7.521915,       12.91253,      -9.909823,       12.63108,       -3.52011
         112.25,       15.47121,      -12.10965,       28.31763,      -7.212424,       14.07416,      -14.51059,       13.92631,      -9.509577
       112.3125,       11.85535,      -13.76106,       20.79638,      -11.48895,       9.341338,      -13.73456,       10.13121,      -10.59282
        112.375,       12.19922,      -6.695366,        22.2749,      -1.130602,        11.0284,      -4.242849,       10.86754,      -4.559486
       112.4375,       16.07224,      -11.86749,       28.96364,      -6.873739,       14.41366,       -10.5693,        13.2855,      -9.391065
          112.5,       14.75593,        -12.903,       26.73096,      -8.378234,       12.83275,      -12.36298,       13.26197,      -10.00766
       112.5625,       12.34364,      -10.83146,       22.59791,      -4.127056,       11.35487,      -5.110513,       9.843582,      -7.064325
        112.625,       10.87704,      -11.00679,       21.82634,      -6.756186,       11.13612,      -9.607487,       10.56744,      -7.976092
       112.6875,       15.51033,      -6.160639,       28.97215,      -2.576655,       14.69877,      -6.861143,       12.54151,      -4.014579
         112.75,       13.64531,      -8.588602,       25.46179,      -7.023026,       12.52672,      -12.92439,       12.22848,       -7.36232
       112.8125,       12.02167,      -9.819242,       23.84223,      -7.801792,       12.08319,      -8.997591,        10.3431,      -8.175311
        112.875,       12.09598,      -9.317182,         22.509,      -5.984388,       11.65117,      -12.94052,       10.26258,      -4.637502
       112.9375,       14.51339,      0.2653987,       27.95444,       1.308044,       13.75851,      -2.570304,       12.63295,       4.292495
            113,       15.21232,      -14.15294,       27.96951,      -12.61742,       14.15365,      -17.02222,       13.40555,      -10.27225
       113.0625,       12.82056,      -5.649562,       23.33381,       -5.41044,       11.46628,      -13.24838,        11.1599,      -7.143496
        113.125,       11.58919,      -7.431775,       22.49422,      -4.982723,       10.22996,      -10.30292,       10.88429,      -1.736381
       113.1875,       15.91133,      -4.561732,       29.25669,      -3.522783,       14.90422,      -8.400991,       13.64448,      -5.223234
         113.25,       15.20033,      -9.039153,       27.43694,      -8.708794,       13.00144,      -7.794217,       12.56721,      -9.622509
       113.3125,       12.73614,      -13.16865,       24.07466,       -10.2953,       12.14833,      -15.40363,       12.16348,      -10.42603
        113.375,       11.83044,     0.08982988,       21.86642,      0.9177978,       10.52649,      -2.098953,       10.03292,        -2.1917
       113.4375,       16.97888,      -9.269027,       30.92187,      -7.457995,       15.90227,      -12.43925,       14.98473,       -8.00645
          113.5,       15.15376,      -6.756675,       27.22702,      -6.900255,       13.77785,      -8.247713,       11.84888,      -11.09195
       113.5625,       12.80792,      -10.48405,       24.28236,      -6.130042,       11.82119,      -12.44722,       11.14308,      -2.565441
        113.625,       11.97188,      -4.080149,       22.83215,      -7.767757,       11.80486,      -8.500172,       10.47693,      -10.27577
       113.6875,       16.35177,      -7.524965,       28.24891,      -4.671712,       14.18457,      -10.74357,       13.73222,      -3.297008
         113.75,       14.97838,      -7.955376,       28.69081,      -6.771993,       14.62704,      -8.673956,       12.42993,       -9.56091
       113.8125,        13.6673,      -7.512015,       23.23668,       -9.92799,        11.4942,      -16.02375,       10.91516,      -8.156723
        113.875,       12.92582,      -7.343964,       24.20572,      -4.214199,       12.27703,       -9.07766,       11.58173,      -2.716782
       113.9375,        15.4042,       1.138091,       27.76558,     -0.3947582,       13.30906,      -5.194668,       11.81852,     -0.6509797
            114,       17.21289,       -11.1005,       29.61597,      -7.906208,       15.44629,      -11.02349,       14.38304,      -8.768829
       114.0625,        14.0138,      -5.799665,       25.46232,      -7.336991,       12.25206,       -12.2189,       11.89135,      -5.942764
        114.125,       13.65205,      -4.524138,        23.7406,      -4.011454,       11.56116,      -6.994998,       11.13056,      -5.849639
       114.1875,       17.31257,      -7.963193,       31.57666,      -3.837211,       15.98426,      -6.023596,       14.48788,      -4.560589
         114.25,       16.06716,      -7.242416,       27.65057,      -8.534375,       14.38501,      -14.11121,        12.1018,      -7.645067
       114.3125,       15.09022,      -7.889654,       26.30244,      -5.972732,       13.17009,      -8.528316,        12.6448,      -10.12381
        114.375,       14.17734,      -10.94376,        25.1619,      -8.613062,       12.62007,      -12.56366,       11.01132,      -4.747518
       114.4375,       16.38022,      -10.53721,       28.72597,      -6.594285,       14.39736,      -9.923773,       13.97925,      -9.279197
          114.5,       16.36275,      -9.899615,       28.91272,      -7.783422,       14.75275,      -12.40617,       13.02759,      -9.327785
       114.5625,       13.76965,      -11.37358,       25.23865,      -8.735052,       12.83178,      -14.24004,       11.47523,      -6.581022
        114.625,       14.58168,      -9.050833,       25.83055,      -5.765682,       12.56798,      -8.221758,       12.29002,      -7.362344
       114.6875,       15.06318,      -3.432329,        27.5699,      -1.600569,       14.05476,      -5.538304,       12.15939,      -2.473054
         114.75,       16.42341,      -10.37653,       29.00141,      -7.493139,       14.23527,      -10.48641,       13.53955,      -8.409437
       114.8125,       15.08058,      -7.600746,       27.54451,      -4.472947,       14.31859,      -7.135003,       12.47476,      -2.630396
        114.875,       15.29665,      -4.401603,       27.68638,      -4.453815,       14.04002,      -9.152145,       12.97046,      -5.487997
       114.9375,       15.33915,      -8.951559,       27.98919,      -3.919165,       14.37527,      -7.237186,       12.34621,      -4.854471
            115,        17.8331,      -7.004711,       31.52498,      -7.639456,       15.91935,      -11.88877,       14.74813,      -4.641738
       115.0625,       15.66809,      -14.30462,       27.16937,      -9.054132,       14.45167,      -12.86068,       12.14872,      -9.354496
        115.125,       14.89662,      -5.434439,       27.60709,      -4.965652,       13.50229,      -9.667807,       12.83639,      -6.168285
       115.1875,       16.41076,      -14.13755,       28.99175,      -8.570443,       15.26742,      -12.87543,       13.40002,      -7.519292
         115.25,       16.05663,      -10.61591,       29.82622,      -10.16582,       14.71066,      -15.06704,       13.51608,      -10.88031
       115.3125,       15.79424,      -11.67788,       28.02953,      -5.620079,       13.77422,      -11.40075,       13.35892,      -5.753246
        115.375,       14.18738,      -12.05339,       26.83828,      -10.54142,       13.68855,      -11.74617,       12.28821,      -13.66651
       115.4375,        15.1283,      -6.460185,       28.35474,      -5.441282,       13.90005,       -9.23885,       13.08686,      -7.372258
          115.5,       16.15097,      -8.768603,       29.61949,      -4.609859,       14.90263,      -7.363162,       13.24755,      -4.580588
       115.5625,       14.62166,      -6.146707,       26.41069,      -6.059048,       13.82966,      -7.257684,       12.33314,      -8.257032
        115.625,       15.09893,      -4.146622,       28.95651,     -0.7407386,       14.78483,      -4.754251,        12.4792,       -4.03626
       115.6875,       15.96595,      -9.466787,        29.6195,      -8.608857,        15.4265,      -11.46016,       12.89699,      -7.796332
         115.75,       15.04616,      -3.431761,       28.13073,      -2.823219,       14.86504,      -7.096755,       12.30093,      -1.720385
       115.8125,       17.13043,      -7.782446,       30.92537,      -8.129526,       16.16047,      -11.58171,       13.90722,      -7.715464
        115.875,       16.51752,      -9.672196,       30.26429,      -7.523718,       15.85492,      -12.17605,       13.78994,      -6.490984
       115.9375,       15.17724,      -8.524663,       28.80453,      -8.084805,        15.2073,      -14.30451,       12.61141,      -4.370597
            116,        15.9826,      -7.286112,         28.621,      -8.957632,       14.54486,      -12.15842,       13.20055,      -10.15499
       116.0625,       16.32831,      -7.533702,       29.69187,      -5.943641,       15.37141,      -12.99555,       14.19048,      -1.665353
        116.125,       16.26145,      -7.645419,       29.82019,      -8.418148,       14.68025,      -13.95658,       13.34883,      -9.211975
       116.1875,       16.40126,      -9.206275,       29.28428,      -9.304175,       14.84604,      -12.24226,       14.23996,      -10.39207
         116.25,       15.85532,      -2.881812,       27.94807,      -3.185282,       13.92585,      -7.070495,       12.43946,      -3.085174
       116.3125,       17.30367,      -6.494282,        30.7577,      -5.325944,       15.54772,      -8.556806,        14.8513,      -8.670061
        116.375,       18.26221,      -4.771793,       32.16435,      -4.903598,       16.57322,      -5.833992,       14.13839,      -5.804082
       116.4375,       15.67143,      -9.564631,       28.92388,      -7.545868,       14.88587,      -11.68242,       12.63864,      -11.86155
          116.5,        15.4584,      -7.924323,       28.12889,      -7.511868,       14.53588,       -7.37128,       12.23462,      -4.885312
       116.5625,       16.77555,      -3.228316,       29.72079,      -3.752371,       16.47457,      -7.835839,        13.3453,      -4.832495
        116.625,       19.33315,      -7.954129,       34.28537,      -9.180766,       18.10588,      -11.50645,       15.21059,      -11.19753
       116.6875,       15.87595,       -11.9825,        29.1327,      -9.950116,       16.43671,      -15.18311,        12.7639,      -6.956193
         116.75,       15.51429,      -5.488334,       27.75023,      -8.012667,         14.147,      -15.27612,        11.6512,      -8.757792
       116.8125,       16.22952,       -6.62272,        28.6227,      -7.033988,       15.02323,       -13.3382,       12.98917,      -3.133353
        116.875,        19.6808,      -5.233654,       34.66354,      -7.633573,       17.97104,      -12.23569,       15.92129,      -6.679607
       116.9375,       16.44883,      -12.07223,       27.98679,       -12.6577,       14.18621,      -19.64344,       12.69539,      -12.01381
            117,       16.30973,      -1.601168,        27.3937,      -4.126992,       13.71568,      -8.804469,       12.88546,       -3.49622
       117.0625,       17.79426,      -5.208461,       30.05815,      -4.275612,       15.17795,      -8.107308,       13.59779,      -3.589358
        117.125,       20.78815,      -8.072984,        34.0719,      -6.507162,       17.42267,      -9.952577,       15.59122,      -6.178423
       117.1875,       18.03409,      -9.207089,       30.86388,      -7.673622,       16.30199,      -8.877506,       14.49114,      -10.95265
         117.25,       16.05804,      -10.28932,       28.24565,      -7.572025,       14.61792,      -11.02709,       12.54494,       -9.72335
       117.3125,       17.27924,      -4.921696,       29.52517,      -2.198836,        15.1586,      -6.389033,       12.87943,      -1.997453
        117.375,       20.50216,      -12.14497,       35.70664,      -11.23313,       19.64313,      -14.61988,       15.94238,      -13.94764
       117.4375,       18.64251,      -12.92806,       32.48236,      -10.38558,       16.99884,      -13.82957,       14.15503,      -9.889062
          117.5,       14.97564,      -13.75317,       26.88405,      -11.18305,       14.78691,      -16.39061,       11.65081,      -10.94248
       117.5625,       16.99601,      -5.431767,       29.45074,       -5.14925,       15.17736,      -10.30867,       12.77509,      -5.149621
        117.625,       19.64719,      -9.881639,       34.13382,      -7.870575,       18.11646,      -13.11444,       14.96462,      -8.621117
       117.6875,       18.93362,      -13.50104,       32.30636,       -13.5983,        16.9254,      -20.30677,       14.09778,      -9.094152
         117.75,       14.76507,      -10.09513,       25.59992,      -8.748603,       13.23379,      -12.77199,       11.92573,      -6.783981
       117.8125,       16.89742,      -9.998349,        28.7012,      -6.998241,       15.19591,      -12.95313,       12.59388,       -6.41443
        117.875,       22.75913,      -6.194183,       39.34417,      -3.215161,       20.95106,      -7.451767,       17.75278,      -2.583097
       117.9375,       17.48257,      -13.93983,       29.64195,       -11.2497,       15.28101,      -16.16426,       13.17182,      -9.193688
            118,        15.3596,       -13.0503,       27.43471,      -10.83669,       14.19026,      -15.48485,       12.97952,      -10.40252
       118.0625,       17.60162,      -8.198763,       30.68793,         -4.936,       16.08737,      -12.06239,        13.3299,       -3.82601
        118.125,       20.45505,      -11.57225,        35.3576,      -8.661188,       18.73421,      -11.99203,        15.7136,      -7.359257
       118.1875,       18.24903,      -16.77612,       32.47723,      -13.78656,       16.91109,      -19.54499,       14.51854,      -15.05896
         118.25,       15.17454,      -10.03773,        27.6258,      -8.222362,       14.57696,      -11.46573,       12.27246,      -6.041665
       118.3125,       15.78436,      -9.042076,       27.78745,      -5.052644,       14.29987,       -9.48428,       12.74039,       -7.06429
        118.375,       21.03861,      -9.003186,        37.5373,      -8.024981,       19.82753,      -11.59886,       16.48077,      -5.633619
       118.4375,       18.28674,      -12.68408,       31.07945,      -10.90283,       16.79866,      -17.56785,        14.0277,      -12.64111
          118.5,       14.68028,      -11.25747,       27.84291,      -9.971684,       14.58642,      -13.54035,       11.60221,       -10.3795
       118.5625,       17.00889,      -6.442094,       29.35885,      -3.820779,       16.15704,      -6.414079,        12.7989,      -1.750726
        118.625,       21.51591,      -8.657139,       38.73533,      -6.917206,        21.2498,      -14.14519,       17.22219,      -6.013039
       118.6875,       19.05042,      -14.62414,       33.62904,      -14.61457,       17.85745,      -19.92403,        14.5945,      -14.66623
         118.75,       15.92331,      -14.62078,       28.72548,      -14.08232,       15.14529,      -21.24496,       12.21512,      -11.80951
       118.8125,        16.6026,      -13.11678,       29.29753,      -11.75897,       16.48956,      -20.05515,       13.27163,      -5.498253
        118.875,       20.99575,      -13.20519,       36.91837,       -13.2188,       19.73223,      -21.38165,       16.05064,      -11.27605
       118.9375,       18.96049,      -14.60002,       33.31805,      -14.86628,       16.64149,      -20.99632,       15.04859,      -13.51785
            119,       14.13098,       -14.7837,       25.35496,      -14.08495,       12.90874,       -24.2026,       11.80932,      -12.30387
       119.0625,       16.24404,      -8.823632,       27.46803,      -7.484352,       13.18182,      -14.49862,       12.75056,      -4.364865
        119.125,       19.53996,      -7.367546,       34.27861,       -6.09079,       17.51297,      -11.09491,       16.06817,      -6.066502
       119.1875,       19.32476,      -8.389885,       33.30288,      -7.512984,       16.49202,      -10.79391,        14.8351,      -8.121042
         119.25,        15.3572,      -7.722236,       28.04895,      -6.658537,       14.27413,      -7.888205,       12.78283,      -5.865232
       119.3125,       16.80233,      -3.547493,       29.80457,      -3.032299,       15.75399,      -4.922564,       13.06743,      -7.894622
        119.375,       22.73486,      -1.857403,       38.85161,     -0.8182049,       21.39833,      -3.188862,       17.03915,       1.506438
       119.4375,       21.31245,      -12.32954,       37.56086,      -12.02286,        20.5138,       -15.5134,       15.39296,      -13.44051
          119.5,        16.9785,       -15.3834,       30.28573,      -15.47091,       17.52133,      -20.51289,       13.22711,      -11.25185
       119.5625,       18.91305,      -14.34947,       32.67702,      -13.81428,       18.80677,      -21.09564,       13.40033,      -11.83777
        119.625,       20.09549,      -12.64822,       35.50443,      -12.10998,       19.90165,      -20.33421,       15.55498,      -11.43203
       119.6875,       22.02856,      -19.26509,       37.80746,      -21.18087,       19.99404,      -31.31004,       16.08371,      -15.89755
         119.75,       16.56306,       -24.1056,       27.57789,      -23.12754,       15.13794,      -35.51286,       12.90052,      -17.07954
       119.8125,       15.50129,      -18.12201,       27.13169,      -17.82911,        13.9819,      -31.03011,       12.01197,      -11.80811
        119.875,       19.19802,      -10.42353,       32.20901,      -9.946432,       15.73313,      -18.52784,       15.49391,      -6.724835
       119.9375,       19.63262,      -10.56339,       32.26282,      -10.06349,       15.45591,      -16.28378,       15.11102,      -10.25066
            120,       14.51848,      -10.00087,       25.77729,      -8.538881,       11.23921,      -13.57149,       12.64113,      -8.387321
       120.0625,       16.44954,      -2.364103,       27.25402,      0.5828499,       13.13438,      -1.781568,       13.27741,      -1.284979
        120.125,       20.68587,      -2.477819,       35.84601,      -2.252153,       17.94345,      -2.205303,       15.46264,      -3.444307
       120.1875,       22.64017,      -8.356019,       37.75557,       -5.42394,       20.87823,      -7.639166,       17.21142,      -6.974809
         120.25,       17.73386,      -7.422296,       32.19506,      -6.888252,       17.21866,       -8.13722,       13.77058,      -9.437467
       120.3125,       19.10064,      -6.852864,       32.03867,       -5.13825,       18.33306,      -8.103151,       13.73517,      -5.090222
        120.375,       21.81569,      -13.25365,       37.97306,      -11.85071,       20.68536,      -16.84396,       16.50544,      -10.53338
       120.4375,        23.1228,      -20.81312,       39.74277,      -17.75233,       22.09574,      -27.39034,       16.76636,      -15.64846
          120.5,       18.22292,      -19.63924,       32.26549,      -20.13878,       17.89554,      -28.13596,        13.9025,      -16.94942
       120.5625,       17.84789,      -20.73894,       31.47672,      -20.08366,       17.53965,       -31.3691,       13.38321,      -16.81553
        120.625,       19.23176,      -13.91087,       32.58986,      -13.00035,       17.34986,      -22.05022,       14.10408,      -7.406307
       120.6875,       20.15493,      -15.82446,       35.35243,      -15.29222,       17.05228,      -23.37494,       16.79296,      -12.71533
         120.75,       15.87811,       -17.2582,       25.98366,      -17.16622,       12.65736,      -30.06611,       12.05745,      -10.49885
       120.8125,       15.50056,      -11.27973,       26.55931,      -11.16119,       12.84597,      -22.63331,       13.11135,      -7.558755
        120.875,       20.00433,       -12.3365,       33.33521,      -10.41707,       15.44475,       -16.8163,       15.61453,      -8.062615
       120.9375,       20.02843,      -6.424904,        33.9169,      -4.388956,       17.13885,      -7.092313,       16.17717,      -5.415303
            121,       16.95556,      -8.419066,       28.91369,      -5.058865,       13.73025,      -7.031783,       13.51051,      -9.678739
       121.0625,       17.35436,      -7.550004,       29.21487,      -4.472693,       14.24986,      -5.955293,       13.51935,       -3.08144
        121.125,       17.93657,      -8.116147,       31.99247,      -5.594096,       15.95772,      -9.888734,       14.90681,       -8.55086
       121.1875,       22.53987,      -8.525709,       38.98132,       -6.10946,       19.57225,      -7.626911,       17.30974,      -5.494984
         121.25,       19.31357,      -11.87949,       33.23465,      -10.96578,       18.00748,      -15.56958,       14.31612,      -14.93573
       121.3125,       18.03921,      -10.52949,       32.18193,       -6.91144,       17.33161,      -8.318707,       14.20645,      -5.708533
        121.375,       19.63476,      -6.760125,       35.34602,      -5.852139,        18.7949,      -9.126991,       15.28641,      -8.676739
       121.4375,       21.71362,      -14.61303,       37.92209,      -13.45776,       20.24276,       -22.0518,       16.40893,      -13.27217
          121.5,       19.32499,      -12.84259,       33.89488,      -11.84935,       17.86097,      -17.57578,       14.79088,      -8.009024
       121.5625,       19.62765,      -16.37559,       35.07128,      -17.80583,       19.09954,      -24.77312,       14.91854,      -16.36506
        121.625,        20.3282,      -10.63133,       33.94281,      -9.261315,       17.72742,      -20.47814,       15.57773,      -4.596211
       121.6875,       20.59712,      -17.75763,       36.88522,      -17.45001,       19.12008,      -24.82174,       16.05966,      -14.37408
         121.75,       18.96969,      -13.26908,         31.346,      -13.37491,       15.82274,      -23.06097,       14.90441,      -10.56604
       121.8125,        16.6109,      -18.25908,       29.78763,      -17.97847,       13.62618,      -30.49468,       14.10344,       -13.4847
        121.875,         16.602,      -10.12556,       27.78825,      -10.40505,       13.13653,      -16.59329,       13.26979,      -8.137257
       121.9375,       19.40076,      -6.059578,       32.81288,      -5.092209,       14.62403,      -12.01999,       15.76032,      -4.939621
            122,       18.06937,      -4.817146,       30.79722,      -4.815467,       13.77254,      -5.283747,       15.02426,      -6.078295
       122.0625,        17.5022,      -4.489617,       29.58941,      -2.310503,       14.44632,      -1.290244,       13.95326,      -6.410169
        122.125,        18.9722,      0.5155441,        33.2868,     -0.6388926,       15.57926,       1.412993,        14.3238,      -1.953071
       122.1875,       21.39139,      -1.520458,       35.68597,       1.241572,        18.5827,       2.894406,       16.87094,        -3.1301
         122.25,       21.94887,     -0.3143002,       37.63818,     -0.4337116,       20.41797,        -1.4778,       15.95882,      -4.114987
       122.3125,       22.24911,      -7.652335,       37.81271,      -6.905053,       19.75855,       -7.52906,       15.95831,      -6.835473
        122.375,        22.7439,       -8.81857,       40.01078,       -8.00822,       22.43233,       -10.0097,       16.87063,      -9.409023
       122.4375,       22.27538,      -9.323703,       37.40546,       -8.73285,       20.93057,      -12.95541,       16.10191,      -6.408895
          122.5,        23.8227,      -12.01657,       41.19887,      -12.89373,       22.90692,      -19.34439,       18.18052,      -13.09065
       122.5625,       22.00173,      -19.38641,       36.13131,      -19.05252,       19.66236,      -27.12706,       15.26967,      -15.20156
        122.625,       19.89133,      -15.79051,       34.46888,      -16.24508,       17.89575,      -24.62224,       15.20217,      -14.02495
       122.6875,       20.21202,      -14.62478,       33.49395,      -14.61394,        17.1188,      -24.33753,       15.43547,      -12.59695
         122.75,       19.99456,      -14.52067,       32.53057,      -13.99885,       15.75933,      -24.32567,       14.82131,      -10.41965
       122.8125,       19.32455,       -14.4622,       33.35188,      -13.07991,       15.32845,      -18.92508,       15.52608,      -14.27566
        122.875,       19.39605,      -5.531872,       30.27746,      -4.789759,       14.29008,      -5.866463,       14.63073,      -3.872958
       122.9375,        17.3608,      -6.630698,       29.38198,      -3.209323,       13.54207,      -5.351358,       13.29695,      -6.350018
            123,       20.95272,     -0.4267718,       36.09879,       1.726917,       17.55157,       2.017365,       17.01802,      0.9710197
       123.0625,       21.72059,      -2.460652,       35.41516,     0.03417913,       18.10798,     -0.6915593,       15.55621,      -2.987442
        123.125,       22.07727,       -4.15798,       38.55401,      -1.884519,       19.71408,      -0.625223,       16.77217,      -5.571249
       123.1875,       20.18774,      -5.216558,       34.59769,      -3.604218,       18.51604,      -3.007627,       15.15153,      -4.397419
         123.25,       23.69187,      -2.678446,       39.78938,     -0.8752444,       21.78663,      -2.932641,       16.90691,      -1.710157
       123.3125,       25.30986,       -12.9524,       42.55922,      -10.95018,       22.04292,      -12.99957,       18.83952,      -11.81679
        123.375,       22.79217,      -10.71924,       38.59624,      -10.58525,       21.80766,       -13.6512,       16.53142,      -9.995995
       123.4375,       20.77632,      -15.13545,       34.69015,      -11.70125,       18.81647,       -18.9624,       14.88536,      -11.10835
          123.5,       23.01049,      -10.55929,       39.50603,      -8.550562,        20.4638,      -12.25859,       17.38347,      -7.655138
       123.5625,       23.03769,      -13.30492,       38.91499,      -11.19938,       20.90923,      -16.98567,        17.1287,      -10.49109
        123.625,       21.30303,      -18.60242,       36.27162,      -14.78697,       18.40838,      -21.10343,       16.00396,      -13.92324
       123.6875,       18.69942,      -8.245492,       32.22347,      -7.192294,       16.11514,      -13.22024,       14.72812,       -6.56057
         123.75,       20.83058,       -12.0568,       35.69708,      -8.860344,       17.42994,      -13.59057,       15.68208,      -5.918765
       123.8125,       23.58852,      -6.909691,       40.56426,      -5.789127,       21.73065,      -9.898831,       18.40471,      -6.134886
        123.875,       19.41187,      -8.308152,       33.17229,      -6.142719,       16.28977,      -7.174857,        15.1486,      -8.165084
       123.9375,       18.71249,       -5.47458,       32.65535,      -5.358282,       16.66969,      -6.050579,       14.94944,      -7.905639
            124,       21.94514,       -3.11825,       37.04045,     -0.7460919,        19.1454,      -4.501683,       16.43889,      -3.598261
       124.0625,       23.58676,      -10.70856,       40.33239,      -9.744798,       20.35217,      -10.12886,        17.5174,      -9.037108
        124.125,       22.71541,      -10.17695,       38.78601,      -7.700215,       20.95737,      -10.33142,       17.03338,      -10.98131
       124.1875,       19.94369,        -8.5015,       34.72824,      -7.088615,        18.2133,      -10.09241,       14.88699,      -8.518331
         124.25,       21.99036,      -5.372228,       38.51087,       -3.80397,       20.43921,      -4.258368,       16.41102,      -4.143212
       124.3125,       24.85728,      -10.16716,       42.45653,      -8.250751,       23.20347,      -11.17725,       18.42615,       -8.10972
        124.375,       22.03842,      -11.58181,       39.22732,      -11.18164,       20.00694,      -15.75517,       16.87591,      -11.62094
       124.4375,       19.65368,      -11.48492,       33.43764,       -10.2999,         18.337,      -14.77042,        14.9566,      -9.971407
          124.5,       21.76109,      -6.968853,       38.59871,       -5.85474,       20.28874,      -11.54263,       16.26274,      -4.341966
       124.5625,       24.47759,       -4.83049,       42.70302,      -6.718993,       21.89081,      -9.994345,       18.57476,      -5.533209
        124.625,       23.39496,      -10.31022,       39.96342,      -9.707752,       21.07796,      -14.00595,       18.10403,      -10.12601
       124.6875,       18.64283,      -7.645092,       30.89539,      -10.20273,       15.57176,      -12.49242,       14.12412,      -7.905307
         124.75,       19.88494,      -4.321157,       33.77394,      -1.640908,       17.05788,      -7.786359,       14.93848,      -3.483868
       124.8125,        26.4305,      -6.315987,       45.05511,      -6.818642,       22.86108,      -8.441854,       19.49096,      -7.570043
        124.875,       23.81108,      -9.825095,       39.45671,      -10.77099,       20.70641,      -12.13132,       17.88876,       -10.5114
       124.9375,       19.41665,      -5.406043,       32.98235,      -4.691859,       17.31631,      -5.815569,       14.47709,      -6.564071
            125,       22.27276,      -2.541809,       36.60771,       -1.57053,        18.8889,      -2.888567,       16.21503,      -3.770299
       125.0625,       26.16206,      -9.047869,       44.18923,      -8.502044,       23.90646,      -9.584797,        19.2517,      -9.600438
        125.125,       27.07946,      -8.722203,       44.81075,      -8.673339,       23.79174,      -10.43055,       19.05282,      -9.309928
       125.1875,       19.64709,       -12.7438,       33.12968,      -10.76981,       18.38904,      -14.58972,       14.39106,      -12.08718
         125.25,       22.03263,      -7.431599,       38.32809,      -5.766221,       20.68411,      -9.861304,       16.15929,      -5.187093
       125.3125,       28.24446,      -3.967854,       47.41387,      -2.618262,       24.80131,      -6.282127,       20.43724,      -3.601849
        125.375,       24.41905,      -16.76954,       40.62494,      -18.04483,       22.34893,      -20.75296,       17.54298,      -16.99393
       125.4375,        19.0786,       -10.7731,       32.76309,      -8.215755,       17.06178,      -15.93875,       14.09024,      -6.683878
          125.5,        21.9201,      -5.664727,       37.25632,      -6.383661,       19.01256,      -11.19518,       16.64517,      -4.827035
       125.5625,       26.92556,       -9.82458,       45.15439,       -8.85897,       24.01008,       -12.7859,       19.80333,      -9.180387
        125.625,       24.20757,      -10.64242,       40.21399,      -11.42213,       20.53419,      -13.98066,       17.15701,      -12.49976
       125.6875,       19.45844,      -10.60953,       31.87272,      -10.29688,       15.94657,      -13.34995,         14.707,      -10.12387
         125.75,       18.99736,      -5.360017,       32.16721,       -3.51969,       15.93877,      -7.384142,       13.65514,      -6.395572
       125.8125,       27.68809,      -4.773478,       45.66239,      -3.959913,       23.84308,      -5.314704,       20.01814,      -3.084746
        125.875,       26.97749,      -9.316611,       44.11919,      -8.030575,       23.48057,      -8.530717,       18.71661,      -9.654747
       125.9375,       21.51894,      -8.739222,       36.47393,      -8.278694,       19.11896,      -9.284629,       16.30895,      -9.662805
            126,       22.91557,      -1.570946,       37.98802,     -0.3341342,       20.51621,     -0.8447395,       16.06007,      -1.324257
       126.0625,       28.42495,      -6.007067,        48.0419,      -3.668171,       25.97895,      -6.532217,       20.65109,       -3.41932
        126.125,       27.49788,      -9.069707,       46.17995,      -8.588167,       24.77868,      -11.16434,       19.62868,      -9.332737
       126.1875,       23.34127,      -8.304303,       39.32917,       -9.29432,        21.4915,      -11.81095,       16.99362,      -7.683283
         126.25,       23.03955,      -9.234659,       38.21803,      -6.687656,        21.0643,      -9.768962,       16.67974,      -5.978405
       126.3125,       28.57682,      -5.559882,       48.12768,      -5.779183,       25.88231,      -9.089684,       20.79699,      -6.291278
        126.375,       26.65643,      -14.83111,       44.18285,      -13.17292,       23.90729,       -17.8349,       19.51277,      -12.01049
       126.4375,       22.77671,      -13.84149,       38.07078,       -14.4336,       19.97182,      -18.29827,        16.9071,      -15.83909
          126.5,       22.39015,       -9.36106,       36.98371,        -8.1019,       19.75072,      -12.79532,       16.38935,      -7.395473
       126.5625,       26.86954,      -10.01059,       44.38311,      -8.699615,        23.7206,       -14.7906,       18.47774,      -9.899723
        126.625,       26.70281,       -10.3504,       44.17411,      -9.724905,       22.71774,      -11.85625,        19.5347,       -10.2861
       126.6875,       22.44265,      -11.72428,       37.65581,      -9.901814,       18.54407,      -11.64322,       16.09845,      -9.705413
         126.75,       20.90049,      -4.876752,       34.31447,      -3.848574,       18.18652,      -6.541062,       15.43745,      -5.997581
       126.8125,       29.71739,      -6.674982,       49.66177,      -4.453947,       26.10351,      -7.441982,       20.96727,       -5.44191
        126.875,       26.56075,      -11.27478,       44.41379,      -10.82176,       23.64709,      -11.44531,       19.19554,      -9.596461
       126.9375,       24.03328,      -7.235416,       40.20351,      -4.847694,       21.37009,      -6.186449,       17.23734,      -8.821269
            127,        23.1083,      -3.572043,       39.20393,      -3.357613,       21.62757,      -4.293342,       16.57474,        -2.9706
       127.0625,       30.14596,      -2.089637,        49.5467,     -0.1671772,       26.34978,      -2.493027,       21.18519,     -0.5520058
        127.125,       30.04599,      -13.35322,       50.29082,      -12.42638,        27.7496,      -14.69718,       21.49368,      -10.40645
       127.1875,       24.25527,      -12.43472,       40.97751,      -10.49329,       22.83334,      -12.81528,       17.79882,      -12.63469
         127.25,       25.31968,      -7.231427,       43.09542,      -6.190393,       23.26422,      -11.49375,        18.1932,      -5.233331
       127.3125,       30.16149,      -7.165875,       50.57498,      -6.088284,       27.02658,      -7.358884,       20.89438,      -5.597528
        127.375,       29.63428,      -12.53835,        49.5808,      -11.93129,       27.45833,      -16.82697,       21.70549,      -11.80887
       127.4375,       23.94147,      -16.95033,       40.35783,      -15.45342,        21.4287,      -19.29595,       17.26081,      -12.58404
          127.5,       24.55275,      -6.419468,       41.61202,      -7.138015,       22.24194,      -12.79491,       18.27436,      -6.464459
       127.5625,       29.22361,      -14.16703,       47.86399,      -12.61143,       25.64209,      -16.81388,       20.53478,      -13.18313
        127.625,       26.50763,      -10.15951,       44.40289,      -9.150162,       23.02595,      -12.36307,        19.6522,      -8.000731
       127.6875,       22.55039,      -11.05942,       37.51443,       -10.8382,       19.37147,      -14.34304,       16.28228,      -11.01957
         127.75,       24.38508,      -12.23548,        39.6609,       -10.0857,       20.88378,      -14.30359,       18.20055,      -11.16381
       127.8125,       25.98448,      -4.850032,       43.84721,      -3.120483,       22.14325,      -4.832992,       18.72424,      -4.363752
        127.875,       28.15623,      -7.428156,       47.87432,      -6.665024,       25.22321,       -7.50127,       20.84365,      -8.091168
       127.9375,       26.47424,      -10.70411,       44.19679,      -8.990822,       24.14678,      -9.877903,       18.65752,      -12.54353
            128,       25.45714,      -2.942438,       43.64435,       -2.40721,       23.88368,      -3.557739,       18.98513,      -2.508224
       128.0625,       30.92989,      -5.792518,        51.9557,      -5.073455,       28.59928,      -7.566587,       21.08371,      -6.943312
        128.125,        30.3656,      -11.79214,        50.7697,      -11.80015,       27.73342,      -14.99602,        21.6046,      -11.95359
       128.1875,       26.81087,      -13.19845,       46.06241,      -13.04603,       25.47964,      -16.29176,       19.55559,      -12.25933
         128.25,       27.55989,      -7.272963,       46.13501,      -7.431658,        25.4614,      -12.77176,       19.58305,      -5.729269
       128.3125,        28.3753,      -11.29003,       47.36008,      -11.78959,         24.949,      -16.20394,       20.04292,       -12.8876
        128.375,       27.47552,       -10.3176,       45.63648,      -10.08566,       24.62502,      -15.28569,       19.54736,       -7.08102
       128.4375,       26.31489,      -11.72147,       42.98449,      -11.88314,       22.20864,      -16.68202,       18.90808,      -11.98527
          128.5,       25.80323,       -5.68052,       43.81494,      -6.669162,       22.36602,      -9.904929,       18.85336,      -4.865938
       128.5625,       26.96268,      -7.294662,       42.66145,      -6.232686,       22.59383,      -9.232863,       19.22333,      -6.698995
        128.625,       28.23058,      -10.44829,       46.12998,      -9.444958,       23.26695,      -11.33311,       19.58011,      -12.38258
       128.6875,       26.66075,       -2.18023,       44.72256,      -3.616061,       23.60271,       -3.98033,        19.7383,      -2.226307
         128.75,       29.31791,      -7.630276,       45.89277,      -5.211023,       24.52609,      -6.762911,       19.79881,      -7.453001
       128.8125,       30.09889,      -5.474154,       50.59498,      -5.225268,       27.46808,      -6.106769,       21.93142,      -7.364207
        128.875,       30.13407,      -5.735208,       49.07113,      -4.377381,       26.77818,       -5.88702,         20.567,      -4.990252
       128.9375,       31.20553,      -9.524715,       50.48409,       -8.40018,       27.22277,      -10.53407,       21.20015,      -10.56341
            129,       30.72454,      -5.211041,       51.28339,      -5.262444,       28.08748,      -6.934985,       21.88564,      -2.627449
       129.0625,       30.64285,      -10.95335,       49.80965,      -7.819774,       27.47013,      -10.48732,       21.10956,      -10.42104
        129.125,       30.06278,      -8.983772,       49.73354,      -8.979513,       27.73215,      -12.43057,        21.3049,      -9.219171
       129.1875,       30.40199,      -8.419957,       49.20714,      -6.492925,        26.6467,      -9.344125,       20.36246,      -4.186395
         129.25,        29.8086,      -11.04278,       50.01636,      -9.202287,       26.93824,      -13.73032,       21.55789,      -10.96493
       129.3125,         31.979,      -12.64483,       51.69251,      -11.77463,       28.08182,      -15.34522,       22.15017,      -11.95975
        129.375,       27.46967,      -13.88917,       46.23262,      -11.81502,       24.87417,      -16.04372,       19.42062,      -11.57973
       129.4375,       27.83956,       -12.5943,       44.70887,      -11.24163,       23.68851,      -13.97882,       19.26327,      -11.61681
          129.5,       33.15448,       -12.4981,       55.03199,      -10.52184,       29.69818,      -14.52639,       23.33274,      -11.60935
       129.5625,       27.50333,      -13.12969,       45.98952,      -12.19159,       24.48798,      -14.76443,       19.14371,      -12.26851
        129.625,        28.7247,      -7.360133,        46.3367,      -4.974788,       24.30435,       -7.65992,       20.35939,      -4.195148
       129.6875,       27.13652,      -9.358911,       45.63805,      -7.562488,       23.75533,      -9.227787,       19.27648,      -9.510466
         129.75,        32.6069,      -8.968579,       53.88681,      -6.445533,       29.44432,      -8.769106,       22.75716,      -6.086218
       129.8125,       29.55383,      -7.236652,       50.15041,      -6.013525,       26.66961,      -8.229312,       21.45016,       -6.53066
        129.875,       28.41529,      -5.204168,       47.32402,      -3.887789,       25.54336,      -4.249934,       20.29832,      -3.044023
       129.9375,       29.07155,      -2.718614,       48.39191,      -1.993371,       26.41319,      -3.712773,       20.53765,      -3.168975
            130,       34.74487,      -5.753093,       58.16936,      -3.660677,       31.26338,      -5.973991,       24.54006,      -4.232484
       130.0625,       30.54556,      -7.983889,       50.34335,      -6.508953,       27.96931,      -7.527033,       21.37825,      -6.327883
        130.125,       29.61286,      -8.814653,       50.25499,      -8.879735,        27.5936,      -10.79348,       21.18355,      -8.604926
       130.1875,       30.39982,      -8.875487,        49.6452,      -7.301009,        27.4654,      -10.07093,       21.31834,      -8.115245
         130.25,       36.23851,      -9.093672,        60.7333,      -7.803452,       33.85283,      -9.617567,        25.7725,      -7.524946
       130.3125,       31.41843,      -15.54275,       52.06851,      -13.58864,       28.77313,      -18.30327,       21.62195,      -14.84772
        130.375,       29.35448,      -16.51104,       50.20995,      -15.56866,       26.52877,      -19.32004,       21.43134,      -15.50008
       130.4375,       28.58628,      -7.532016,       47.99539,      -6.135156,       26.66335,      -8.864917,       21.04544,      -5.738938
          130.5,       33.76651,      -10.07286,       56.90577,      -10.43218,       30.11982,      -14.07602,       23.41529,      -12.21439
       130.5625,       31.49241,      -11.35246,       52.78537,      -10.49048,       28.45844,      -13.88442,       22.51354,      -11.14901
        130.625,       26.31421,      -7.852125,       43.37085,      -8.383501,       23.48695,      -9.547739,       18.45321,      -7.697555
       130.6875,       27.83836,      -5.976112,       45.51214,      -5.949684,       23.99464,      -9.157758,       19.69455,      -8.788194
         130.75,       36.14329,      -1.716689,       60.75169,     -0.6970638,       32.73647,      -2.317423,       25.16646,       1.089789
       130.8125,       32.51205,       -8.58048,       53.49174,      -8.148439,       29.19323,      -9.928457,        22.9514,      -11.44897
        130.875,       27.67944,      -7.419232,        44.8287,      -7.157918,       24.24688,      -7.544957,       18.67115,      -5.371553
       130.9375,       30.94792,      -4.798432,        51.2816,      -3.236613,       28.65129,      -5.360877,       21.39736,      -5.583818
            131,        39.2823,      -2.511307,       66.11987,      -2.353652,       36.20103,      -4.544994,       27.48368,      -1.056456
       131.0625,       35.34495,       -12.9707,       57.47978,      -12.52212,       31.78604,      -15.00129,       24.65683,      -13.11769
        131.125,       29.30018,      -11.99663,       48.48113,      -11.35332,       26.50113,      -14.75106,       20.01487,      -11.24741
       131.1875,       31.43506,       -5.12109,       51.76256,      -4.526322,       28.82042,      -7.691877,       21.89846,      -3.584528
         131.25,       35.46487,      -8.876218,       58.59683,      -9.390102,       31.76646,      -12.31166,       24.99068,       -10.3651
       131.3125,       36.41881,      -13.06815,       59.38627,      -12.39646,       32.63609,      -15.77143,       24.76538,      -12.34023
        131.375,       25.83402,      -9.976446,       41.85919,      -10.15184,       22.18826,      -13.93822,       17.68464,      -10.40929
       131.4375,       29.71692,      -8.313646,       48.31561,      -7.515433,       26.13206,      -10.22705,       20.77332,      -7.498324
          131.5,       40.16611,      -6.069575,       65.25758,      -5.200402,       34.67989,      -6.697027,       27.54832,      -6.019063
       131.5625,       33.24419,      -11.88113,       52.87034,      -11.15211,       29.10442,      -14.03396,       22.35254,      -11.70943
        131.625,       28.99748,      -6.457523,       48.63382,      -4.702048,       26.02063,       -5.98313,       20.35509,      -5.556279
       131.6875,       29.80702,      -7.898046,       48.15959,      -6.533909,       26.20805,      -7.465777,        20.5912,      -7.225889
         131.75,        40.1464,      -4.186576,        65.5172,      -3.476345,       36.64272,      -4.667285,       27.11808,      -4.186462
       131.8125,       37.16076,      -12.49135,       61.06711,      -10.53313,        33.0859,      -13.53464,       25.88123,      -11.61034
        131.875,       29.55692,      -10.88885,       49.36076,      -9.784527,       27.15614,      -11.41533,       20.17677,      -11.96186
       131.9375,       30.38611,       -4.16686,       49.80682,      -3.417129,       27.83919,      -6.161548,       20.71993,      -2.189871
            132,       42.69154,      -7.813973,       68.83217,      -6.120042,       37.76514,      -8.427164,       28.75388,      -5.926323
       132.0625,       34.95834,      -15.15653,       58.25881,      -14.75515,       32.27691,      -17.81946,        23.8356,      -14.61202
        132.125,       33.03461,      -8.382411,       54.25306,      -8.022422,       29.38611,      -10.46039,       23.48794,      -7.475399
       132.1875,       31.36856,      -7.329243,       50.99559,      -6.084435,       28.30825,      -10.67464,       21.41699,      -6.571944
         132.25,         38.613,      -9.417624,       62.08807,      -6.676179,       33.41738,      -9.012911,       26.40681,      -6.219781
       132.3125,       38.34366,      -14.11027,         62.339,      -15.16414,       33.57895,      -17.72353,       25.71727,      -15.30137
        132.375,       27.46039,      -11.88699,       45.07167,       -9.21123,       24.38656,      -10.47953,       19.90414,      -10.09205
       132.4375,       31.27509,      -8.022233,       50.58025,      -5.350275,       27.86506,      -8.256609,       20.64799,      -5.455336
          132.5,       40.17765,      -8.134476,       65.95228,      -7.038122,       36.43477,      -8.767848,        28.2707,      -7.800975
       132.5625,        38.0668,       -14.6737,       63.74844,      -13.05573,       34.44637,      -15.77333,       26.30138,      -13.38456
        132.625,       30.83384,      -8.836192,       50.47934,      -8.358841,       27.98974,      -9.876809,        21.2214,      -10.37108
       132.6875,       33.43527,      -5.623058,       54.27569,      -3.361382,       29.05707,      -5.860193,       22.13833,      -2.501164
         132.75,       38.95771,      -8.350459,       65.51234,      -6.600338,        36.1982,      -8.294926,       27.39333,      -6.721463
       132.8125,       39.10602,      -10.72186,       63.75951,      -9.477146,       35.41588,      -12.50512,       26.73873,      -9.543189
        132.875,       31.40691,      -7.080904,       52.96613,      -6.010316,       29.22944,      -7.142523,       22.12304,      -5.275038
       132.9375,       34.45061,      -6.740659,       56.63492,      -6.040846,       31.08258,      -8.582096,       23.96457,      -6.555203
            133,       40.23008,      -2.355654,       66.74912,     -0.1032019,       37.10649,      -2.720862,       27.71737,     -0.5330998
       133.0625,       39.85586,      -14.59017,       65.42391,      -14.95327,       35.77546,      -16.24186,       27.76355,      -15.08793
        133.125,       33.85598,      -7.960955,       55.83224,      -7.316774,       31.40225,      -10.61897,       23.51626,      -7.332628
       133.1875,        38.4939,      -9.294046,       63.59823,      -7.460165,       34.81168,      -9.946355,       26.34236,      -8.395462
         133.25,       39.75033,      -12.05403,       65.67581,      -11.68898,       36.18608,      -13.87416,       27.47013,      -12.06682
       133.3125,       44.28416,      -8.649366,       71.89532,       -8.51345,       40.41039,      -10.32302,        30.3592,      -8.314773
        133.375,       33.92897,      -13.64508,       56.22608,      -12.09506,       30.46426,      -15.14499,       23.35515,      -12.97835
       133.4375,       36.10071,      -11.20761,       60.44749,      -9.821244,       33.41628,      -12.75586,       25.11065,      -11.07336
          133.5,       40.27168,      -10.25099,       65.08723,      -9.372907,        36.0352,      -11.85088,       27.48266,      -9.676145
       133.5625,       39.17207,      -8.736791,       66.52759,      -8.384233,       35.84099,      -11.77572,        27.3313,      -9.207635
        133.625,       33.83643,      -8.767094,       54.80203,      -9.057291,       30.45758,      -9.701999,       22.52206,      -8.912953
       133.6875,       33.72953,      -6.055602,       56.13484,      -4.291739,       30.36254,         -6.282,       23.35138,      -4.478694
         133.75,       38.40506,      -8.363078,       62.69067,      -7.726722,       34.75204,      -10.60825,       26.72603,      -7.948268
       133.8125,       40.44164,      -5.576423,       67.13409,      -5.046391,       36.37688,      -6.386926,       27.44706,      -6.006192
        133.875,       36.11716,      -6.974765,       59.22768,      -7.491359,       33.24257,      -9.022996,        24.5679,      -6.619814
       133.9375,       38.04477,      -7.178468,       63.09159,      -6.445486,       34.80492,      -8.863572,       26.39939,      -8.190228
            134,       43.72297,      -6.009903,        70.8585,      -5.419092,       39.38613,      -7.433479,        29.6751,      -3.990511
       134.0625,       44.96017,      -11.48125,       73.44816,      -10.97913,       40.77436,      -12.77476,       30.15967,      -12.56629
        134.125,       40.35014,      -9.061196,       66.18892,      -9.089427,        37.0024,      -12.00912,         27.819,      -8.758511
       134.1875,       43.24828,      -10.17322,       70.66612,       -9.23784,       38.81458,      -11.20042,       29.25439,      -9.454315
         134.25,       41.56982,      -11.34936,       67.64516,       -11.3788,       38.25616,      -14.32583,       28.36178,      -11.22814
       134.3125,       43.43588,      -7.934644,       70.82824,      -6.563478,       38.45813,       -9.47483,        29.7543,      -6.986547
        134.375,       40.06725,      -10.74081,       65.22704,      -10.80064,       36.12407,       -13.8756,       26.51233,      -11.12708
       134.4375,       37.61765,      -9.707632,       61.18401,      -8.219628,       33.25037,      -9.528599,       26.06653,      -8.793264
          134.5,       42.58085,      -5.026707,       70.19416,       -5.21243,       38.20743,      -7.863077,       28.76704,      -5.963398
       134.5625,       41.22653,      -11.67653,       66.87508,       -9.76423,       37.44597,      -11.11757,       27.88918,      -9.711305
        134.625,       36.42145,      -7.626436,       59.08034,       -7.35645,       32.52887,      -9.132895,       24.52263,      -8.707128
       134.6875,       41.48692,      -5.786882,       68.89738,      -5.527368,       37.78565,      -8.452722,       27.90651,      -6.000009
         134.75,       44.22772,      -10.45129,       71.53322,      -9.118707,        39.7084,      -10.23327,       30.09081,      -9.819275
       134.8125,       41.68754,      -8.815987,       67.74151,      -9.066103,       37.44805,      -10.66091,        27.6674,      -9.326468
        134.875,       43.05164,      -7.290491,        70.1345,      -5.512343,        39.5775,      -7.675255,       28.76558,      -5.712344
       134.9375,       46.99694,      -11.49195,       76.17679,       -11.8784,       42.26306,      -13.93052,       31.63586,      -11.64799
            135,       41.85314,      -10.06549,       67.51231,      -8.167989,       37.83646,      -11.12551,       27.67583,      -8.866145
       135.0625,       46.86763,      -8.989395,       76.10986,      -8.949186,       42.04118,      -10.91438,       31.79823,      -8.295485
        135.125,       45.45462,       -10.4024,       73.10299,      -8.741277,       40.56157,      -11.41774,        30.5862,      -9.598362
       135.1875,        43.8075,      -8.945825,       72.32335,       -7.31566,       39.86544,      -9.589701,       29.58517,       -6.88969
         135.25,       43.79382,       -11.1753,       71.24133,      -10.31983,       39.76743,      -12.50961,        29.7609,      -10.64789
       135.3125,       41.07269,      -11.01287,       67.05772,      -9.977252,       36.96534,       -12.5549,       28.08162,      -10.35877
        135.375,       44.49105,      -3.282053,       73.16525,      -2.352018,       40.23336,      -4.295338,       30.37437,      -2.596215
       135.4375,       46.44526,       -11.5894,       75.28294,       -10.2976,       41.84167,      -11.88571,       31.07289,      -11.52899
          135.5,       41.60038,      -11.59258,       69.34908,      -10.80742,       38.37252,      -12.89843,       28.14299,      -10.96049
       135.5625,       41.76613,      -6.645043,       66.93793,      -5.060054,       37.35595,      -6.952068,       27.85704,      -5.615499
        135.625,       45.12686,      -8.564111,       75.17937,      -8.398674,       41.59705,      -10.48273,       30.53853,      -8.527415
       135.6875,       45.62451,      -9.826457,       74.24821,      -7.548353,       40.91002,       -9.79191,        30.5325,      -7.371077
         135.75,       46.01808,      -7.338713,       75.32896,      -6.954625,       42.53579,       -8.39256,       31.59672,      -7.654853
       135.8125,        43.7182,      -10.53953,       72.04253,      -9.562258,       39.74339,      -11.92609,       29.34143,      -9.665148
        135.875,       43.01825,      -10.45631,       70.12987,      -9.007225,       39.65483,      -11.22868,       28.55127,      -9.145955
       135.9375,       49.17725,      -9.228312,       81.42022,      -8.494459,       44.58891,      -11.02131,       34.22534,      -9.370712
            136,       46.55049,      -9.360889,       76.34007,      -9.037809,       42.54674,      -11.03162,       30.76657,      -9.522266
       136.0625,       43.36497,      -10.82865,       70.49413,      -10.47363,       39.21124,      -12.08324,       29.75689,      -9.703905
        136.125,       50.24294,      -4.709537,       83.07163,       -3.20993,       46.32385,      -5.382842,       34.20444,      -4.121803
       136.1875,       48.64775,       -13.3175,       79.22585,      -13.82725,        44.5356,      -15.11174,       33.13183,       -14.6213
         136.25,       50.61398,      -7.385419,       82.94057,      -6.837557,       46.16318,        -8.9196,       33.39634,      -6.995429
       136.3125,       44.17243,      -10.41836,       72.67954,       -10.1215,       40.47461,      -12.63978,       30.17196,      -10.46237
        136.375,        48.2866,      -7.362816,       78.93613,      -6.715399,       44.41526,      -8.393555,       32.30444,      -6.988096
       136.4375,       52.66293,      -8.156693,       85.35844,       -7.61137,       47.30688,      -10.27377,       35.19436,      -7.083672
          136.5,       46.86018,      -9.996017,       77.39744,       -9.42719,        43.1151,      -12.18033,       31.59929,      -10.71206
       136.5625,       40.71917,      -10.82537,       66.56465,      -10.60418,        37.1859,      -12.21741,       27.33835,      -10.90395
        136.625,       43.61777,      -6.606957,        71.4753,      -5.973326,       39.06154,      -8.843582,       29.26957,      -5.840086
       136.6875,       52.44049,      -10.08845,       84.51603,      -9.833792,       47.72128,      -11.53969,       34.04366,      -10.79916
         136.75,       47.69586,      -10.83529,       78.53283,      -10.28914,       43.21395,      -12.14024,       32.58241,      -10.45859
       136.8125,        42.8974,        -7.2859,       70.33142,      -7.116879,        39.3784,      -9.371058,       28.74281,      -7.232852
        136.875,       47.04877,      -7.326986,        76.6949,      -7.423715,       42.59455,      -8.243493,       30.95369,      -6.949473
       136.9375,       57.14133,      -10.48047,       91.64195,      -9.820935,       51.18382,      -11.88191,       37.95972,      -10.69639
            137,       54.10564,      -9.649015,       88.54841,      -9.460856,       49.63868,      -11.55024,       36.32839,      -9.528838
       137.0625,       46.21692,      -9.582174,       74.64635,       -9.16936,       42.13866,      -10.32417,       30.90608,       -9.23531
        137.125,       52.40323,      -4.994225,        85.7109,      -5.164424,       48.36929,      -7.634639,       35.38436,      -6.055956
       137.1875,       58.46826,      -9.968083,       94.34962,      -9.018126,       52.79121,      -10.89662,       38.19478,      -8.434389
         137.25,       53.58409,      -9.540902,        86.2148,      -9.634225,        48.3767,      -12.03667,       36.46426,      -10.47262
       137.3125,       46.44028,      -11.85707,       75.24772,      -11.57072,       42.32891,      -13.30906,       30.24068,      -12.71566
        137.375,       50.11295,      -4.381015,       81.25407,       -3.07051,       45.13833,      -5.695255,       33.50663,      -2.431837
       137.4375,       56.47775,      -8.037483,        90.5528,      -8.292555,       51.12551,      -10.07933,       36.88833,       -8.66213
          137.5,       52.11416,      -13.55364,       84.51839,      -12.11061,       46.81153,       -14.6091,       34.80205,      -12.59759
       137.5625,       45.72485,      -8.606292,       73.75655,      -9.504406,       41.46228,      -10.66368,        30.0524,      -9.994715
        137.625,       47.05873,      -10.19842,       75.75965,      -8.548979,       42.13166,      -10.86099,       30.88483,      -9.469883
       137.6875,       58.84081,      -7.921121,       95.23473,      -6.922849,       53.62084,       -8.64704,       38.94727,      -6.785044
         137.75,       55.68934,      -12.91438,       89.50214,      -12.74922,       50.28575,      -14.36212,        36.5827,      -13.77262
       137.8125,       48.49336,      -7.953056,       78.39564,      -7.172906,       44.24631,      -8.983078,        31.4269,      -6.514424
        137.875,       52.06017,       -7.03243,       83.89436,      -6.703187,       46.83089,      -9.283857,       34.59041,      -7.245293
       137.9375,       62.96632,      -9.080201,       101.0968,      -7.137994,       56.57536,      -8.513211,       41.44223,      -7.281535
            138,       57.49973,      -14.99274,       93.20219,      -14.38347,       53.22235,       -16.8593,       38.19347,      -15.01201
       138.0625,       50.93285,      -11.03181,       82.63732,      -10.10211,       45.74388,      -11.75684,       33.36764,      -10.19635
        138.125,       53.57409,      -6.686376,       87.30512,      -5.759071,       49.12917,      -8.119104,       35.96845,       -6.18244
       138.1875,       59.47911,      -9.799439,        95.2537,      -8.302996,        53.6516,      -10.54746,       39.20464,      -9.234303
         138.25,       58.25835,      -13.51247,       95.48882,      -13.19283,       52.91249,      -15.26505,       38.60727,      -12.97688
       138.3125,       48.63224,      -11.03924,       79.16017,      -9.695084,       44.55864,      -11.31592,       32.65029,      -10.63421
        138.375,       49.03118,      -6.953501,        80.7225,      -6.150054,       45.20005,      -7.827717,       32.67085,      -6.730497
       138.4375,       61.39705,      -7.743146,        100.524,      -7.352444,       56.54912,      -9.162725,       40.78166,       -7.93382
          138.5,       58.47308,      -9.957257,       94.36797,       -10.1077,       53.04355,      -11.86859,        38.3576,      -10.09788
       138.5625,       53.18078,      -8.115711,       86.59086,       -7.00147,       48.74752,      -8.908922,       35.15648,      -7.944891
        138.625,       55.76306,      -8.696648,       90.70548,       -8.03065,       51.15609,      -9.778522,       36.79953,      -7.450603
       138.6875,        61.9494,      -8.630047,        100.707,      -8.197685,       56.65543,       -10.7623,       40.73149,      -9.051265
         138.75,       67.53668,      -7.782961,       108.6908,      -7.856568,       60.93882,      -9.416996,       44.18774,      -7.783785
       138.8125,       53.76812,       -13.9473,       87.13116,      -12.59575,        49.4337,      -14.25469,       35.35585,      -12.41984
        138.875,        57.0877,      -8.567057,       91.87308,      -8.006947,       51.39697,      -10.05986,       37.81802,      -8.788064
       138.9375,       61.44294,      -6.647814,       100.5507,      -5.605736,       56.67167,        -8.0979,       40.69507,      -5.875277
            139,       64.48487,       -16.5212,       103.8646,      -16.52199,       58.08022,      -17.18848,       42.22132,       -17.4076
       139.0625,       54.56115,      -11.38569,       89.20856,       -10.1273,       50.53407,       -12.6525,       36.05251,      -10.22254
        139.125,        57.1126,      -7.010999,       93.17776,      -7.302705,       52.13995,      -8.910716,       38.01347,      -7.634282
       139.1875,        64.2917,      -8.644768,       104.1779,      -8.020192,        58.6485,      -9.650726,       42.36258,      -8.887996
         139.25,       65.20923,      -12.24784,       105.1083,      -12.04797,       59.41225,      -13.44349,        42.4639,      -12.80632
       139.3125,       62.25487,      -11.76986,       100.6673,      -11.15754,       57.11617,      -13.13941,       40.75809,       -11.0081
        139.375,        55.8719,      -7.158081,        91.0248,       -7.08305,       51.29037,       -8.66218,       36.73718,      -6.949745
       139.4375,        65.6496,      -7.106191,       105.1284,      -6.503708,       59.78822,       -8.69641,       43.47973,      -7.053422
          139.5,       70.21758,      -12.06447,       113.7106,      -11.07018,       64.08747,      -13.21474,       45.06737,      -12.00452
       139.5625,       59.39011,      -12.95736,       96.83601,      -13.19572,       54.39515,      -15.13431,       39.65107,      -12.05874
        139.625,       59.48339,      -6.646265,       95.09408,      -5.983904,       53.78252,      -7.841973,       38.71078,      -6.966724
       139.6875,       67.21801,      -9.338519,        108.246,      -8.444536,       60.89295,      -10.16639,       44.01495,      -7.992705
         139.75,       66.89993,      -9.497005,       109.5186,      -9.377413,        61.9033,      -11.54729,       43.66917,      -10.44804
       139.8125,       65.70336,      -9.382718,       104.7019,      -8.403749,       58.55766,      -10.05609,       42.65065,      -7.764665
        139.875,       61.39371,       -9.92288,       100.1014,      -9.894165,       57.07155,      -11.34606,       40.81381,      -10.82895
       139.9375,       65.25123,      -6.919613,       105.9015,      -6.418145,       58.88139,       -8.09695,       42.17658,        -6.7218
            140,       76.06843,      -7.816282,       121.9129,      -7.112419,       69.49396,      -8.734613,       49.54859,      -7.218848
       140.0625,         67.178,      -13.05224,       109.5501,      -13.13478,       61.78897,      -14.69722,       44.23499,      -13.58459
        140.125,       63.91129,      -7.557982,       102.2237,       -7.07199,       57.98334,      -8.905353,       41.45617,      -7.855525
       140.1875,       76.11732,      -8.115083,       121.9842,      -7.741626,       69.68089,       -9.40134,       48.56737,      -7.398879
         140.25,       71.78345,      -13.50198,       115.0079,      -13.16168,       64.75721,      -14.71017,        47.2736,      -13.57897
       140.3125,       70.69884,      -13.28434,       112.9909,      -12.37261,       64.61332,      -14.77169,       45.37894,      -13.42435
        140.375,       65.83235,       -10.5149,       106.9766,      -9.594749,       60.22385,      -11.46676,       42.86734,      -9.222555
       140.4375,       71.28112,      -11.96136,       113.0805,       -11.5421,       64.62935,      -13.42926,       45.97538,      -12.51886
          140.5,       72.55926,      -11.08565,       117.7813,      -9.595141,       66.37042,      -11.21831,       47.59201,      -9.016583
       140.5625,       71.37089,      -13.62411,       114.5028,      -12.89574,       64.95313,      -14.85569,       46.00977,      -14.00304
        140.625,       66.27028,      -11.04376,        108.855,      -9.792964,       61.32387,       -11.7913,       44.02882,      -9.688011
       140.6875,       68.18273,      -7.882307,       109.6121,       -7.54682,       62.55116,      -9.208655,       44.23492,      -7.962223
         140.75,       79.44268,      -8.385318,       128.6432,       -7.32382,       72.81577,      -9.540711,       51.60876,      -7.641449
       140.8125,       74.65842,      -9.733559,       121.5954,      -9.522988,       68.09846,      -11.03885,       48.62756,      -9.603578
        140.875,       73.98378,      -7.990318,       119.1401,      -7.126322,       67.63701,      -8.831122,        48.2226,      -7.718996
       140.9375,       72.77934,      -8.050383,       118.4153,      -7.496207,       67.04122,      -9.237576,       47.42551,      -6.812122
            141,       79.26213,       -7.65739,       127.1331,      -7.441519,       71.88293,      -9.043983,       51.42635,      -8.011032
       141.0625,       78.01064,      -13.42591,       125.9171,      -12.96622,       71.60898,       -14.3435,       50.98642,       -13.2712
        141.125,       74.65176,      -10.57044,       119.8777,      -9.519605,       67.88505,      -11.52112,       47.70326,      -10.32857
       141.1875,       75.00187,      -11.75011,       121.3127,      -11.36049,       69.32716,       -13.0977,       48.65599,      -11.58771
         141.25,       78.78828,      -12.28335,       128.1158,      -11.48352,       72.41061,      -12.46579,       51.92604,      -11.33486
       141.3125,       79.08545,      -12.64895,       127.3807,       -12.1085,       72.54518,      -14.54093,       51.05177,      -13.73016
        141.375,       77.68827,        -13.481,       125.7441,      -13.05898,       71.54417,      -14.15719,       50.39726,       -12.7909
       141.4375,       73.01045,      -10.74104,       118.4046,      -10.11601,       67.90243,      -12.09732,       47.28189,      -9.883139
          141.5,       82.54306,      -9.187457,       134.7381,      -8.785923,       75.97297,      -10.44994,       54.96882,      -9.146822
       141.5625,       85.20922,      -10.76779,       137.3635,      -10.39069,       78.74735,      -12.38275,       54.98905,      -11.11033
        141.625,       80.12199,      -9.097173,       129.2672,      -9.211075,       73.37888,      -10.66493,       51.53171,      -8.816194
       141.6875,       79.05539,      -10.26698,       128.1745,      -9.187597,       72.47742,      -11.56466,       51.93126,      -9.799201
         141.75,       85.43166,      -5.170819,       136.4979,       -5.92394,       78.04316,      -7.434842,        54.4512,      -5.880195
       141.8125,       85.55331,       -9.82938,       137.5063,      -8.646014,       77.87961,      -10.37257,       55.57468,      -8.738742
        141.875,        86.5701,      -12.68145,       139.5127,      -12.44299,        78.9023,      -14.68508,       55.63412,      -13.10221
       141.9375,       82.43433,      -10.12008,       132.5872,      -9.876127,       75.16752,      -11.20911,       53.52589,       -10.2643
            142,       80.58979,      -11.44858,       129.3409,      -10.88636,       73.63928,      -12.31498,       51.42871,      -11.58475
       142.0625,       87.86881,      -9.671221,       141.4227,      -9.287748,       80.03419,      -10.56134,       57.00109,       -9.79513
        142.125,       93.53676,       -13.1132,       150.2355,      -12.64975,       86.55189,       -14.4224,       59.68028,      -12.45739
       142.1875,       84.01624,      -13.64982,       136.0483,      -13.09837,       77.13245,      -14.62401,        54.6324,       -14.2863
         142.25,       84.30435,      -8.281605,       135.9521,      -7.869416,       77.50127,      -9.648103,       54.10575,      -8.125456
       142.3125,       91.44157,      -12.28288,       147.0457,      -12.14157,       84.23215,      -13.50137,       58.85288,      -12.12627
        142.375,       94.92538,      -11.53261,       153.3814,      -10.91395,       87.36769,       -12.6582,       60.77144,      -11.55985
       142.4375,       92.79379,      -12.39978,       149.1885,      -12.26703,       85.45278,      -14.34719,       60.22207,      -11.97458
          142.5,       83.57602,      -10.09786,       134.1822,      -9.780094,       76.50018,       -11.3077,       53.58136,      -10.22942
       142.5625,       93.94899,      -9.529433,       151.2516,      -9.144785,       85.96493,      -10.99229,         60.073,      -9.432226
        142.625,       98.79486,      -11.14762,       157.8417,      -11.28743,       90.00816,      -13.24412,       63.45784,      -10.97757
       142.6875,       87.88861,      -9.982181,       140.6078,      -9.253265,       80.12228,      -10.83776,       56.29873,      -9.971814
         142.75,       92.62336,      -11.97578,       146.7861,      -11.66818,        83.5716,      -13.24821,       58.79554,      -11.48001
       142.8125,       90.61166,      -9.634933,       146.8156,      -8.857254,        83.1388,       -10.8631,        58.7407,      -9.532825
        142.875,       101.6698,      -9.603238,       161.4108,      -9.027107,       91.88864,      -10.20119,       64.23643,      -9.296883
       142.9375,       104.0966,       -9.60895,       166.4286,      -9.266834,       95.29555,      -10.68978,        66.3227,      -9.436806
            143,       93.28345,       -15.5651,       150.3833,      -14.63996,       85.83411,      -16.03483,       60.12268,      -15.27954
       143.0625,        96.0209,      -4.597796,       154.7496,      -3.714859,        88.6517,      -5.262846,       61.89283,       -3.87879
        143.125,       113.0876,      -13.91527,       180.6945,      -13.73213,       103.3418,      -15.30822,       71.36946,      -14.16474
       143.1875,       98.44753,      -13.54851,       158.4643,      -12.50505,       90.83504,      -14.56831,       63.11807,      -13.29067
         143.25,       97.97931,      -9.974195,       158.1766,       -9.92784,       90.61573,      -11.07709,       63.12857,      -9.619023
       143.3125,       112.8758,      -14.56716,        179.964,      -13.71139,       103.1905,      -15.67835,       71.79139,      -14.72331
        143.375,       100.4841,      -12.78858,       162.3842,      -12.23333,       92.84719,      -13.56019,       64.05836,      -12.07479
       143.4375,       110.3084,      -12.64347,       176.4944,      -12.33588,       100.9472,      -14.40276,       70.87817,      -12.62914
          143.5,       98.31408,       -18.1126,       158.0912,      -17.26805,       90.29278,      -18.97554,       62.35706,      -17.86922
       143.5625,       97.08712,      -8.346436,       155.5149,      -7.947945,        88.4068,       -9.21054,       61.77701,       -8.13195
        143.625,       114.7041,      -14.59143,       183.8138,      -13.63805,        105.764,      -15.49378,        73.1516,      -13.57996
       143.6875,       105.9663,      -10.93854,        169.433,      -10.31168,       96.77848,      -11.58098,       67.22756,      -10.58412
         143.75,        101.295,      -12.11077,       165.0088,      -11.16507,       94.05415,      -13.30349,       65.81169,      -11.52563
       143.8125,       109.4179,      -8.171465,       175.2423,      -7.952025,       100.1357,      -9.159929,       69.19379,      -7.960428
        143.875,        120.935,      -10.05929,        193.507,      -9.076802,       110.7919,      -10.73346,       77.52898,      -9.173376
       143.9375,       118.1335,      -11.75981,        191.492,      -11.13979,       109.4283,      -12.69166,       75.62162,      -11.38293
            144,       110.8491,      -10.31031,        177.731,      -10.23898,       101.8533,       -11.6059,       70.69357,      -10.59883
       144.0625,       110.3928,      -6.706189,       177.7352,      -5.878985,       101.8537,      -7.542948,       70.95595,      -6.153288
        144.125,       128.4171,      -13.75108,       205.6405,      -13.17525,       117.9714,      -14.73273,       81.74723,      -13.40606
       144.1875,       123.6132,      -13.86126,       198.3904,      -13.55116,       114.0294,      -14.92492,       78.45789,      -14.21526
         144.25,       105.0984,      -16.75474,       169.5839,      -16.23845,       97.07758,      -18.02105,       67.00911,      -16.31943
       144.3125,       115.9584,      -10.21836,       187.1142,      -9.753016,       107.4024,      -11.03405,       74.49895,      -10.18662
        144.375,       138.1868,      -14.17162,       220.8682,      -13.72111,       127.0201,      -15.39339,       87.54355,      -13.94884
       144.4375,       121.8816,      -14.11566,        196.829,      -13.47055,       112.6634,      -15.20897,       77.55859,      -13.64539
          144.5,       117.4471,      -14.96328,       188.6947,      -14.47701,       108.3167,      -15.90983,       74.68752,      -14.72349
       144.5625,       120.1615,      -12.18988,       194.4611,      -11.71519,       112.0886,       -13.3322,       77.71722,      -12.22577
        144.625,       136.2994,      -8.282743,       219.3486,      -7.963351,       125.1369,      -9.679731,       86.24464,      -8.009883
       144.6875,       138.2556,      -11.18172,       221.6362,      -10.74256,       127.3188,      -12.53374,       87.51673,      -10.97435
         144.75,        121.539,      -15.76596,       195.3029,      -15.47495,       111.7873,      -16.86875,       77.61745,      -16.01288
       144.8125,       119.1677,      -8.618898,       191.9722,      -8.215962,       109.9314,      -9.889753,       75.87601,       -7.90657
        144.875,       152.6365,      -10.38233,       245.1147,      -9.864625,       140.4975,      -11.28109,       96.64803,      -10.61511
       144.9375,       139.2358,      -16.50814,       223.5237,      -16.57946,       128.2647,      -17.88574,        88.7742,      -16.51462
            145,       131.9601,      -14.45317,       211.7523,      -13.93406,       121.9425,      -15.60533,       83.46021,      -14.44394
       145.0625,        133.862,      -12.84186,       215.3962,      -12.74369,       123.5941,      -14.10901,       85.12967,      -12.77903
        145.125,       143.7738,      -10.02649,       229.7624,      -9.854302,       131.9742,      -11.43341,       90.97061,      -10.16364
       145.1875,       154.5483,      -14.48903,       248.9173,      -14.15469,       143.2524,      -15.46685,       97.63764,       -14.4555
         145.25,       145.0612,      -15.80289,       231.7429,      -15.57123,       132.9707,      -17.47095,       91.44582,      -16.09568
       145.3125,       130.6455,      -10.66219,       209.3842,      -10.48322,       120.6853,      -11.66482,       82.30177,      -10.15708
        145.375,       154.8081,      -10.74034,       247.6337,      -10.06886,       142.1547,      -12.14015,       97.85294,       -10.4837
       145.4375,       168.3017,       -14.2293,       269.4781,      -14.01869,       153.8128,      -15.34522,       106.2474,      -14.26861
          145.5,       140.7134,      -14.95325,       225.6223,      -14.64892,       130.1485,      -15.89907,       88.84457,      -14.92787
       145.5625,        144.923,       -11.6626,       231.7468,      -11.17207,       133.2427,      -13.10614,       91.40234,      -11.52098
        145.625,       168.6916,      -11.54496,       270.4104,      -11.04344,       154.8691,      -12.33492,       106.4624,      -11.25614
       145.6875,       170.0933,      -15.77957,        271.476,      -15.26362,       155.9675,      -16.71707,       106.6781,      -15.47576
         145.75,       159.2255,      -15.23176,       257.3553,      -14.89925,       148.0965,      -16.34168,       101.6734,      -15.06962
       145.8125,       154.0532,      -12.68302,       245.8233,      -12.45766,       141.3636,      -13.85146,       96.39335,      -13.00272
        145.875,       168.2348,      -11.23183,       270.8921,      -10.70245,       155.9401,      -12.11174,       106.7247,      -10.72332
       145.9375,       193.8836,      -16.06761,       308.9625,      -15.93086,       178.0736,      -17.42115,       121.1683,      -16.32416
            146,       171.4325,      -16.81782,       276.2182,      -16.32205,       158.8899,      -17.94134,         108.35,       -16.5276
       146.0625,       167.9446,      -12.62184,       268.3661,      -12.41126,        154.652,      -13.92213,       105.9248,      -12.56237
        146.125,       183.5361,      -11.14526,       293.4458,      -10.67152,       168.1533,      -12.15387,        114.833,      -10.79425
       146.1875,       198.7056,      -14.47395,       319.1241,      -14.13085,       183.8499,      -15.55325,       124.9327,      -14.40532
         146.25,       183.6278,       -13.8256,       293.5521,      -13.55383,       169.1815,      -15.18982,       115.6525,      -13.46291
       146.3125,       170.2161,      -17.13826,       272.2708,      -16.54356,       156.5142,      -18.13296,       106.8634,      -16.97312
        146.375,       184.8535,      -9.563878,       296.9029,         -9.237,       170.5851,      -10.58871,       116.3731,      -9.163289
       146.4375,       220.3489,      -18.54733,       352.7104,      -18.21318,       203.1225,      -19.93378,       138.0636,      -18.49207
          146.5,       174.0905,      -17.74619,       278.7542,      -17.43851,       160.1968,      -18.70145,       109.2882,      -17.60618
       146.5625,       180.3933,      -14.58262,       289.7726,      -14.22797,       166.3111,      -15.55958,        113.851,      -14.63419
        146.625,        211.134,      -13.12155,       337.4352,      -12.86965,       195.4802,      -14.47314,       132.3127,      -12.95855
       146.6875,       220.0158,      -15.88773,       352.0443,      -15.69963,       201.5007,      -16.87593,        137.481,       -15.8944
         146.75,       210.5406,      -14.32947,       336.3914,      -13.91622,       194.3719,      -15.53647,       131.8368,      -14.13768
       146.8125,       204.3852,      -15.97171,       327.6373,      -15.64893,       188.2702,      -16.80911,       128.0365,      -15.86503
        146.875,       224.1204,      -8.626129,       357.3786,      -8.395845,       206.2349,      -9.940055,       139.7263,      -8.424793
       146.9375,       249.7317,      -15.08319,       398.9826,      -14.54442,       229.5883,      -15.84624,       156.3072,      -14.74819
            147,       233.2682,      -17.55943,       372.4155,      -17.24002,       215.2172,      -18.59667,       145.8971,      -17.39466
       147.0625,       224.9655,       -12.9828,       360.5656,      -12.45618,       207.5575,      -14.02938,       140.5392,      -12.54595
        147.125,       241.4507,      -15.23932,       385.7941,      -14.78187,       222.4278,      -16.21909,       151.0877,      -14.87378
       147.1875,       281.2141,      -16.14674,        451.117,      -15.74129,       259.8092,      -17.03815,       176.6091,      -15.90225
         147.25,       244.1881,      -20.44114,         390.49,      -19.91975,       225.1283,      -21.38715,       152.4072,      -19.98864
       147.3125,       235.8738,      -17.81155,       378.9104,      -17.55063,       218.8333,      -18.92715,       147.9003,      -17.76701
        147.375,       259.4912,      -14.23419,       416.3621,      -13.66091,       239.6781,      -15.17896,       162.8581,      -13.73692
       147.4375,       281.2838,      -17.94637,        450.787,      -17.86076,       259.6467,      -19.21664,       176.1688,      -18.09839
          147.5,       276.5442,       -18.6797,       442.4328,       -18.4158,       254.6842,      -19.80197,       172.7969,      -18.70563
       147.5625,       267.4405,      -15.63294,       428.4118,      -15.21385,       246.7362,      -16.54041,       166.5301,      -15.29096
        147.625,       285.2169,      -13.13684,       456.1786,      -12.85628,       263.0288,      -14.20542,       177.9689,      -13.09754
       147.6875,       315.9806,      -18.10394,       506.0087,      -17.80214,       291.6506,       -19.1734,       197.2899,      -17.99235
         147.75,       308.9291,      -15.69273,       493.9383,      -15.33411,       284.5253,      -16.63725,       192.3715,       -15.3983
       147.8125,       301.7635,      -17.22488,       483.7872,      -16.92582,       278.7079,      -18.24168,       188.4369,      -17.10141
        147.875,       311.5842,      -15.85148,         498.65,      -15.58949,       287.6168,      -16.86451,        193.889,       -15.6357
       147.9375,       358.3206,      -15.42815,       573.5138,      -15.02225,       331.2469,      -16.28386,       223.5439,      -15.24949
            148,         346.96,      -22.22627,       555.9634,      -22.07488,       320.1266,      -23.39217,       216.1501,      -22.05396
       148.0625,        328.091,        -19.131,       525.7964,      -18.91657,       303.6983,      -20.14479,       204.7676,      -19.21775
        148.125,       364.6178,      -17.72577,       582.0226,      -17.51347,       336.2888,      -18.77174,       226.4987,      -17.47674
       148.1875,       386.7037,      -18.28759,       620.2532,      -18.02907,       357.7495,       -19.3781,        240.888,      -18.11651
         148.25,       387.2998,      -17.94257,       618.9052,      -17.78084,       357.1022,      -19.05362,       240.6387,      -18.04083
       148.3125,       398.2273,      -19.67175,       635.3228,      -19.43524,       366.8363,       -20.7649,       246.9604,      -19.50358
        148.375,        419.053,      -16.97825,       669.6379,      -16.72564,       386.2624,      -17.95661,       259.6489,      -16.75833
       148.4375,        443.045,      -20.42818,       708.2795,      -20.18648,       408.4781,      -21.52115,       275.4726,      -20.31404
          148.5,        456.109,        -16.026,       728.0313,      -15.73309,       419.8821,      -16.92037,        282.868,      -15.81253
       148.5625,       457.9154,      -20.43395,       732.2989,      -20.16116,       422.3536,      -21.40575,       283.3907,      -20.37035
        148.625,        521.592,      -23.56646,       832.1185,      -23.31212,       480.7506,      -24.52986,       323.2241,      -23.28175
       148.6875,       469.2585,      -19.89547,       750.5973,      -19.59551,       433.0004,      -20.82807,       290.9684,      -19.71315
         148.75,       549.0189,      -20.60195,       878.0809,      -20.29051,       506.7995,      -21.48752,       340.9416,      -20.50556
       148.8125,       554.7721,      -24.99424,       886.3624,      -24.80758,       511.4773,       -25.9888,       342.2065,      -24.86471
        148.875,       590.4894,      -22.43372,       943.6918,      -22.17384,       545.0015,      -23.38421,       366.0887,      -22.25073
       148.9375,       612.9958,      -24.36964,         979.24,      -24.17168,       564.6763,      -25.31651,       378.8973,      -24.21246
            149,       608.0046,      -22.89923,       970.4749,      -22.64363,       560.4384,      -23.78707,       375.6289,      -22.67859
       149.0625,       710.7108,      -23.85429,        1134.27,      -23.59025,       655.4161,      -24.76602,       438.8329,      -23.65651
        149.125,       759.9371,      -25.14667,       1212.903,      -24.85877,       699.9286,      -26.03131,       468.9973,       -24.9118
       149.1875,       739.2754,      -26.52614,       1180.437,      -26.19533,       681.7985,      -27.36919,        456.515,      -26.22489
         149.25,       787.0176,      -27.92041,       1257.068,      -27.61501,       725.1863,      -28.72467,       485.4762,      -27.68119
       149.3125,       908.8504,      -26.88449,        1452.58,       -26.5794,       839.0162,      -27.74011,       560.9973,      -26.60301
        149.375,       978.7204,      -29.19722,       1563.952,      -28.94427,       903.2122,      -30.03187,       603.7626,      -28.93791
       149.4375,       942.5754,      -32.89367,       1506.347,      -32.64492,       869.5653,      -33.77645,       581.2102,      -32.66647
          149.5,       1011.891,      -33.26888,       1617.475,      -33.00475,       933.6875,      -34.09624,       624.2305,      -33.00408
       149.5625,       1250.859,      -32.95568,       1998.293,      -32.74847,       1153.879,      -33.85122,       769.7337,      -32.75275
        149.625,       1315.844,      -37.88581,       2101.146,       -37.6664,       1212.881,      -38.74478,       810.3488,      -37.66033
       149.6875,       1289.532,       -38.0953,        2059.91,       -37.8533,       1188.459,      -38.89927,       793.0946,      -37.79753
         149.75,       1656.904,      -38.01737,       2646.431,      -37.78745,       1526.656,      -38.85664,       1019.384,      -37.74316
       149.8125,       1778.759,      -46.72667,       2839.804,      -46.50288,       1638.466,      -47.53185,       1093.018,      -46.40913
        149.875,       2101.378,      -49.64161,       3354.449,      -49.40655,       1934.608,      -50.41146,       1290.396,      -49.32497
       149.9375,       2181.657,       -54.0572,       3484.193,      -53.82373,       2009.004,      -54.81662,       1340.188,      -53.72158
            150,       2385.844,      -54.89021,        3808.18,      -54.65728,       2194.726,      -55.62394,       1463.869,      -54.50656
       150.0625,       2978.121,      -68.06105,       4753.946,      -67.83191,       2740.648,      -68.78401,       1826.653,      -67.65017
        150.125,       3503.073,      -75.32512,       5590.984,      -75.10785,        3222.13,       -75.9966,       2147.777,      -74.94316
       150.1875,       3602.009,      -88.08848,       5747.804,      -87.86488,       3312.007,      -88.72107,       2208.846,      -87.65841
         150.25,       4213.491,      -92.64423,       6722.847,      -92.39587,       3872.183,      -93.24342,       2581.862,      -92.17645
       150.3125,        5228.86,      -112.6636,       8343.566,      -112.4188,       4805.864,       -113.217,       3202.966,      -112.1758
        150.375,       6043.361,      -128.7093,       9642.949,      -128.4514,       5551.736,      -129.1987,       3701.146,      -128.1956
       150.4375,       5903.697,      -148.3934,       9419.889,      -148.1363,        5421.78,      -148.8303,       3615.076,      -147.8509
          150.5,       5619.552,      -172.4765,       8965.605,      -172.2072,         5158.8,       -172.863,       3438.643,      -171.8987
       150.5625,       5447.158,       166.7172,       8692.344,       167.0003,       4999.552,       166.3987,       3330.625,       167.3901
        150.625,       5512.516,       130.0614,       8792.588,       130.3779,       5054.602,       129.8779,       3368.033,       130.7263
       150.6875,       3292.773,        100.457,       5251.895,       100.7841,       3014.143,       100.3564,       2011.767,       101.2313
         150.75,       1793.784,       67.78664,       2860.898,       68.17457,       1636.394,       67.91092,       1094.935,       68.79227
       150.8125,       822.1541,      0.2052564,       1304.657,      0.6866964,        736.252,      0.1710132,       497.4835,       1.265757
        150.875,        845.894,      -121.1195,       1345.509,      -121.0932,        774.243,      -122.3779,       514.0592,      -120.8823
       150.9375,       900.4953,      -173.3928,        1438.19,       -173.349,       831.3835,      -174.1129,       550.8119,      -172.7794
            151,       756.7995,       155.7844,       1209.563,       155.8952,       698.5926,       155.4762,       464.4796,       156.5607
       151.0625,       538.4377,        150.292,       859.1638,       150.3283,        499.209,       150.3064,       332.0248,        150.942
        151.125,       489.4048,       164.5216,       781.5223,       164.6072,       457.0637,       164.3064,       300.4393,       164.9509
       151.1875,       469.6815,       162.1596,       749.0798,       162.3395,       436.6867,       162.0697,       288.2406,       162.8297
         151.25,       452.2329,       162.3344,       722.7033,       162.4306,       420.7647,        162.068,       277.9451,       162.8767
       151.3125,       492.6462,       163.5463,       786.4359,       163.7378,       458.0841,       163.4917,       302.6772,       164.2218
        151.375,       425.5825,       156.4073,       678.8114,       156.4984,       397.2354,       156.3202,       260.7396,       157.0162
       151.4375,       375.8234,       161.8018,       600.8623,        162.052,       351.1935,       161.7786,       231.4792,        162.455
          151.5,       330.6454,       165.0095,       528.3269,       164.9436,       309.2909,       164.7222,       203.1171,       165.4129
       151.5625,       359.1126,       170.5286,       572.7355,       170.7428,       335.3252,       170.3406,       220.8502,       171.1413
        151.625,       393.9057,       166.3519,        629.963,       166.4104,       368.5193,       166.0427,       241.2708,        166.844
       151.6875,       317.3685,       166.6284,       506.5028,       166.8292,       296.0007,        166.433,       195.3919,       167.1634
         151.75,       299.9203,       168.7161,       478.5513,       168.6362,       280.1773,       168.2644,       183.7493,       168.9353
       151.8125,       321.4459,       173.0173,       512.4865,       173.0454,       300.1262,        172.667,       197.0355,       173.4996
        151.875,       336.5428,       169.4726,       537.3375,       169.5732,       314.3096,       169.0963,        206.487,       169.9271
       151.9375,       299.4264,       167.7746,       476.8957,       167.8669,       279.3695,       167.5683,       183.0303,       168.4707
            152,       281.1335,       169.0251,       448.4465,       169.1968,       261.8124,       168.8368,        172.314,       169.2412
       152.0625,       291.7144,       171.5351,        464.555,       171.5361,       272.1468,        171.154,       178.5586,       172.2029
        152.125,       291.0157,       169.1425,       465.6792,       169.3675,       272.5121,       169.1087,       178.3858,       169.6637
       152.1875,       278.7765,       164.8598,       444.9672,       164.8506,       261.4622,       164.4095,       170.6845,       165.3207
         152.25,       243.4098,       169.2946,       388.4417,       169.5089,       226.9144,       169.3551,       148.8137,       169.8877
       152.3125,       247.7385,       168.4204,       395.3068,       168.4065,       232.0789,       168.1663,       151.9416,       169.0206
        152.375,       279.8838,        172.004,       448.1695,        172.019,       262.9228,       171.7101,       171.1679,       172.3258
       152.4375,       226.6072,       165.2979,       361.7706,       165.4556,       213.1395,       165.1421,       139.2787,        166.082
          152.5,       216.2426,       170.4366,       344.2664,        170.232,       202.1193,       169.9519,        131.987,       170.4308
       152.5625,         228.82,       173.4434,       365.1291,       173.4376,       214.4658,       173.1007,       139.9595,       173.8715
        152.625,       243.8041,       172.9324,        388.637,       172.9035,       228.7706,       172.4825,       149.0303,       173.5582
       152.6875,       220.4669,       170.2962,       350.3459,       170.3302,       206.2061,       169.9837,       134.8534,       170.3347
         152.75,       198.2869,       171.5182,       316.1276,       171.5174,       185.3448,       171.3037,       120.0899,       172.1165
       152.8125,       213.9779,       175.6775,       339.6263,       175.7417,        200.481,        175.385,       131.1364,       176.2383
        152.875,        224.091,       173.5915,       357.4891,       173.6863,        210.013,       173.1159,       136.8176,       173.8943
       152.9375,       204.5796,       171.3068,       326.7504,       171.4504,       192.2905,       171.1781,       125.3013,       171.7896
            153,       193.5945,       172.7106,       308.2419,       172.6941,       181.0018,       172.3122,       117.7279,        172.882
       153.0625,       196.9871,       172.8726,       314.8825,       172.9323,       185.3429,       172.6213,       120.4029,       173.6445
        153.125,       208.6868,        172.088,       333.5897,        172.104,        196.432,       171.8395,       127.9884,       172.3927
       153.1875,       192.5958,       169.5803,       306.3516,       169.4933,       180.5008,       169.1244,       116.8025,        169.733
         153.25,       181.3745,       169.2246,       289.7386,       169.1751,       170.5177,       168.9336,       110.7933,       169.9134
       153.3125,       177.1854,       172.0983,       281.8094,       171.7925,       165.7949,       171.4361,       108.3766,       172.0623
        153.375,       185.4496,        172.578,       295.3146,       172.5451,       174.7581,       172.3416,        112.525,       173.1743
       153.4375,       180.7996,        168.676,        287.339,       168.6051,       169.0793,       168.3855,       110.0065,        168.768
          153.5,       155.7789,       173.4667,       247.5798,       173.4076,       146.4878,       173.0614,       95.05291,       173.9981
       153.5625,       168.2146,       177.7401,       266.7164,       177.8216,       157.1363,        177.483,       101.4175,        177.936
        153.625,       174.4953,       171.7616,       277.7083,       171.7016,        164.756,       171.4817,       106.4856,       172.3607
       153.6875,       164.0139,       175.8865,       261.0356,        176.031,        154.041,       175.5053,       100.0135,       176.2893
         153.75,       155.0885,       174.2395,       246.6761,       174.3646,       145.7652,       174.0163,       94.13646,       174.5887
       153.8125,       159.7009,       175.1013,       254.6043,        175.182,         149.87,       174.8052,        96.8747,       175.6569
        153.875,       167.9461,       178.8917,       266.9584,       178.7985,        157.989,       178.4562,       102.1573,       179.0276
       153.9375,       164.4834,       169.7954,       262.0945,       169.8443,       154.8072,       169.4715,       99.57246,       170.2644
            154,       147.4467,       175.2112,       233.3292,       175.2795,       137.6739,       174.9597,       89.50296,       175.6934
       154.0625,       158.8488,       173.5786,       253.4265,        173.815,        149.508,       173.5649,       96.50011,       174.4021
        154.125,       158.3959,       169.9619,       251.2138,       169.9662,       148.5652,       169.7944,        95.6243,       170.3932
       154.1875,       150.1212,       174.2675,       239.1185,       174.1639,       141.3354,       173.7723,       91.23213,       174.2624
         154.25,       146.2362,       173.8377,       232.3473,       174.2294,       137.5897,       174.2714,       89.28491,       175.0901
       154.3125,       137.9107,       169.8985,       219.5803,       169.8703,       130.1948,        169.268,       83.56332,       169.7654
        154.375,       142.8385,       176.3127,        227.878,       176.4199,       135.1931,       176.5515,       86.58038,        177.357
       154.4375,        148.549,       170.7247,       236.2538,       170.9752,        140.297,       170.3532,       90.37212,       171.4521
          154.5,       128.7284,       176.4952,       205.7013,       176.1596,       122.3606,       175.7739,       78.84286,       175.9419
       154.5625,       135.1264,        173.812,       215.3322,       174.2208,       127.3679,       173.8711,       81.50037,        174.881
        154.625,       134.4868,       178.9169,       214.3281,       178.6325,       127.0941,       178.0225,       81.77304,       178.7968
       154.6875,        134.692,       174.3764,       214.8155,       174.5797,       127.2769,        174.359,       81.86835,       175.2194
         154.75,       132.7971,       175.0072,        211.861,       175.0247,          125.8,       174.4098,       80.70632,       175.0747
       154.8125,       128.8975,       177.1047,       206.3038,        177.006,         122.35,       176.6495,       78.60236,       177.1961
        154.875,       130.1892,       175.2749,        206.904,       175.0977,       122.1931,       174.7843,       78.55966,       175.7549
       154.9375,       131.3969,       174.9943,       209.4166,       174.9659,       124.1438,       174.5977,       80.03109,       175.2243
            155,       128.2655,          175.2,       205.4828,       175.1748,       121.4282,       174.9046,       77.93668,        175.367
       155.0625,       123.4636,       172.0858,       196.8119,       171.8196,       116.8652,        171.775,       74.70261,       172.4301
        155.125,       125.9081,       177.0161,       199.5888,       176.7452,       118.7365,       176.4184,       76.07632,       177.1158
       155.1875,       119.2023,       173.4077,       191.0229,        173.234,       113.2271,       173.0235,        72.4852,       173.5493
         155.25,       123.4417,        175.625,       195.2035,       175.3798,       116.1531,       175.0139,       74.15434,       175.7961
       155.3125,       120.6997,       174.8256,       192.3366,       174.7425,        114.453,       174.4964,       73.66783,       174.9731
        155.375,       115.8003,       173.4662,        182.948,       173.3207,       109.1172,       173.1296,        68.7265,       174.1143
       155.4375,       111.5289,      -179.7661,       178.4263,      -179.8528,       106.1841,       179.6422,       67.86063,      -179.6503
          155.5,       123.0816,       171.5739,       194.6315,       171.5799,       115.9429,       170.8965,       74.59644,       171.8106
       155.5625,       109.5351,       176.5251,       174.9305,       176.5729,       103.4402,        176.424,       65.91858,       177.2883
        155.625,       115.4861,       175.1311,       183.5922,       174.8257,       109.4597,       174.4829,       69.87783,       174.7932
       155.6875,       110.8714,       177.9005,       176.0608,       177.8888,       104.5358,       177.5475,       66.55195,       178.6641
         155.75,       113.5998,       176.0433,       181.1128,        175.681,       107.7427,       175.3827,       68.80515,       175.7202
       155.8125,       114.5608,       176.7988,       181.3981,       176.6555,       108.1944,       176.1526,       68.83838,       177.0213
        155.875,       112.7459,        172.757,       180.2602,       172.9153,       107.1344,       172.7199,       68.38778,       173.4085
       155.9375,       102.2978,       178.5469,       161.8615,        177.644,       95.91273,       177.2525,       61.27382,       178.0796
            156,       118.9293,       179.5867,       188.5802,       179.4477,        112.467,       179.1855,       71.76206,       179.5806
       156.0625,       104.0308,       173.7676,       165.1891,       173.6544,       98.55042,       173.5574,       62.48443,       174.0885
        156.125,       109.2633,       174.3875,       173.7145,       174.3321,       103.1498,       173.8465,       65.46167,       174.6975
       156.1875,       99.53378,        176.404,       157.1719,       176.0895,       93.61994,       176.1864,       60.02521,        176.468
         156.25,       104.5552,       177.9128,       165.6336,       177.7458,       99.22968,       177.2648,       62.42226,       178.1534
       156.3125,        106.207,       175.5992,       168.3957,       175.5239,        100.923,       175.1803,        64.2424,       176.0998
        156.375,       99.02206,       172.3343,       156.9228,       172.8928,       92.53913,       172.3228,       59.29757,       172.7169
       156.4375,       92.31938,       176.0755,       146.9292,       175.7521,       88.28162,       175.9025,        55.4691,       176.5773
          156.5,       102.9966,       178.1357,       163.2114,       178.3661,       97.38525,       177.8155,       61.88641,       178.6284
       156.5625,       107.1887,       175.1123,       170.5396,       175.2821,       102.1074,       174.6445,       64.44701,       175.7362
        156.625,       92.14155,       175.1198,       146.7102,       175.1926,       87.21277,       175.0843,       55.84473,       175.7135
       156.6875,       91.82533,       177.2876,       146.5572,       177.0985,       87.08106,       176.6688,       55.12259,       176.8901
         156.75,       104.0847,       179.8298,        165.089,       179.4533,       98.96352,       179.1342,        62.5423,      -179.7063
       156.8125,       98.90656,       173.7013,       157.3387,       173.6722,       94.00276,       173.3723,       59.31496,       173.6222
        156.875,       93.57351,        177.556,       148.6008,       177.3186,       88.84766,       177.2551,       56.76176,       178.2243
       156.9375,       94.29626,       178.9748,       148.8905,       179.2044,       88.52386,       178.4608,       55.60956,       178.6082
            157,       93.21189,       178.9095,       149.4142,        178.604,       88.93849,       178.5531,       56.83575,       179.5812
       157.0625,       104.5381,        176.375,       164.2957,       176.1607,       99.00265,       175.7906,       61.90934,       176.0553
        157.125,       89.53589,       172.2492,       142.8966,       172.3926,       85.04131,        172.051,       53.73933,       172.8496
       157.1875,       85.27518,       179.8598,       134.7081,       179.6885,       80.42365,        179.416,        51.1041,      -179.7901
         157.25,       93.21437,       177.0671,       148.9467,       177.2756,       88.98959,       176.8226,        56.8248,        177.245
       157.3125,       98.65658,       174.6869,        156.167,       174.4536,       93.73275,       174.1185,       57.91557,       174.5978
        157.375,       84.95744,       175.2193,       135.6976,       175.3638,       81.00328,       175.3389,       51.95583,       176.0377
       157.4375,       83.80914,       178.0113,       132.9737,       177.7416,       79.62267,       177.2788,       49.82414,       177.7217
          157.5,       88.24394,       176.5753,       140.5384,       176.3597,       84.39552,       176.0734,       52.72751,       176.9019
       157.5625,       88.62509,       177.1458,       141.0838,       177.1987,       84.38259,       176.8165,       53.66828,       177.6227
        157.625,       87.79115,       173.9691,       139.7674,        174.121,       83.91947,         173.83,        52.6432,       174.3869
       157.6875,       79.09579,       178.6265,       125.2018,       178.2744,        74.8009,       177.8078,       46.84953,       178.1852
         157.75,       84.26688,       179.1004,       134.5481,       179.1035,       80.52547,       178.4529,       50.77957,       179.8694
       157.8125,       91.66187,       178.6886,       146.5452,       178.4782,       87.83879,       178.3011,       54.89219,       178.4541
        157.875,       84.23103,       173.1871,       132.5525,       172.8241,       79.45687,       172.7095,       50.07153,       173.2479
       157.9375,       77.74706,       178.6623,       123.9133,       179.0726,       74.10148,       178.4664,       46.54865,       179.2142
            158,       83.09716,      -178.9846,       131.6607,      -179.2345,       78.90175,      -179.6669,       49.57393,      -178.8851
       158.0625,       92.90541,       177.3759,       149.5622,       177.1348,       89.24651,       176.5175,       55.61581,        177.294
        158.125,       86.05575,       175.8534,        135.293,       175.8094,        81.2043,       176.1182,       51.09124,       176.2536
       158.1875,       71.94602,       177.0787,        114.454,       177.5798,       68.70339,       176.9798,       43.06612,       177.9431
         158.25,       85.97633,       179.2779,       137.8175,       178.5059,       82.71703,       178.0062,       51.62101,       178.9141
       158.3125,       86.53992,        177.312,       136.8705,       177.5005,       81.79756,       177.5264,       51.97666,       177.4072
        158.375,       77.68259,       174.1416,       124.5725,       174.3027,       75.38712,       173.7212,       46.62022,       174.5818
       158.4375,       74.01614,       178.2667,       118.4967,       177.9554,       70.82784,       177.7119,        44.1936,       178.1127
          158.5,       77.40609,          177.6,       122.5401,       177.2615,       73.54545,       176.4825,       46.14264,       177.9427
       158.5625,       87.84695,      -179.3591,       141.0729,       179.9804,       84.58696,       179.8597,       53.04661,       179.8578
        158.625,       76.83947,       173.7799,       121.9424,       173.7144,       73.19275,       173.2784,       45.36778,       174.0403
       158.6875,        74.5929,       178.6469,       118.3992,       178.1761,       71.15878,       177.3587,       44.48823,       177.8672
         158.75,       74.35249,      -179.4282,       118.3558,        179.846,        70.5723,       179.8101,       43.98234,      -179.4982
       158.8125,       82.92619,       176.9803,       131.6031,       176.8009,       79.60262,        176.384,       49.45812,       177.1808
        158.875,       77.75375,       178.5776,       123.8283,       177.9949,       74.11485,       177.3877,         45.792,        177.918
       158.9375,       73.04314,       176.9798,       114.9374,       176.8203,       68.97916,       176.5389,       43.26998,       177.3503
            159,       77.89729,      -177.7755,       124.7301,      -178.2282,       74.68996,       -178.554,       46.81137,      -177.7674
       159.0625,       79.23425,       178.6367,       125.3337,       178.1502,       75.15607,       177.6202,       46.51397,       178.1314
        159.125,        74.9352,       174.1647,       119.5865,       174.2015,       71.80846,       173.9803,       44.66253,       174.9104
       159.1875,       69.97557,       175.9812,         110.41,       175.2483,       66.55846,       175.5848,       41.41923,       175.7612
         159.25,       69.63035,       179.9961,       111.1265,      -179.9576,       66.73807,       179.4921,       41.26432,      -179.7632
       159.3125,       80.10161,       179.0894,        126.854,       178.4823,       76.53622,       178.1027,       47.48574,       179.3433
        159.375,       74.95112,       176.2576,       118.7037,       176.1539,       71.65198,       175.6421,       44.64753,       176.6804
       159.4375,       70.13425,       178.5686,       111.6302,       178.3111,       67.15287,       177.9807,       41.73829,       177.7321
          159.5,       71.76474,       178.0154,       113.0807,       177.4268,       68.20107,       176.9183,       42.04784,       178.2219
       159.5625,       74.13437,      -178.0182,       118.0649,      -178.4532,       70.40945,      -179.2134,        44.4355,      -178.2638
        159.625,       75.89748,       174.7693,       120.4529,       174.4274,       72.52943,       174.2798,       44.67661,       174.7464
       159.6875,       66.27674,       179.2493,       104.1249,       178.8446,       63.01879,       178.5382,       39.18147,        178.975
         159.75,       74.10542,      -178.9669,        117.628,       -179.727,       69.92144,       179.6718,       43.96584,      -179.4354
       159.8125,       72.80875,        178.507,       115.1061,       178.0814,       69.88089,       178.0926,       42.58465,       178.4912
        159.875,       76.48183,       179.8293,        120.762,       179.6896,       72.42512,       178.6324,       45.22807,       179.3802
       159.9375,       66.44086,       176.0248,       105.5239,       175.4442,       63.03693,       175.6514,       38.87145,       175.8335
            160,       66.48164,       177.3665,       105.3618,       177.2671,       64.13041,       176.9302,       39.44569,       177.9673
       160.0625,       72.38344,      -178.4763,       113.3353,      -179.1992,       67.63332,       179.7738,       42.16534,      -179.1766
        160.125,       73.05028,       176.3523,       116.8537,       176.5959,       70.19112,       176.5774,       43.12915,       177.2062
       160.1875,       69.54841,       176.4658,       109.2411,       176.0833,       65.86061,       176.1275,       41.42109,       176.3717
         160.25,       64.24605,       178.2641,       101.6995,       178.1252,       61.73544,       177.8445,       37.61954,       178.3991
       160.3125,       69.33109,       179.7031,       110.3039,       179.6172,       66.37836,       178.5052,       40.87823,       179.5225
        160.375,       72.14839,       176.0775,       114.3942,       175.7558,       68.26524,       176.1539,       42.63002,       176.2444
       160.4375,       65.38491,       176.9136,        103.372,       176.6629,        63.0082,        176.662,       38.73543,       177.6728
          160.5,       64.24884,      -177.9915,       100.9306,      -178.4594,       61.07929,      -179.9906,       37.58579,      -179.2247
       160.5625,       65.33904,       179.8306,       104.5964,        179.584,       62.36892,      -179.6032,       38.12777,      -179.5936
        160.625,       70.63602,       176.8624,       110.5836,       176.1357,       67.64479,       175.2295,       41.88792,       176.5618
       160.6875,       63.05445,      -179.1256,       100.0622,      -178.7499,       60.26989,      -179.4576,       36.92447,      -179.1394
         160.75,       64.61954,       177.5553,        102.139,       177.6936,       61.24965,       177.4716,       37.76647,       178.2208
       160.8125,       66.34637,      -178.2233,       104.5287,      -178.9851,       63.17637,       -179.749,       39.21029,      -178.6902
        160.875,       67.09605,       177.5144,       107.5583,       177.8048,       64.89805,       177.6075,       39.20142,       178.1055
       160.9375,       68.41838,       178.2045,       107.1836,       177.5908,       64.22995,       177.0899,       40.09921,       177.3634
            161,       62.40154,       178.5955,       99.33223,       179.1212,       60.07583,       178.4555,       36.55191,       179.9016
       161.0625,       71.07068,      -179.8508,       112.3862,       179.6106,       67.50872,        179.446,       41.85707,       179.6151
        161.125,       64.46342,       176.8769,       103.0075,       176.2975,       61.75937,        176.291,       37.78345,       176.6101
       161.1875,       67.43517,       178.6161,       107.0856,       178.5834,       64.92638,       177.7449,       39.22696,       179.9748
         161.25,       62.54457,        177.323,       98.75108,       176.8806,       59.33837,       177.2706,       37.56223,       176.2666
       161.3125,       62.39791,       179.9312,       98.39944,       179.2802,       60.07498,        178.931,       35.66266,       179.7412
        161.375,        64.0222,       178.4652,       101.5234,       178.7438,       61.24961,        177.939,       38.08435,       179.4146
       161.4375,       63.09812,       177.5019,        100.123,       177.0713,       60.47582,       177.0531,       37.05764,       176.9122
          161.5,       58.78426,       178.5469,       92.84982,       178.2424,       56.26459,       178.1595,       34.30809,       178.0525
       161.5625,       61.72186,      -178.4083,       97.99686,      -178.9668,       59.10375,      -179.9801,       36.19656,      -177.9447
        161.625,       60.44095,       178.0381,       95.61847,         178.09,       58.17067,       177.8792,       35.41453,       177.6652
       161.6875,       64.39675,      -179.1665,       102.1591,      -179.6696,       61.51414,         179.48,       37.71218,      -179.0839
         161.75,       61.10169,       176.9264,       96.39999,       176.9083,       58.17028,       176.9854,       35.70391,       176.5646
       161.8125,       59.42253,      -178.5876,       94.03088,      -179.5172,       56.39521,      -179.6889,       34.39312,      -178.5828
        161.875,       65.48335,       178.3662,        103.686,       178.3494,       63.58871,       177.5484,       38.79367,       179.0268
       161.9375,       61.74098,       179.1683,       97.99857,       178.6925,       58.62091,       178.3761,       35.79255,       178.6501
            162,       62.19162,       178.3399,       97.98221,       178.0535,       59.25462,       178.1523,       35.97328,       178.4405
       162.0625,       60.89304,       177.6263,       96.64598,       177.3403,        58.2712,       176.5236,        35.7475,       178.1692
        162.125,       60.16328,      -178.9241,       94.20517,      -179.9337,       57.17007,      -179.5726,       35.02349,      -179.2467
       162.1875,       61.96458,       179.0005,       98.86375,       179.0478,       59.97557,        178.557,       36.77851,       179.5863
         162.25,        59.4856,       174.0779,       92.81377,       173.8928,        56.3668,       173.9755,       33.59777,       173.4956
       162.3125,        55.8988,      -179.2431,       89.45718,      -179.1578,       54.09501,      -179.9579,       33.59411,      -179.1988
        162.375,       57.45145,      -179.7024,       89.30574,       179.1729,       54.15924,       178.8138,        32.8737,        179.295
       162.4375,       64.89255,       179.2954,       102.8049,       179.7153,       61.84823,       179.8496,       37.56123,       -179.656
          162.5,       56.26989,       179.1321,         88.937,       178.5167,       54.89747,       177.9552,       32.80177,       178.4863
       162.5625,        59.0883,       178.7861,         92.334,       178.4471,       55.27739,       177.6763,       33.64206,       178.5615
        162.625,       56.83195,      -178.9817,       89.33475,      -178.8125,       54.35607,      -178.7917,       32.95064,      -178.4505
       162.6875,       63.31772,      -178.9976,       99.92103,      -179.1443,       60.29333,       179.9062,       36.95165,      -177.8449
         162.75,       57.74656,       176.4564,        91.0562,       176.8834,       55.28111,       176.6271,       33.53532,       176.6287
       162.8125,       55.42352,      -179.4317,       88.45084,      -179.8192,       53.29198,       179.7484,       32.16518,      -179.8208
        162.875,       58.22203,       179.1745,       92.04424,       179.3135,       55.32471,       179.0522,       33.92071,      -179.2108
       162.9375,        60.4403,       179.3566,       95.06135,       179.0998,        57.7888,        178.231,       35.47169,       179.0585
            163,       55.22097,        177.286,       88.30888,       177.4125,       53.20445,       177.6415,       32.17401,       177.4483
       163.0625,       59.26322,        176.536,       93.65298,       176.3287,        56.8814,       176.3995,       34.19968,       176.5954
        163.125,       54.01334,       179.8777,       85.09749,      -179.4306,        51.3838,       179.9694,       31.04215,      -179.6489
       163.1875,       60.36147,       179.1368,       96.39369,       178.5325,       58.74292,       178.2075,       35.39219,       179.7313
         163.25,       55.02248,       175.3995,       87.15203,       176.2306,       52.87851,       176.1472,        32.1613,       176.2533
       163.3125,       56.30218,       179.9324,       90.25468,      -179.6451,       54.64117,       179.8696,       32.63903,      -179.6995
        163.375,        52.0756,       177.8888,       83.20107,       177.2354,       50.37621,       177.4651,       30.78497,       178.0824
       163.4375,       57.12284,      -176.7612,       91.06943,      -176.9705,       55.29493,      -177.3057,        32.5188,      -177.2188
          163.5,       54.42191,       177.5734,       87.01651,       177.4478,       53.33574,       176.7022,       32.24052,       178.4488
       163.5625,       54.46844,       177.9449,       87.22183,       177.4305,        52.7169,       177.3911,       31.77216,       177.6511
        163.625,        49.0483,      -179.0658,       77.75588,       179.9414,       47.40457,       179.2886,       28.46154,      -179.6545
       163.6875,       57.93588,       -176.548,       91.15337,       -176.645,       55.06842,      -177.2048,       33.28865,      -175.7333
         163.75,       55.90061,        177.692,       89.21763,       177.3436,       54.62003,       177.1283,       32.88889,       177.7467
       163.8125,       53.24417,       177.0396,       84.81117,       176.8146,       51.15847,       176.0222,       31.16539,       176.5547
        163.875,       53.02888,      -177.1618,       84.10596,      -177.9378,       51.02959,      -177.9097,       30.46261,      -177.3024
       163.9375,       56.99671,      -179.1945,       90.56387,      -179.1892,       54.75586,         179.84,       33.18529,      -178.9912
            164,       55.37275,      -179.4454,       87.75134,      -179.8898,       53.65783,       179.6693,       32.65308,      -179.6826
       164.0625,       56.59799,        176.777,       91.12093,       176.2957,       54.84753,        175.995,       32.46578,       176.3513
        164.125,       54.13768,      -178.2095,       85.78621,      -178.9336,       52.07151,       -179.119,       31.31356,      -178.2962
       164.1875,        51.7436,       178.9581,       81.81002,       177.9026,       49.69645,       177.8084,       30.23678,       178.2582
         164.25,       58.64319,       179.5642,       92.66469,       179.7015,       56.32292,        179.613,       33.49573,      -179.4068
       164.3125,       52.18741,       177.4582,       83.50004,       176.1957,        51.1499,       176.0853,       30.70624,       175.9642
        164.375,       49.66102,       178.3383,        78.1515,       178.0741,       47.60323,       177.4912,       28.39749,       177.8096
       164.4375,       51.62768,      -179.0047,       80.52303,      -179.3552,       48.43039,      -179.8114,       29.32187,      -178.2592
          164.5,        51.5379,       178.5058,       82.84211,       178.2435,       51.01142,       178.5158,       30.14725,       177.9288
       164.5625,       53.37986,       177.6925,       84.01703,       176.9416,       51.03463,       176.3692,       30.52536,       178.8825
        164.625,       47.83073,        179.162,       75.71537,       179.3117,       46.36363,       178.8928,       27.82244,       178.2797
       164.6875,       50.88649,      -177.8573,       79.97671,      -178.6714,       48.50873,      -179.1225,       28.83797,      -177.2482
         164.75,       54.32322,      -177.5141,        86.1115,      -178.0383,       52.37086,      -179.2001,       31.27594,      -177.1897
       164.8125,       54.61511,       179.6268,       86.74308,       178.6786,       52.72182,       178.9747,       31.89786,       179.4924
        164.875,       48.11814,       179.9433,       76.24076,      -179.9823,       46.34119,       178.9942,       27.88091,      -179.7404
       164.9375,       53.17075,      -179.5207,        83.4742,       179.9863,       50.52818,       179.9107,       30.14357,      -179.1484
            165,       52.23973,      -179.0593,       82.61686,      -179.9716,       50.27136,       179.5886,       31.28131,      -179.3679
       165.0625,       54.76239,       178.9373,       86.63824,       178.9995,       53.34681,       178.3424,       30.45533,       178.9803
        165.125,       47.24653,       178.6502,       76.20904,       178.4665,       45.70313,        178.355,        28.1042,        178.087
       165.1875,       50.30338,       179.9699,       78.20879,       179.4398,       47.38224,       179.6612,       28.12933,       179.1888
         165.25,       51.27169,       179.3221,       81.29774,       178.8537,       50.62547,       178.4205,        29.6526,      -179.9566
       165.3125,       54.45893,       177.9615,       87.35993,       177.9193,       52.74915,       177.5392,       30.95234,       176.7241
        165.375,       46.43839,       177.3912,       73.21809,       177.3781,       44.41602,       177.2878,       26.05748,        178.843
       165.4375,       46.75431,      -177.6401,       73.97623,        -178.32,       45.59808,      -178.8873,       27.19591,       -178.038
          165.5,        51.5967,       178.9638,       82.16967,       177.9975,       50.02386,       177.5414,       29.52077,       179.9339
       165.5625,       55.10416,      -179.1138,       86.12054,      -179.2721,       53.06192,       179.6377,       31.31795,      -178.9889
        165.625,       47.75087,       177.6902,       75.91629,       177.0468,        45.3392,       176.6342,       27.55227,       177.9628
       165.6875,        45.5561,      -177.3839,       71.96369,      -177.9285,       43.51288,       -177.833,       26.16902,      -176.7352
         165.75,       50.81186,      -176.7353,       79.28725,      -178.5032,       48.43449,        -179.26,       29.56507,       -177.131
       165.8125,       52.53042,        176.259,       83.50288,       177.3539,       50.68711,       177.3085,       30.73808,       177.7982
        165.875,       47.33691,       179.8653,       74.29186,       179.4469,       45.80456,       179.3388,       27.18634,       178.2254
       165.9375,       46.01645,       179.1126,       73.14484,       179.1331,       43.59826,       178.9992,       26.42866,       178.9353
            166,       47.40826,       -177.669,       75.46962,      -178.5579,       46.58567,       -178.754,       27.50854,      -179.8476
       166.0625,       54.32418,       176.4206,       85.80989,       176.7951,       52.66945,       176.8315,       30.69775,       177.0309
        166.125,       46.60213,       178.2606,       74.51406,       178.0616,        46.1286,       177.3897,       25.95429,       178.3044
       166.1875,       44.13054,       179.8325,       69.25988,       179.4999,       42.23801,        179.485,       24.87458,       179.9585
         166.25,       51.13584,      -178.5164,       81.96221,      -179.1741,       50.08385,      -179.8677,       28.55153,      -178.4673
       166.3125,       51.54911,      -179.3916,       82.14123,       179.9021,       50.33646,       178.7638,        29.9762,       -177.682
        166.375,       46.79254,       178.1624,       74.07343,       177.5703,       45.02937,       177.3033,       26.53087,       178.5786
       166.4375,       44.54401,      -178.3795,       69.78038,      -178.6862,        42.5673,      -179.1405,       25.19862,      -176.9289
          166.5,        47.9167,      -177.8728,       76.14769,      -179.1069,       46.04425,       179.6195,       28.15133,      -176.5496
       166.5625,       50.41745,       179.1492,       79.98386,       178.4527,       48.77273,       178.1965,       29.50902,       178.1695
        166.625,       46.36066,      -178.8395,       72.95304,       -179.076,       44.23267,      -178.5146,        26.8232,      -177.7962
       166.6875,       43.00953,       176.5148,       67.94799,        176.298,        40.7273,       175.4057,       25.02566,       175.3368
         166.75,        47.1352,      -177.0694,        73.5149,      -178.0851,       45.67172,      -177.5584,       27.13284,        -177.68
       166.8125,       48.93567,       179.4575,       78.11638,      -179.9767,       47.75453,       179.0919,       28.14363,        179.626
        166.875,       47.24383,       177.1019,       75.61845,       176.7247,        46.0345,       176.4774,       27.17663,       175.7928
       166.9375,       43.97647,      -179.2493,       69.11781,      -179.0249,       42.32804,      -178.6602,       24.80286,       179.3305
            167,       47.69121,      -177.7066,       76.65349,       -178.781,       47.14437,      -179.7229,       26.89915,      -177.2282
       167.0625,       51.06885,      -178.7672,       81.30521,      -179.3442,       49.48445,      -179.6508,       29.47685,      -178.8859
        167.125,       45.70732,       178.4664,       73.28516,        177.802,       45.08917,       177.2061,       26.06516,        178.515
       167.1875,       43.35442,       177.9033,       68.72159,       177.4501,       42.20645,       177.0117,       24.20141,       177.6588
         167.25,       46.45133,      -174.0196,       73.69487,      -175.9383,       44.01998,      -175.9972,       26.18764,       -174.574
       167.3125,       50.33503,       178.5354,       80.05701,        177.615,       50.10833,       177.6557,       29.78549,       178.6473
        167.375,       43.21403,       178.5712,       68.07617,        178.153,       41.73018,       177.1724,       24.08283,       177.7181
       167.4375,       43.45076,      -179.6205,       69.01408,       179.4247,       41.45329,       179.3973,       24.39686,       -179.823
          167.5,       43.20934,      -178.9675,       67.49196,       179.7939,       41.85809,      -179.8665,       24.73402,      -179.0546
       167.5625,       49.31313,      -179.7417,       77.25545,      -179.2978,       47.44892,       179.6402,       27.47672,      -179.7776
        167.625,       44.98982,       179.9653,       70.97397,       177.7529,       43.69067,       177.2085,       25.40041,       179.1562
       167.6875,       44.24567,       179.2244,       68.63467,       -179.791,       41.93931,       179.8436,       24.67861,      -179.5615
         167.75,       45.06108,      -178.2761,       71.41451,      -179.1692,       43.39812,       179.9391,       26.24121,      -178.0964
       167.8125,       48.19867,      -177.4668,       75.43259,      -178.3828,        46.4612,       -178.597,       27.51947,      -178.4816
        167.875,       47.03819,        179.542,       73.98487,       179.2454,       44.84034,       178.7092,       26.43492,      -179.2436
       167.9375,       43.86675,       179.6611,       68.96892,       179.5337,       42.03379,       179.9622,       24.97689,       178.5155
            168,       44.43763,      -177.2077,       70.38013,      -177.1987,       43.55822,       -178.038,       25.39963,      -177.8362
       168.0625,       48.95861,       179.2735,       76.23596,       178.4196,       46.30071,       178.8109,       26.66846,       178.7516
        168.125,        43.8674,       177.7722,       70.03419,       178.5623,       43.71214,       178.7896,       24.97563,       178.3287
       168.1875,       43.12761,       178.5351,       69.09549,       178.7805,       42.54088,       177.2999,       24.42427,       179.2435
         168.25,       42.88886,       179.3844,       67.81846,       178.0351,       41.38335,       177.9627,       23.45691,       179.5574
       168.3125,       44.40064,        178.756,       70.16109,       179.3732,       43.10385,       178.4526,       24.83849,       178.5314
        168.375,        45.9902,      -177.6266,       72.59253,      -178.4497,       44.53693,       -179.401,       26.34742,       -175.468
       168.4375,       43.23706,       175.8326,       68.76162,       175.8583,       42.01483,       175.8353,       24.22728,       176.5098
          168.5,        42.5964,      -176.6007,       67.30915,      -177.5617,       40.58406,      -178.2856,       24.80081,      -175.8897
       168.5625,       44.49133,      -179.9839,       68.88111,      -179.9797,       42.61853,       179.7965,       25.06709,       179.4299
        168.625,       46.16097,      -174.8092,       73.97197,      -175.2038,       45.24905,      -175.4823,       26.39729,       -175.717
       168.6875,       43.46655,       178.0631,       69.38799,       178.0374,       42.73145,       177.9902,       25.13181,       179.9963
         168.75,        42.0952,      -178.4256,       66.53669,      -178.7803,       40.28779,       -179.273,       23.85418,       179.2641
       168.8125,       44.36951,       179.6629,       71.24479,       179.4846,       44.43145,       179.3556,       25.29147,       179.4805
        168.875,       44.72895,       -177.141,       71.61745,      -177.9197,       44.05113,      -178.1488,       24.67642,      -177.0791
       168.9375,        42.7235,       176.3043,       68.73759,       175.4297,       42.33086,       174.9652,       23.95484,       176.4227
            169,       42.13931,       179.2085,       66.11843,       178.2447,       40.94077,       177.3437,       24.00599,      -179.9899
       169.0625,       41.94775,      -178.5077,       66.67194,      -178.9696,       40.97955,      -179.7071,       23.40119,      -177.9552
        169.125,       43.05037,      -179.2834,       69.33485,       179.3816,       42.29706,        178.106,       24.95444,       -177.868
       169.1875,       45.27583,       177.8193,       69.73275,       177.3127,       42.70595,       176.1776,       25.48824,       177.8652
         169.25,       41.76209,       179.0489,       66.59678,       178.3013,       40.20918,       178.3874,        24.1014,       179.8072
       169.3125,       41.85481,      -174.7214,       64.53325,      -175.9954,       39.11054,      -175.8192,       23.48446,      -176.3612
        169.375,       42.90511,      -179.5434,        69.2479,      -179.5664,       42.52583,       179.9701,       25.19655,      -179.4488
       169.4375,       45.71757,      -177.5072,       70.72806,      -177.8705,       43.55583,      -178.4985,       25.61534,      -179.2726
          169.5,       40.71363,       178.7369,       65.52791,       178.2342,       40.33673,       179.1761,       22.74196,       178.5555
       169.5625,        40.3909,       -176.286,       63.65002,      -176.5896,       39.14072,      -177.5851,       23.16557,      -178.5767
        169.625,       44.53608,      -178.6849,       71.57779,      -179.7887,       44.21056,       179.8313,       24.19839,      -179.9851
       169.6875,       43.34373,      -179.5524,       69.15086,       179.6955,       43.32051,       179.2563,       23.78295,        -178.43
         169.75,       41.38648,       179.6869,        66.0722,       178.3208,         40.234,       177.6664,       23.49551,       179.0204
       169.8125,       41.87251,      -179.8645,       65.79063,       179.3434,       40.62907,       178.7832,       23.26027,      -178.9469
        169.875,       42.72781,      -176.5944,       67.83778,      -178.0199,       41.73137,      -179.6917,       23.99425,      -177.4157
       169.9375,        44.2792,       178.0701,       69.09264,       177.1405,       42.33057,       176.9191,       24.69788,       179.7541
            170,       43.77629,      -179.8252,       68.59033,       178.4868,       41.45476,       177.5409,       24.62145,       179.8526
       170.0625,       39.26948,      -178.6492,        61.6332,      -178.8671,       37.85257,      -179.1556,       22.55087,      -177.4242
        170.125,       41.92735,      -176.4349,       64.98944,      -177.5739,       39.53086,      -177.8931,       23.39945,      -177.3845
       170.1875,       43.09432,       179.9137,       69.33363,       178.5172,        41.9934,       178.3996,       25.37091,       178.6051
         170.25,       41.85331,       179.0233,       64.72047,       178.8367,       39.99469,       178.3528,       22.75392,       178.8083
       170.3125,       37.38819,       178.9162,       59.41266,       178.3949,       36.40184,       179.2622,        21.3868,       178.3775
        170.375,        41.2414,      -177.3975,       64.37962,      -178.4908,        39.9934,      -179.1995,       22.84377,       -179.659
       170.4375,       43.25853,       179.5542,       68.34412,       179.0643,       41.89642,       179.2485,       23.96146,      -179.8208
          170.5,       40.97512,        178.201,       65.12268,       177.8165,       40.29735,       176.7703,       22.58975,       177.5071
       170.5625,        39.0586,      -176.9341,       61.11078,      -178.0485,       38.05393,        -177.54,        21.4926,      -176.3998
        170.625,        40.0332,      -177.2463,       62.35663,      -178.5599,         38.059,      -179.5125,        22.4759,      -179.5819
       170.6875,       44.84453,      -178.5329,       70.58998,      -178.9815,        44.3673,       179.8259,       24.42117,      -177.2728
         170.75,       41.71334,      -179.6165,       65.30686,       179.8949,        39.1323,       179.4774,       22.98434,      -179.6084
       170.8125,       41.34705,      -178.3931,       64.52982,      -179.5831,       40.08113,      -179.7698,       23.23886,      -177.1104
        170.875,       41.48766,      -174.9021,       64.36164,      -175.3543,       39.78731,      -176.7247,       23.06078,      -176.5124
       170.9375,       42.91948,       -178.379,       68.23737,      -179.6813,       41.47621,      -179.2556,       23.92082,      -178.2253
            171,       44.84053,       179.7446,       68.97262,       179.8697,       42.95677,       178.4646,       24.50811,       179.3614
       171.0625,       36.71128,        177.275,       58.75351,       177.3063,       35.40044,        177.614,       20.78273,       179.5055
        171.125,       39.65305,      -178.8985,       60.94469,      -179.7886,       37.48035,       179.1504,       21.99085,      -179.9295
       171.1875,       41.53458,      -177.7221,       66.13828,      -178.4829,       41.01304,      -179.1605,       23.57343,      -177.3163
         171.25,       41.80715,       174.7499,       65.31264,       174.6592,       40.07965,       174.7027,       23.41764,       174.6827
       171.3125,       37.64835,        176.965,       58.34887,       176.9133,        35.6115,       175.9584,       20.44047,       176.0163
        171.375,       35.69954,      -178.8025,       55.70665,      -178.9082,       33.60741,      -179.0453,       19.72184,      -177.2746
       171.4375,       44.91525,       -177.034,       71.07773,      -177.3554,        44.0965,      -177.8905,       25.86848,      -177.9613
          171.5,       40.86262,      -179.8581,       63.65644,       179.1645,       39.32564,       178.8667,       22.11446,      -179.6008
       171.5625,       38.60659,       179.1106,       60.03332,       179.8064,       36.95607,       179.5779,       21.76151,       178.2123
        171.625,       38.14609,      -176.4917,       60.30532,      -176.4188,       36.76244,      -176.4701,       20.35468,      -176.9423
       171.6875,       41.87196,      -175.1903,       66.11372,      -175.6318,       41.40789,      -176.3923,       23.29996,      -175.2329
         171.75,       43.04845,      -179.0198,       69.26374,      -179.4892,       42.94981,      -179.2102,       23.91926,      -179.4761
       171.8125,       36.90552,       175.1161,       58.25689,       176.1124,       35.83405,       174.6239,       20.13969,       177.4956
        171.875,        35.9464,      -175.9625,       57.39879,      -176.7826,       35.79781,      -176.8075,       19.70014,       -175.493
       171.9375,       42.26328,      -177.8839,       68.09406,      -178.0674,       41.81643,      -179.6742,       23.70368,      -176.0805
            172,       41.38279,       176.3521,       65.61144,       176.1965,       40.80569,       175.4658,       23.36042,       177.1629
       172.0625,       36.53793,       178.4422,       57.81842,       178.0714,       35.03724,       178.0995,       20.88408,      -179.5007
        172.125,       37.53631,       179.6893,       58.83247,       178.4645,        36.3346,       176.7629,       21.27814,      -179.8296
       172.1875,       41.07613,      -175.3728,       65.04336,      -176.3572,       38.73108,      -176.5195,       22.72252,      -175.3887
         172.25,       41.29595,        179.969,       65.53751,       178.9618,       40.68976,       178.2996,       24.72517,       178.2763
       172.3125,       37.69839,       178.2675,       57.50572,       178.4519,       35.22402,       178.6441,       20.19139,       179.1732
        172.375,       35.67689,      -176.5101,       57.45445,      -177.4127,       34.19934,       -177.387,       20.66218,      -179.7982
       172.4375,       40.43911,      -177.7082,       63.35643,      -178.4568,       40.20415,      -178.4645,       22.34353,      -177.4176
          172.5,       40.82917,      -178.4767,       65.21852,      -179.1423,       39.76065,      -179.1461,       22.30237,        178.779
       172.5625,       36.44698,       179.4605,       57.97691,       178.9329,       36.00356,       178.8008,        19.9761,       178.2811
        172.625,       36.52497,       -178.847,       58.42032,       -179.318,        36.1614,      -179.4834,       19.58738,      -178.1704
       172.6875,       39.91322,      -177.4478,       62.43121,       179.7072,       38.81294,      -179.7255,       21.91531,      -179.8891
         172.75,       40.63599,      -179.9987,       64.36922,      -178.9992,       40.62493,        179.321,       21.80979,      -177.5623
       172.8125,       37.29758,       177.8421,       59.88517,       177.1195,       36.82311,       175.9428,       21.05604,       176.9679
        172.875,       36.05854,      -176.9015,       55.75113,        -178.58,       33.72652,      -179.3643,       19.12981,      -176.0515
       172.9375,       39.03978,       -176.005,       61.65009,       -177.246,        38.1253,      -176.9217,       21.87585,      -175.7196
            173,       41.82075,       179.6494,        64.8783,       179.2398,       40.09681,       177.3012,       23.03974,       179.5144
       173.0625,       38.92691,      -179.9283,       61.40595,       179.0277,       37.21364,      -179.9281,       21.49158,      -179.4237
        173.125,       35.18983,      -177.5012,       54.08288,      -178.3837,       33.89894,      -179.2302,       19.58032,      -178.4482
       173.1875,       38.85903,      -177.6253,       60.86077,      -178.4079,       36.91894,      -179.2176,       21.40493,      -178.0099
         173.25,       40.36331,      -178.8691,       63.55073,      -179.5072,       39.10681,      -179.9539,       21.88621,      -177.4585
       173.3125,         38.567,       178.3267,       60.13611,       178.5062,       37.34265,       179.2802,       22.04365,       177.7422
        173.375,       35.88577,      -179.4885,        55.3686,       179.8696,       34.01456,       178.6184,       18.97224,       178.2748
       173.4375,       37.51994,       179.5562,       58.03049,       179.8638,       35.88754,       179.5201,       20.53931,      -178.2032
          173.5,       40.20742,      -179.5028,       64.12576,      -179.9943,       39.47417,       179.3371,       22.33499,       179.8647
       173.5625,       37.93673,       177.3381,       59.43045,       177.3828,       36.42107,       176.8633,       20.63589,       177.4979
        173.625,        35.8531,      -178.2631,       56.01596,      -178.5959,        34.4776,      -178.6212,       19.47965,      -178.4017
       173.6875,       39.82984,      -179.1105,        62.1646,       -179.102,       38.71716,      -179.4704,       22.02346,      -178.2256
         173.75,       38.63335,      -178.7816,       60.52655,      -178.5952,       37.30763,       179.8355,       21.25857,      -179.0441
       173.8125,       38.73627,      -178.2966,        62.2182,       -178.148,       38.26191,      -177.2053,       21.53356,      -178.8566
        173.875,       36.54953,      -179.7889,       56.98305,       179.3714,       35.47701,       178.6149,       19.36934,       179.8375
       173.9375,       35.82035,      -174.6873,       56.70383,      -174.5489,       34.78534,      -174.8617,       20.09124,      -172.8285
            174,        41.0149,       179.4084,       65.37871,       178.8807,       41.17109,       177.9811,       22.47094,       177.5626
       174.0625,       36.21966,       178.9319,         58.215,       178.8814,       35.78541,       178.6416,       19.95556,       179.1331
        174.125,       35.15085,       179.8263,       55.46389,       179.1102,       34.32356,       178.3419,       18.91076,      -178.9155
       174.1875,       36.20088,      -176.8669,       57.19102,      -177.2032,       34.97793,      -177.8235,       19.85755,       -177.597
         174.25,        37.3413,       178.1556,       59.16377,       176.8621,       37.02833,       176.4843,       20.85301,       -179.676
       174.3125,       37.60269,       179.4502,       58.84452,       179.7578,       35.65152,        179.259,       20.65956,        179.165
        174.375,       35.47911,       177.6365,       56.22513,       176.4916,       34.72584,       175.6193,       19.40832,       178.5147
       174.4375,       37.07319,      -175.6986,       57.07693,       -176.296,        35.5868,      -176.3612,       20.55229,      -176.7026
          174.5,       36.64458,       179.3866,        58.3716,       179.2321,       35.03732,       177.4324,       19.79844,      -179.8214
       174.5625,       39.12321,      -177.0758,       61.34327,      -177.6754,       38.43398,       -176.243,       21.87368,      -175.4993
        174.625,       36.87523,       179.3458,        58.2197,       179.5076,       36.44368,       177.8571,       20.38336,       178.1102
       174.6875,        35.5467,      -177.2926,       56.04309,      -178.3036,       33.83035,      -178.7984,       19.73657,      -177.2015
         174.75,       38.56248,      -175.8309,       60.65295,      -176.0201,       38.23738,      -175.0654,       20.68805,      -176.7371
       174.8125,       38.12494,       178.6125,        60.5649,       178.1841,       37.99448,        176.498,       20.74219,       177.6823
        174.875,       35.77261,       178.1436,       58.08282,       178.5748,       35.44717,       177.9539,       19.56653,      -179.9906
       174.9375,       35.30927,      -176.6192,        54.0167,      -178.1182,       33.08275,      -178.0551,       19.12918,      -179.3232
            175,       36.10696,       177.8353,       58.39433,       176.9929,       36.71525,       176.3748,       20.06894,      -179.9778
       175.0625,       38.66346,      -176.4853,       59.85924,      -177.2537,       36.66816,      -178.3326,       20.95389,      -177.6979
        175.125,       35.59005,       179.3381,       55.93376,       178.3162,       34.19864,       177.9201,       19.50967,        179.279
       175.1875,        35.2183,      -178.2739,       54.36816,      -178.8815,       33.42974,       -179.149,       18.98593,      -179.8614
         175.25,       37.17349,      -175.2204,        57.6386,      -175.9745,       35.29594,      -175.9326,       20.34259,      -174.3503
       175.3125,       37.83827,      -179.9929,       59.79542,       179.7527,       37.66038,       179.4883,       20.74893,       177.4463
        175.375,       37.64094,      -177.7053,       58.97277,      -178.2856,       36.07352,      -179.1233,       19.75564,      -177.9184
       175.4375,       35.13972,       179.3647,       54.71469,       179.3617,        34.4488,       179.6026,       19.00616,      -179.0132
          175.5,       35.18014,      -179.4162,       55.73014,      -179.8375,       34.12114,       179.4437,       18.56331,      -179.7327
       175.5625,       35.50504,      -179.3705,       56.38276,      -178.5316,       35.74428,      -179.5672,       19.87591,      -177.3779
        175.625,       38.02983,        179.578,       60.47909,       178.6585,       37.43228,       178.2413,       20.18071,       179.6674
       175.6875,       34.11127,       177.1055,       54.28805,        177.568,       33.57904,       176.2881,       18.44854,       178.3751
         175.75,        34.3167,      -178.5202,       54.16796,      -179.4265,       33.08899,       179.7761,       19.09708,      -177.4149
       175.8125,       37.08706,      -178.6124,       57.53773,      -179.2708,       35.92455,      -179.7588,       19.91294,      -177.5406
        175.875,       37.19306,       178.4976,       59.59743,       178.4287,       36.50279,       177.5335,       20.75607,       178.9118
       175.9375,       35.03318,      -178.2481,       54.42466,      -179.1025,        33.2737,      -178.8426,       19.64658,      -178.2085
            176,       35.64867,      -177.8965,       54.85778,      -178.3204,       33.55886,      -179.2057,       19.01695,       179.6578
       176.0625,       35.76803,      -175.9709,       56.20966,      -176.8969,       34.71827,      -176.6269,       19.82512,      -174.8778
        176.125,       38.18413,      -178.4457,       60.36819,      -178.2516,       37.55927,      -178.8108,       20.88903,       179.2593
       176.1875,       35.23436,       -177.819,       55.12346,      -178.3843,       33.57411,      -178.1288,       18.64149,      -177.2853
         176.25,       34.46363,       178.7696,       53.88049,       179.3375,       34.11666,       179.1888,       18.82843,       177.6222
       176.3125,       35.00734,      -177.3269,        56.3027,      -178.2461,       34.28366,      -178.6176,       18.96617,      -177.7175
        176.375,       38.13805,      -179.5802,       59.37951,      -179.2322,        37.5718,      -179.5655,       19.78604,       179.8306
       176.4375,       35.51575,       177.8059,       57.35336,       177.8383,       35.65415,       177.6254,       19.46016,       179.3816
          176.5,       30.99149,       179.2837,       48.90144,       178.6472,        30.1933,        176.764,       16.43099,      -179.9707
       176.5625,       37.19201,      -176.7373,       58.26959,      -177.6093,       35.97776,      -177.6413,       20.29447,      -176.9486
        176.625,       37.26593,       178.1916,       59.01521,       177.5912,       37.10745,       176.4772,       20.23625,       178.5293
       176.6875,       35.61201,       179.3994,       56.31467,       179.0811,       34.40451,        178.925,       19.34344,      -179.1717
         176.75,       32.36293,       179.9568,       49.78151,       179.6368,       30.47597,       178.2895,        17.2432,       179.6815
       176.8125,       36.78542,      -172.3519,       57.09921,      -174.3788,       35.06216,      -174.6306,       19.79403,      -172.5501
        176.875,        36.6139,       178.3433,       57.75338,       179.8163,       35.96626,       179.4483,       20.04867,       179.1621
       176.9375,       35.84393,      -179.7152,        55.9651,       179.6177,       34.53053,       179.3032,        19.4399,      -179.2668
            177,       32.91938,      -179.5596,        51.7953,      -179.6631,       31.68977,      -179.2401,       17.43136,       178.5349
       177.0625,       32.91301,      -177.0359,       52.74966,      -176.3846,       32.95638,      -177.7016,       18.06028,      -175.0332
        177.125,       39.47436,      -179.5755,       60.67023,      -179.9236,       37.18389,       179.0415,        20.7221,      -179.7693
       177.1875,       33.15583,       177.8817,       53.57918,       178.3065,       33.49039,       179.7601,       18.54823,       178.9257
         177.25,       33.48328,       178.8069,       51.84489,       179.9295,       32.03155,       179.5035,       17.38548,       179.7893
       177.3125,       34.71435,      -178.4667,       55.09822,      -178.4099,       33.98897,      -179.3047,        19.0433,      -178.9608
        177.375,       35.95046,       179.9329,       56.54274,       179.8276,       35.19645,       179.9081,        19.6974,      -178.1279
       177.4375,       36.20089,      -177.8478,       57.11806,      -177.3229,       35.77914,      -177.9518,       19.50438,      -178.9603
          177.5,       33.37883,       177.9288,       53.28077,       178.6494,       32.73455,       178.2971,       18.09892,      -179.8293
       177.5625,       32.78796,      -179.0773,       51.85286,      -179.6522,       32.08664,       179.7459,       17.78575,      -179.0017
        177.625,        37.0438,      -176.9835,       59.49662,      -177.2595,       37.18051,      -178.1358,       20.12186,      -177.4614
       177.6875,        35.0307,        179.149,       55.75855,       179.5252,       34.59512,        179.185,       18.72878,      -179.9064
         177.75,       31.80593,       176.8673,       50.33419,       177.3289,       31.12844,       177.3014,       17.47841,        179.173
       177.8125,        30.6212,      -176.2292,       49.66867,        -176.67,       30.68292,      -177.5844,       16.52222,      -176.3423
        177.875,       37.01262,       -178.817,       59.15943,      -179.9417,       37.01776,        179.046,       20.27366,      -178.2855
       177.9375,       33.96035,       177.4308,       54.70521,       177.8474,       33.78179,       177.6853,       19.43484,       179.1357
            178,       31.75522,       178.8496,       49.96128,       178.2675,       30.91288,       177.2849,       16.65406,       177.3053
       178.0625,       31.36518,       -175.646,       49.69724,      -175.9608,       30.06677,      -175.5597,       17.54655,      -176.6879
        178.125,       35.29381,      -178.0169,       56.87821,      -178.7045,       35.44034,       179.9464,       19.38313,      -178.3887
       178.1875,       34.98236,      -178.2074,       56.26559,      -179.3465,       35.08411,      -178.9714,       19.21591,      -178.8093
         178.25,       32.42565,       178.4171,       50.76621,       177.8368,       31.07613,       178.7892,       17.11183,       176.7256
       178.3125,       31.98304,      -174.3698,       50.62123,      -175.7802,       31.54287,      -176.9196,       16.98735,      -175.9402
        178.375,       35.53794,      -175.0098,       56.72033,      -175.6873,       35.66214,      -175.5028,       19.78526,      -175.9349
       178.4375,       37.22452,       179.5594,       60.15107,       179.1139,       37.64186,       178.5052,       19.39018,       179.9689
          178.5,       31.77936,       179.8627,       50.26324,       179.1816,        31.4826,       178.9722,       16.66767,       178.4608
       178.5625,       31.29372,       179.1195,       50.13683,       179.1279,        31.3166,       177.6774,       16.78752,      -178.6731
        178.625,       36.92526,      -174.2024,       58.84967,      -176.1696,       36.05404,       -176.473,       19.89577,       -173.967
       178.6875,       34.45202,       176.2215,       55.10174,       175.0565,       34.88229,       174.7297,       18.77448,       176.3627
         178.75,       30.79281,        178.341,       49.12745,       177.4617,       30.18904,       176.9561,       16.75517,       179.4655
       178.8125,       32.56495,      -174.8677,       49.90737,      -175.9132,       30.97263,      -177.5873,         17.545,      -175.5219
        178.875,       33.67681,      -179.1199,       53.88259,       178.9091,       33.03344,       177.5011,       18.62874,       178.9796
       178.9375,       35.65192,      -176.8608,       55.94296,      -178.5122,       34.62724,      -178.3736,       19.28508,       -176.075
            179,       32.63515,      -179.9422,       50.59822,       179.9719,       30.71881,       179.8879,       17.09178,       177.0891
       179.0625,       31.99786,      -175.4705,       49.55907,      -177.5997,        30.9423,      -178.1506,         17.888,      -177.5694
        179.125,       34.94548,      -173.9664,       54.73875,      -174.4874,       33.74618,       -174.532,       17.67488,      -175.6436
       179.1875,       36.41414,      -179.8487,       57.76695,       179.6363,       35.79053,        178.685,       19.25307,       -179.522
         179.25,       32.00234,       179.0253,       50.38926,       178.1915,       31.93927,       178.6266,       17.07473,       176.1746
       179.3125,         32.536,       -177.739,       50.56913,      -177.6702,       31.27199,       -178.656,       16.40433,      -177.3658
        179.375,       33.07424,      -176.9718,       52.50752,      -177.5729,       32.84795,       -178.128,       17.69638,      -177.8384
       179.4375,       37.31199,       176.2014,       58.59924,       176.5619,         37.016,       177.2861,       19.63205,       179.1845
          179.5,       31.33886,       178.8441,       49.60576,       179.1691,       30.46853,       176.4364,       16.24892,       178.5988
       179.5625,       31.87805,      -178.8013,       50.57019,       -179.403,       31.03602,      -179.3978,       17.40967,      -178.8918
        179.625,       32.85793,      -176.4664,       51.24504,      -177.5122,       32.24914,      -177.8082,       17.13663,      -175.2118
       179.6875,       35.59979,       -179.509,       56.35435,       179.6942,       34.41721,        179.301,       18.87399,      -179.3949
         179.75,       32.85503,      -179.9542,       51.17684,        179.946,       32.50397,       178.9069,       17.92916,      -179.6111
       179.8125,       30.41311,      -177.5247,       48.37103,      -177.8783,       29.53062,      -179.1067,       16.20703,      -177.3242
        179.875,       35.69953,      -176.5351,       54.65214,      -177.0396,       33.58384,      -177.5196,        18.5734,      -175.8097
       179.9375,       34.17524,       -178.673,       54.61891,      -179.0083,       34.12738,      -179.0702,       18.42569,      -179.4206
            180,       33.00456,      -177.9196,       52.38623,      -179.1272,       32.51195,      -179.6127,       17.58723,      -178.7402
       180.0625,       33.14317,       177.8109,       51.29938,       178.8614,       31.42043,       178.9782,       17.06137,       178.9297
        180.125,       32.17571,      -178.3496,       51.68198,      -179.9465,       32.46801,       178.9294,       17.15185,      -177.9866
       180.1875,       34.61367,       179.9398,       54.12801,      -178.9026,       33.88099,       -179.864,       19.05415,      -178.8072
         180.25,       33.10229,       179.5509,       53.06227,        178.355,       32.67016,       178.8811,       17.71862,       177.8569
       180.3125,       30.82844,      -179.7072,       48.01539,       179.5596,       29.78227,       178.3094,       15.79855,       179.7977
        180.375,       34.92138,      -178.6084,        55.1307,       -177.976,       34.08997,      -178.6348,        19.0041,      -177.5471
       180.4375,       32.58067,      -179.2128,       51.54271,       179.9637,       31.75711,      -179.5163,       17.07096,       179.3475
          180.5,        33.4263,      -179.0572,       52.44956,      -178.8458,       33.07033,        179.819,       17.85499,      -177.8458
       180.5625,       31.68404,      -178.1035,       51.56479,      -179.1596,       31.80437,      -178.6511,        17.0838,      -179.6057
        180.625,       30.85838,      -175.4137,        47.7747,      -176.3695,       29.88031,      -177.4116,       16.19569,      -175.4685
       180.6875,       33.95856,      -179.3219,        54.0578,      -178.9122,       33.81092,      -179.7648,       17.61148,      -179.2173
         180.75,       32.98716,      -179.7551,       53.21191,      -179.5889,       32.71252,      -179.8947,       18.08583,      -179.1343
       180.8125,       30.71728,      -179.6917,       49.15773,       178.6623,       30.65689,       178.3743,       16.29657,      -179.6859
        180.875,        32.9705,      -178.3677,       51.45082,      -178.8983,       32.17417,      -179.4549,       17.10349,       179.7897
       180.9375,       31.72551,      -178.9482,       50.63762,      -179.1662,       31.57038,      -179.9048,       16.63672,      -177.3938
            181,       34.18613,      -178.9255,       54.16022,      -179.9853,       32.72614,       178.5263,       18.16941,      -179.4873
       181.0625,       32.82197,      -179.9723,       50.93515,       179.4398,         32.585,      -179.9455,        17.4041,        -177.81
        181.125,       30.56581,       179.3732,       48.78202,       179.2782,       29.53181,       177.7423,       16.61807,       178.0536
       181.1875,       32.18926,       -177.849,       50.95866,      -178.2076,       31.59422,      -178.3314,       16.44743,      -176.9915
         181.25,        34.8278,      -176.1833,        54.7906,      -177.7464,       34.38089,      -177.9435,       19.50238,      -176.3125
       181.3125,       32.05731,       179.6715,       50.41742,       179.9502,       31.21931,       179.4134,        16.4735,       178.2884
        181.375,        32.0794,      -178.6368,       51.15193,      -179.1247,       31.73011,      -178.9037,       17.05725,      -178.0683
       181.4375,       33.09321,      -176.7464,       52.29804,      -178.1484,       33.20564,       179.8532,       17.72446,      -177.5074
          181.5,       32.50034,      -179.9757,       51.90557,       178.9843,        31.9118,       179.3755,        16.7444,       179.0928
       181.5625,       32.57528,      -179.2107,        51.4226,      -178.5387,       32.06506,      -179.6812,       17.25434,      -178.0622
        181.625,       30.67165,       178.9768,       48.70241,       177.2961,       30.10367,       177.9015,       16.46385,       177.1656
       181.6875,       30.54682,       -174.121,       47.42204,      -176.1683,       29.82156,      -177.7369,       15.88516,      -172.9307
         181.75,       33.71791,        177.886,       52.91272,       178.0856,       32.46574,       178.4764,       17.96485,       176.5625
       181.8125,       32.16374,      -177.1946,       51.49155,       -178.288,       32.43847,      -179.8751,        17.3902,      -177.1831
        181.875,       31.52986,      -179.1431,       47.63255,      -179.5049,       29.48244,      -179.8995,       16.11054,       178.5464
       181.9375,       30.08111,      -176.8503,       48.59715,       -177.696,       29.54868,       -178.256,       16.35394,      -177.6754
            182,       33.85983,      -175.2284,       52.71885,      -176.8342,       33.22558,      -177.0419,       16.89744,      -177.7744
       182.0625,       33.35928,       179.9999,       52.92342,       -179.709,       32.70921,       179.4333,       17.84996,      -178.1857
        182.125,       31.19604,      -179.5416,       49.30299,        179.902,       30.81248,       179.9625,       15.96627,       179.7436
       182.1875,         31.272,      -178.0996,       48.26464,      -179.4343,       29.86367,      -179.3265,       16.01608,      -179.5923
         182.25,       33.24574,      -177.9702,       52.59369,      -178.2689,       33.32246,      -179.6958,       16.72988,      -176.8457
       182.3125,        33.2478,       177.8973,       53.36834,       178.1376,       33.74465,        178.238,       17.77815,        -179.78
        182.375,       31.26349,        179.335,       48.58248,         178.71,       29.67869,       177.5814,       15.62893,       178.7655
       182.4375,       30.33077,       178.7534,       47.32077,       178.9445,       29.71067,        178.275,       16.35202,      -178.1027
          182.5,       31.60018,      -177.4619,       49.62302,      -178.7981,       30.41593,      -179.5915,       16.39441,      -178.6223
       182.5625,        34.4872,      -179.0112,       54.28072,      -178.9199,       33.97541,      -179.7362,       18.24813,      -177.5204
        182.625,       29.64421,       178.4258,       46.13995,       177.9063,        28.4879,       178.0475,       15.82619,       179.8897
       182.6875,        31.0011,      -174.8662,       47.60629,      -174.6569,       29.57141,      -176.2034,       16.30798,      -177.5673
         182.75,       32.24634,      -174.9839,       50.98824,      -176.1898,       30.97943,      -176.7038,       16.77971,      -175.4014
       182.8125,       33.68591,       178.0503,        54.2958,       179.4302,       34.09292,        179.636,       18.03358,        179.284
        182.875,       33.45443,      -179.2033,       51.20972,      -179.8153,       31.54729,      -179.5832,       17.26306,       178.9706
       182.9375,       29.16777,      -177.5914,       46.14717,      -177.5588,       29.32547,      -178.5849,       14.69548,      -179.3604
            183,       32.13715,      -178.1904,       51.79417,      -178.5549,       31.72452,       -178.548,       16.95115,      -175.9292
       183.0625,       33.49384,       179.8633,       52.63097,       -179.461,       33.77213,      -179.7227,       17.26298,      -179.6473
        183.125,       31.19139,       176.8567,       50.64381,       177.0459,       31.40543,       176.6262,       16.53156,       177.1386
       183.1875,       28.91993,       178.4562,       44.78584,        177.466,       27.79548,       175.7511,       14.41898,       177.4301
         183.25,       31.48394,       179.9702,       50.03794,      -179.0652,       31.14321,      -179.6987,       16.30105,      -174.9629
       183.3125,       33.44095,      -178.1411,       53.42396,       179.6376,       33.57804,      -179.2452,       18.04521,       -179.385
        183.375,       29.29517,       177.5628,       45.78357,       179.3497,       28.78512,       176.3918,       15.36474,       179.4807
       183.4375,       28.61004,      -177.6653,       45.83069,      -179.1614,       27.22605,      -178.4795,       15.05144,       -177.106
          183.5,       30.53865,      -175.7739,        47.1606,      -176.0352,       30.20707,      -177.0413,       15.89854,      -175.4453
       183.5625,       33.49297,      -178.1699,       54.23547,      -178.7233,       33.70494,       179.9626,       17.90158,      -178.6862
        183.625,       31.20616,       179.2523,       48.88628,       179.7847,       30.34572,      -179.6425,       16.79265,      -179.6655
       183.6875,       29.07313,       -178.857,       46.70838,      -178.8565,       29.03609,       179.5058,       14.46035,      -179.2451
         183.75,       30.55764,      -176.3763,       47.93897,      -176.6982,       29.80021,      -178.0923,       16.36884,      -176.3271
       183.8125,        33.2697,       -175.376,       54.17833,      -176.8387,       33.27315,      -176.6509,       17.31326,      -177.7044
        183.875,       31.72861,       175.1169,       50.37148,       176.6377,        32.0609,            177,       16.61194,       177.8086
       183.9375,       28.46193,      -179.8551,       45.65428,       178.6862,       27.88115,       177.9127,       14.48938,       179.7369
            184,       30.71675,      -174.9049,       47.29588,      -175.6753,       29.64972,      -176.4094,       16.31884,      -176.8797
       184.0625,       34.48553,      -178.5314,       56.13214,      -178.6675,       34.94129,      -179.7494,       17.91496,      -175.1929
        184.125,       31.02879,       177.6107,       49.10613,       176.6069,       30.63596,       176.7181,       16.67282,       174.2523
       184.1875,       28.84445,      -178.8128,       45.42349,      -178.7995,       28.03286,       -178.698,       14.37433,      -177.9649
         184.25,       29.92659,      -174.3045,       46.95793,      -175.9419,       29.46704,      -177.5051,       15.65323,      -173.8592
       184.3125,       33.40622,      -178.1639,       54.04048,      -179.2968,       33.85435,      -178.9091,        17.7448,      -179.1033
        184.375,       32.25208,       177.0808,       50.89581,       176.8487,       31.53001,       175.3316,       16.26595,         178.51
       184.4375,       27.31576,       179.9088,       42.97872,       178.3896,       26.94371,       178.8031,       14.40545,       179.3683
          184.5,       31.31716,      -176.3179,        49.3335,      -177.2678,       31.05134,      -178.3721,       16.02775,      -177.7629
       184.5625,       30.64645,       179.6912,       49.02868,       179.3063,        30.6615,       177.3214,       15.95165,      -178.5125
        184.625,       31.08114,      -179.8991,       49.02449,       178.7743,       30.28773,       179.9798,       16.04701,      -179.9782
       184.6875,        29.2857,       179.7631,       45.04842,      -179.4934,       28.25053,       179.3283,       14.77688,       179.5367
         184.75,       28.54575,       -178.728,       45.31546,      -179.7565,       27.91898,       179.2903,       15.31618,      -177.3245
       184.8125,       31.07552,      -173.9577,       49.46013,      -174.7306,       31.77907,      -175.6685,       16.41981,       -175.354
        184.875,       33.97421,       179.1111,       53.20757,       179.1914,       32.06108,       178.1501,       17.31268,       177.9786
       184.9375,       28.15831,       -177.328,        44.9774,       -178.466,       28.25991,      -179.1456,       14.29619,      -178.5196
            185,       30.84609,      -175.3651,       48.04522,      -175.5605,       29.79365,      -176.0147,       16.02276,       -174.879
       185.0625,       33.70977,      -175.5555,       54.01135,      -177.9016,       33.35975,      -178.5431,       17.22307,      -177.2335
        185.125,       30.69787,       179.6605,       49.05019,      -179.5594,       30.90256,      -178.9595,       16.03601,       179.0141
       185.1875,       32.19291,      -178.6741,       49.97757,       179.3002,       30.92186,       178.3586,       15.65461,       -178.607
         185.25,       30.05856,      -179.7481,        47.0695,       179.6488,        29.8668,        179.128,       15.27696,       -179.804
       185.3125,       31.90845,       179.1981,       50.12505,       178.6865,       31.21111,         178.77,         16.035,      -179.3264
        185.375,       32.07681,       179.5989,       49.57388,       179.2995,       30.82432,       178.3343,       16.58222,      -177.7278
       185.4375,       29.20211,       176.7309,       45.93602,       177.5001,       28.51041,       176.7702,       15.01115,       177.6013
          185.5,       28.77104,       179.4729,       44.69104,       178.9862,       27.57727,       178.2071,       15.25856,       -179.904
       185.5625,       31.44763,       -177.432,       48.80354,      -177.8777,       30.42486,      -177.6256,       15.62402,      -177.5378
        185.625,       28.73426,       179.4122,       46.66866,       179.5547,       29.65684,       178.6556,       15.93222,       -177.812
       185.6875,       31.23557,      -178.8595,        46.9477,      -178.6649,       28.99775,        179.107,       15.52355,       178.7182
         185.75,       28.84122,      -177.5983,       47.32148,      -178.1296,       28.88589,      -178.4742,       15.12462,      -176.6197
       185.8125,       31.40633,      -175.9456,       48.53681,      -176.4321,       30.46176,      -176.7552,       16.07142,      -177.7542
        185.875,       31.45515,      -178.4102,       50.58507,      -178.9842,       32.20401,       179.9361,       15.81689,      -177.8058
       185.9375,       30.56412,      -179.5301,       47.69891,      -178.7298,       29.34389,       -178.104,       15.64158,      -179.7083
            186,       29.91541,        178.879,       48.66881,       178.9073,       30.40821,       176.8972,       15.22666,       -178.476
       186.0625,       29.91034,       -177.226,       47.60476,      -177.5263,       29.90923,        -176.62,       15.40095,      -177.5584
        186.125,       32.75031,       178.8052,       51.24158,       178.6349,       32.43361,       177.4019,       16.43261,        179.611
       186.1875,       28.83511,       179.4822,       46.28201,       179.9294,       28.70166,       178.5984,       15.22301,      -178.8346
         186.25,        29.5172,      -177.8775,        46.3479,      -177.2383,       28.22307,      -175.8982,        15.2131,      -176.2377
       186.3125,       30.33487,       178.2777,        48.4682,       178.1582,        30.5803,       176.3882,       15.66641,       177.4202
        186.375,       29.76315,       -178.545,       46.43272,      -179.4675,       29.10613,      -179.5494,       15.82231,      -176.4512
       186.4375,       29.52584,       179.6451,       48.07745,      -178.3614,       29.98816,      -179.8044,        15.5459,       179.4476
          186.5,       30.49005,       -177.943,       47.43209,       179.5633,       28.32845,       179.7782,       15.16754,      -178.5785
       186.5625,       28.03457,      -178.7982,        44.7599,      -178.0038,       28.76597,      -178.5365,       15.01212,      -177.8272
        186.625,       30.68153,       179.8119,       49.68927,      -179.4748,       30.81789,        178.897,       15.67247,      -179.7269
       186.6875,       30.75364,      -176.4187,        49.4509,      -178.7303,       30.76494,      -178.6329,       16.08032,      -178.5911
         186.75,       29.23848,       177.0579,       46.73935,       177.5535,       29.05379,       176.1399,       14.64737,       178.1894
       186.8125,       28.39086,      -177.2275,       45.20661,      -178.8483,        28.5494,      -177.5594,       14.37716,      -177.0625
        186.875,        30.6664,        179.699,       49.98553,      -179.7475,       31.26719,       177.3911,       16.12254,       179.3992
       186.9375,       31.55319,      -175.8012,       50.40199,       -178.244,       31.08591,      -178.1495,       16.11179,      -176.0403
            187,       29.41175,       -179.797,       46.50344,       178.8471,       29.34106,       178.6914,       15.08181,       179.6168
       187.0625,       29.05116,      -178.0355,        45.9377,      -178.5501,       28.48253,      -179.1286,       14.62182,      -178.2546
        187.125,        32.0843,      -174.7487,       49.68594,      -175.9444,       31.11041,      -177.1239,       16.75665,      -175.4098
       187.1875,       29.58362,      -178.3718,       47.49696,      -179.9005,       29.26742,       179.7218,       15.09396,      -178.2669
         187.25,       29.81127,       178.4321,       46.39502,       179.4426,       29.01684,       178.6122,       14.85287,       178.3434
       187.3125,       29.58192,      -175.7929,       46.79979,      -176.8209,       29.13779,       -177.029,       15.60867,      -175.5679
        187.375,       29.49099,      -178.3652,       46.84171,      -178.3596,       28.55252,      -179.0984,       14.71101,       -178.264
       187.4375,       30.37799,      -179.4007,       48.75824,      -179.7388,       30.65274,       179.6208,       15.72586,      -179.8447
          187.5,       30.27769,       179.1348,       48.42313,       179.1082,       30.24113,        178.702,       15.65695,       179.7804
       187.5625,        27.8649,       179.3725,       45.30402,       177.6417,       28.00791,       178.5016,       14.06363,       178.4565
        187.625,       28.45087,       179.2737,       44.20858,       179.4763,       28.09092,       177.6685,        14.7909,      -178.5689
       187.6875,       31.59583,      -177.8658,       51.17136,       179.9778,       31.39558,       178.7571,       16.08715,       179.8677
         187.75,       29.69644,       179.5335,       46.51757,        178.567,       29.17627,       177.6502,       14.73216,       179.2155
       187.8125,       29.80292,      -179.7458,       46.40541,       179.4925,       28.91898,       -179.982,       15.14556,      -178.3286
        187.875,       28.59887,      -176.3049,       44.88923,      -177.5792,        27.5736,      -179.1143,       14.07424,      -176.8091
       187.9375,        30.6464,      -177.4971,       49.32273,      -176.8716,       30.84983,      -177.1705,        16.3345,      -175.3836
            188,       32.73078,      -177.9539,       51.36225,       179.7399,       32.34883,       179.0297,       16.05727,       178.5805
       188.0625,       28.69463,      -179.1258,       44.94382,      -178.4438,       28.15224,      -178.9953,        14.4046,      -178.0498
        188.125,       29.22577,      -178.5728,       46.79014,      -179.0436,       28.18386,       -179.406,       14.37884,      -177.3031
       188.1875,       31.14283,      -175.8382,       50.24703,      -177.0751,       31.81137,      -177.3444,       16.18156,      -174.9041
         188.25,       30.83689,       177.3162,       48.48349,         177.01,       30.43885,       176.1623,       15.51011,       177.8399
       188.3125,       28.86219,       178.5045,       46.67518,       177.8923,       28.63398,       179.4462,       14.38495,       177.4788
        188.375,       27.88139,       179.9604,       43.09524,       179.4718,       26.63817,       177.7873,       14.27585,      -176.1527
       188.4375,       30.17189,      -176.0819,       47.79506,      -178.7845,       29.79583,      -179.0519,       15.48184,      -177.0968
          188.5,       30.41711,       175.8454,       48.09054,       175.8138,       29.63595,       175.8546,       15.77479,       178.8984
       188.5625,       28.30064,       176.9176,       44.07203,       176.8231,        27.7225,       177.5915,       14.65254,       176.0974
        188.625,       27.42568,      -178.3021,        43.1623,      -179.4563,       26.59217,       179.2998,       13.61879,      -179.7512
       188.6875,       28.81703,      -175.4295,       45.03975,      -176.3646,       28.62422,      -177.1594,       14.83106,      -171.2374
         188.75,       32.01535,       178.9728,        51.5167,       178.2307,       31.80504,       178.4227,       16.80495,       177.0016
       188.8125,       28.55604,       176.9124,       44.92099,       176.9133,       28.53245,       175.9442,       14.39402,       176.6984
        188.875,       27.87157,      -177.6663,       43.79815,      -178.9581,       26.54536,      -178.3411,        13.8107,       -175.246
       188.9375,       29.95449,      -176.5694,       47.23229,      -177.1664,       30.78384,      -178.9123,        15.2095,      -175.7511
            189,       29.76303,       177.1689,       48.97766,       176.9405,       30.05177,       177.0705,       15.56585,       176.5433
       189.0625,        28.0663,       179.3702,       43.41644,       179.4179,       27.53791,      -179.5182,       13.76617,       -179.688
        189.125,       27.56366,       179.7353,       42.84376,       179.0251,       26.95046,        178.084,       14.45933,       -178.483
       189.1875,       28.35775,      -179.3831,       45.00063,      -179.5673,       27.51043,      -179.8965,       14.06026,      -179.1712
         189.25,       30.76144,      -178.0321,       48.22066,      -177.6807,       30.78591,      -178.6319,       16.17098,      -177.3833
       189.3125,       28.12476,       177.4732,       44.99016,        177.172,       27.70383,       178.3813,       14.37967,       179.1133
        189.375,       25.82202,      -178.7893,        39.7588,      -178.2879,       24.85645,      -178.3081,       13.64624,      -179.6168
       189.4375,       28.17386,      -174.5344,       44.99915,      -176.1231,       28.28183,      -177.5387,       14.57936,      -174.3375
          189.5,         31.703,      -179.5369,       49.57072,      -179.1643,       30.63899,       179.4806,       15.73422,       179.7147
       189.5625,       28.97458,       178.2307,       47.00619,       178.4998,       29.92406,       179.6797,       15.70955,       179.1515
        189.625,       26.43114,      -178.3074,       41.66822,      -179.1238,       25.88365,       179.3562,       12.96135,      -178.8418
       189.6875,       29.56909,      -176.1327,       46.38262,      -177.6927,       28.68704,      -177.9497,       15.03979,      -178.0739
         189.75,        29.9367,      -179.8455,        48.8827,      -179.4458,       31.15766,       179.6628,       15.42477,      -177.5421
       189.8125,       28.97978,        175.286,       45.96532,       175.5407,       29.16954,       175.2578,       14.52186,       175.6328
        189.875,       26.34196,      -179.5461,       42.03132,        179.222,       26.03256,       179.5868,       13.79278,      -179.1779
       189.9375,       27.11968,      -177.5629,       42.92309,      -177.5401,       26.97217,      -179.1556,       13.64066,      -179.1188
            190,       31.19022,      -179.4498,       50.86443,        179.146,        31.9447,       178.6203,       16.24606,       179.4308
       190.0625,       27.57302,      -179.4559,       43.54749,      -179.8471,       27.58776,      -179.8031,        13.7338,      -178.1496
        190.125,       26.27636,       179.7607,       42.29928,        179.772,       25.92257,       179.6302,       13.81729,       178.8971
       190.1875,       28.22003,      -174.2904,       43.39002,      -176.0886,       27.47479,      -177.0308,       13.93672,      -176.4038
         190.25,       28.91023,       -177.108,       47.60891,      -177.4651,       29.58289,      -179.3622,       15.03706,      -176.8304
       190.3125,       29.66687,      -179.0017,       46.46719,       179.8803,       29.43948,      -178.4636,       14.79003,       179.2996
        190.375,        26.1231,      -178.8867,       41.17554,      -179.5411,       25.47658,      -179.5893,       12.91485,      -179.5459
       190.4375,       26.62489,      -176.6189,       42.21041,      -177.0206,        26.4613,      -179.2744,       13.89275,      -176.2739
          190.5,       31.49214,      -175.2509,       51.69542,       -175.698,         32.668,      -176.8112,       15.94806,      -175.3203
       190.5625,       28.29313,       177.1897,       44.86351,       175.3896,       27.87819,       176.0901,        14.3021,       174.9637
        190.625,       27.00891,       179.7953,       42.66524,      -179.9627,       26.84484,       179.4415,       13.50743,      -178.4054
       190.6875,       27.48127,      -176.3965,       43.63427,      -178.1845,       27.14131,       -179.859,       14.16389,      -177.7585
         190.75,       30.44799,      -177.3888,       48.77934,      -179.4864,       30.08899,      -179.5151,       14.88297,      -177.4573
       190.8125,       29.38318,       178.2391,       46.77282,       178.5882,       30.43277,       178.4687,       15.68595,       177.9113
        190.875,       26.39692,       179.3383,       41.46612,       177.7492,       25.49428,       176.5821,       12.94257,       178.3888
       190.9375,       28.30564,      -175.6839,       43.98462,      -177.4582,       27.12002,      -177.9043,       14.01271,      -174.2854
            191,       29.49324,      -175.6856,       46.98999,      -177.1409,        29.8159,      -178.6148,       15.24799,      -179.8449
       191.0625,       29.04182,       178.6647,       45.67026,       179.2142,       28.99873,       179.3614,       14.28866,      -178.1173
        191.125,        26.8021,      -178.6512,       42.17662,      -179.6668,        26.2053,       179.9444,       13.24454,       177.8589
       191.1875,       27.03581,      -177.4833,       42.35398,      -178.0945,       26.03477,      -178.5222,       13.71343,      -175.9635
         191.25,       29.43524,      -179.0652,       46.48653,      -179.5979,       29.60338,       178.7574,       14.37498,      -179.8345
       191.3125,       28.98711,      -178.4493,       46.96284,      -178.8878,       29.79071,       -178.367,        14.6447,      -177.5786
        191.375,       27.22523,       178.5089,       42.95233,       179.0052,       26.55205,       178.4518,       13.92928,        177.104
       191.4375,       26.12828,      -176.8224,       40.95774,      -178.4055,       25.13062,      -178.3443,       12.67334,      -176.1954
          191.5,       28.50812,      -176.6464,       45.07462,      -177.9646,       28.90662,      -179.3014,       14.60719,       -177.103
       191.5625,       31.33688,      -179.5359,       50.17968,      -179.3682,       31.46896,      -179.8038,        15.8459,      -179.6349
        191.625,       26.44098,      -179.8825,       42.00456,       179.4449,       26.04767,       178.3046,        13.3718,       178.6601
       191.6875,       27.52753,      -176.0422,       43.25935,      -177.8941,       26.42019,      -176.5401,       13.55855,      -177.0414
         191.75,       28.72097,      -175.6713,       44.79566,      -178.0899,       29.10051,       179.4685,       13.91956,      -174.1228
       191.8125,       31.14715,       179.5687,       49.75374,      -179.5085,        31.1421,       179.4474,       16.34872,       177.3796
        191.875,       26.71935,       179.3743,       41.69176,       178.2756,         25.783,       178.8323,       12.35108,      -179.6239
       191.9375,       27.20222,       -179.231,       43.27546,      -179.3461,       27.13794,       179.9628,       14.21577,      -178.8443
            192,       28.32046,      -179.4954,       45.20495,      -179.8606,       28.84186,       178.9905,       13.48314,      -178.4242
       192.0625,       28.99708,       179.7627,       46.69925,        178.229,       29.39664,       177.5972,       15.00242,       178.3622
        192.125,       27.62888,       176.8368,       42.47021,       178.1455,       26.68398,       177.9676,       13.47162,      -179.6112
       192.1875,       25.04209,      -178.2453,       40.08946,      -178.5993,       24.96761,      -179.6413,       12.81915,       -179.162
         192.25,       28.55701,      -175.2725,       45.19782,      -177.6707,       28.20831,       -178.542,       14.20335,      -176.5746
       192.3125,       28.79734,       179.3065,       46.25201,      -179.6398,       29.15582,      -179.5855,       15.26462,       179.9575
        192.375,       26.76369,      -176.2105,       42.24315,      -177.4405,       26.42972,      -178.9045,       13.16299,       -179.662
       192.4375,       26.90039,      -177.6755,       42.06186,      -178.1689,       26.00299,      -178.1941,       13.42056,      -178.5388
          192.5,       29.59065,      -172.3818,       47.53987,      -173.7134,       29.21474,       -175.097,        14.7334,      -173.4251
       192.5625,       29.35226,      -176.0892,       47.29833,      -177.6921,       30.00019,      -177.5875,       14.27757,      -179.4916
        192.625,       29.26438,       179.0815,       46.41621,       178.1852,       29.30095,       178.0103,       14.62702,       -178.686
       192.6875,        27.1303,       -175.931,        42.8291,      -178.2366,       26.53899,      -179.4789,       12.99179,      -178.5014
         192.75,       29.67974,      -179.6294,       46.78616,       179.5733,       29.34514,       178.8191,         14.588,       -178.625
       192.8125,       29.95536,       178.9411,       47.62848,       178.4946,       30.21988,       178.4872,       14.87708,       -177.849
        192.875,       27.48015,       176.5042,       43.75005,       176.4376,       27.36013,       176.8215,        14.0338,       177.0598
       192.9375,       25.29278,       178.5558,       40.07691,       176.1288,       25.11229,        176.132,        12.5714,       176.0016
            193,       28.58632,      -178.6082,       44.05637,      -178.1357,       28.02722,       179.8782,       14.43514,      -174.7164
       193.0625,       27.35328,           -180,       43.92376,       178.2451,       27.72558,       178.3291,       13.77837,       177.8153
        193.125,       27.05407,       179.9513,       42.30455,       179.7237,       26.82071,       177.9589,       13.74029,      -179.5029
       193.1875,       25.17928,      -175.2058,       40.07521,      -175.2856,       24.38167,      -175.1404,       13.38402,      -176.9773
         193.25,        28.4971,      -176.2575,       44.27956,      -177.4984,       28.32963,       -179.271,       13.50818,       -177.942
       193.3125,       28.30534,      -174.8127,        44.5892,      -176.8602,       27.57306,       -176.775,       14.18334,      -177.6915
        193.375,       28.64027,      -177.8798,        46.2884,      -177.1966,       29.09781,      -178.0251,         14.341,      -179.4835
       193.4375,       27.79288,      -175.0468,       43.06215,      -176.3122,       26.96396,       -177.466,       12.81514,      -175.8086
          193.5,       28.30227,      -178.6231,       45.48143,      -178.9278,       28.54383,       179.8262,       13.87468,      -179.4132
       193.5625,       30.34172,      -177.0399,        47.9993,       -178.404,       30.20558,      -177.2903,       14.90016,       -177.519
        193.625,       27.37103,       178.9074,       44.06728,       179.0867,       27.49047,        177.077,       13.41859,      -179.6329
       193.6875,       28.45876,      -179.1154,       44.62251,       179.8515,       27.77557,      -179.9871,       13.63871,        178.779
         193.75,       27.57619,       179.4944,       44.18255,       178.1539,       27.88878,       178.2978,       13.48813,      -176.5199
       193.8125,       29.20227,      -179.0354,       45.72945,      -179.8961,       28.97994,       178.6926,       14.71306,      -179.6096
        193.875,       27.56804,      -179.9669,       43.66856,       178.5566,       26.78119,       178.8699,       13.76925,        179.515
       193.9375,       27.40274,        178.251,        42.6263,       177.6608,       27.38022,       177.3127,       13.85801,      -179.5815
            194,       28.15342,      -175.7578,       43.88597,      -177.3935,       27.18776,      -178.6442,       13.83495,      -176.8931
       194.0625,        27.0252,      -178.9546,       43.27949,       179.6439,       27.98573,       179.2122,       13.76693,      -179.9748
        194.125,       27.99739,      -177.8318,       43.48734,      -178.4866,       26.41072,       179.5897,       13.37668,      -178.5574
       194.1875,       26.99125,      -176.5266,       41.96634,      -177.7009,       27.43909,      -177.3405,       13.85725,      -177.7152
         194.25,       28.00113,      -179.4243,       44.71725,      -179.8817,       27.22679,       179.0142,       13.57948,      -179.7592
       194.3125,        27.1591,      -175.1082,       41.88416,      -176.5787,       26.61731,      -178.0388,       13.69042,      -178.6465
        194.375,       29.26257,      -179.7894,         45.702,      -179.4873,       28.60087,       179.7538,       12.99541,       179.3119
       194.4375,       27.43772,      -178.4618,       44.03152,      -178.8137,       27.46233,      -178.5296,       14.23038,      -176.0784
          194.5,       27.04537,      -176.5339,       42.46255,      -177.3498,       26.84428,      -178.9321,       12.96739,      -179.5369
       194.5625,       29.14954,      -179.4485,       44.65593,      -179.5861,       27.86108,      -178.9805,       14.22413,       179.8692
        194.625,       27.70405,      -178.8157,       43.94789,      -177.5128,       27.61578,      -179.7238,       12.84931,      -177.5683
       194.6875,       27.72552,      -177.8259,       44.09232,      -179.5578,        27.7108,      -179.5856,       13.64845,      -177.7685
         194.75,       28.76593,      -179.2221,       45.25509,      -179.2368,       28.44061,      -179.5917,       14.28436,      -178.1893
       194.8125,       27.22584,       178.9627,       43.81802,        179.749,       26.89659,       178.7098,       13.11685,       179.2031
        194.875,       27.58626,      -177.7063,       43.63287,       179.5547,       28.15189,       179.6073,       13.40979,      -178.5401
       194.9375,       28.83187,      -179.0791,       45.41344,      -179.2582,       28.02946,      -179.6456,        14.0323,      -175.4476
            195,       26.42147,        178.776,       41.55635,       178.2435,       27.14372,       177.7056,        13.4885,       178.6109
       195.0625,       27.32461,      -179.0323,          42.92,      -179.9409,        26.3857,       178.7042,       13.36042,      -179.2019
        195.125,       26.46589,       -177.871,        41.3704,      -178.0892,       25.90742,      -178.4069,       13.15523,      -178.0931
       195.1875,       27.72155,       179.2956,       43.20396,       179.2116,       27.54685,       178.6138,       13.96777,       179.3484
         195.25,        28.2296,       178.9828,       44.19511,      -179.9305,         28.092,       179.0042,       13.57387,       179.3589
       195.3125,       25.59203,      -176.0105,       40.95983,      -176.4908,       25.10163,      -177.0493,       13.07826,      -178.4275
        195.375,       27.42996,       -176.758,       42.45772,      -176.0267,       27.03257,      -177.9749,       12.71634,      -175.9827
       195.4375,       28.10082,      -176.1116,       45.37104,      -176.1046,        28.1729,      -177.7552,        14.4725,      -176.4363
          195.5,       29.83242,      -177.3586,       48.04863,      -177.6598,       30.18895,      -177.7549,       14.35924,       179.9833
       195.5625,       25.95968,      -179.8038,        41.6176,       179.7196,       25.48547,       178.2736,       12.47086,      -179.2585
        195.625,       27.42911,      -177.1922,       43.90018,      -178.2141,       27.51755,      -177.7239,       13.44132,       -178.632
       195.6875,       29.18181,      -176.7111,       46.66543,      -178.6831,       29.51037,      -179.3357,       13.71587,      -174.5092
         195.75,        28.4656,        176.112,       46.67393,       175.7816,       29.50854,       175.3627,       14.33704,        175.815
       195.8125,        24.5684,      -179.5412,       37.74583,       179.1383,       24.13231,       179.7617,        12.0508,      -179.8727
        195.875,       26.06982,       178.6356,        40.9068,       178.2518,       25.00863,       177.0312,       12.74576,       -177.926
       195.9375,       26.79115,       -176.613,       42.92831,       -177.239,        28.4195,       -177.603,       13.85923,      -178.7667
            196,         26.658,        178.393,       41.79049,       178.3443,       26.36608,       177.3375,       12.92406,       -179.852
       196.0625,       25.32294,      -178.3281,       39.65098,       -178.308,       24.83672,      -179.3904,       13.27431,        179.877
        196.125,       26.01694,      -174.2345,       41.34766,      -174.2535,       26.16949,      -176.8819,       12.31005,      -177.3023
       196.1875,       27.69304,      -172.2063,       43.94073,      -173.5296,       27.49719,      -174.7845,       14.19938,      -173.0565
         196.25,       29.13204,      -177.6964,       47.19495,      -178.7697,       29.98177,       179.8203,       14.14246,       177.7805
       196.3125,       26.19951,      -179.0424,       41.76193,      -178.4567,       25.07027,      -179.1208,       12.43369,      -178.9506
        196.375,       26.35426,      -174.0695,       42.40047,      -176.9365,       26.39125,      -177.4179,       12.34819,      -177.2982
       196.4375,       29.53033,      -176.1135,       46.35515,      -177.5939,       29.31177,      -178.6659,       13.35973,       -174.732
          196.5,       29.38379,       179.1078,       48.01724,       178.7503,        30.5803,       178.3388,       14.53799,       178.5361
       196.5625,       25.20534,       177.8639,       38.54411,       175.9461,        24.1561,       177.6241,       12.23799,       179.3857
        196.625,       26.83737,      -178.0986,       42.31788,      -178.5903,        27.0334,      -179.6059,       12.85527,      -177.7467
       196.6875,       27.82753,      -178.6692,       43.17239,      -179.6911,       27.36721,       178.6193,       13.88838,      -176.2703
         196.75,       27.55681,      -179.2838,       44.66428,      -179.8824,       28.32356,        179.458,       13.86761,       174.8809
       196.8125,       26.16379,      -177.8188,        39.1027,      -177.8174,        24.9862,      -179.1927,       12.81075,      -177.4646
        196.875,       24.34571,       -175.466,       37.76973,      -175.8901,       23.19476,      -177.3543,       11.91927,       -179.498
       196.9375,        29.2342,      -171.9783,       45.46093,       -173.538,       28.31315,      -176.0667,       14.20085,      -171.3137
            197,       28.81142,      -178.4205,       46.48956,      -178.4535,        29.3348,      -179.1663,       14.05808,       175.7071
       197.0625,       27.02587,      -179.1497,       41.71267,      -177.9716,       25.44877,      -177.8846,       11.95571,      -178.9736
        197.125,       25.70252,      -177.7812,       40.68852,      -179.4326,       25.14018,       179.5687,       12.01563,      -178.9316
       197.1875,       29.00966,      -175.1334,       46.36544,       -176.047,       28.99593,      -177.9141,        13.9416,      -175.2987
         197.25,        28.5376,       179.0754,       45.73602,        179.258,        29.6922,       179.9403,       12.94844,       179.5685
       197.3125,       24.88632,       174.2552,       39.48829,       175.0095,       24.71666,        174.425,       12.29395,       177.4961
        197.375,       24.26883,      -177.2257,       39.00661,      -178.5903,       23.80158,      -178.6748,       11.77159,      -177.9263
       197.4375,       28.41954,      -178.3434,       43.91474,      -178.2405,       28.97502,      -179.9306,       13.20758,      -175.5795
          197.5,       28.04656,       -177.174,       46.45711,      -178.4292,       29.22108,       -178.761,       14.57008,      -178.7477
       197.5625,       24.83053,         178.74,       37.61261,      -179.9707,       24.08151,       177.9858,       12.05458,       176.9179
        197.625,       24.89977,      -175.9658,       38.89975,      -175.2221,       23.75795,      -176.5375,       12.14784,      -173.9241
       197.6875,       29.14861,      -171.8325,       46.18916,      -173.2568,       29.10152,      -175.7417,       14.17059,      -176.0699
         197.75,       28.76979,      -179.4789,       47.38432,        -179.15,       29.56517,      -179.6375,       13.55456,      -177.2388
       197.8125,       27.26823,      -178.3955,       42.91824,      -177.8187,       26.52388,      -178.6764,       13.81501,       178.1829
        197.875,       26.13056,      -176.7984,       40.96798,      -177.4817,        25.1427,           -178,       11.78577,      -177.4588
       197.9375,        27.7751,      -172.4299,       44.62577,      -175.5047,       27.87341,      -177.8762,       13.83312,       -174.272
            198,       30.85219,       176.2119,       49.30597,       178.0221,       30.60167,       178.5188,       13.81195,       179.0455
       198.0625,       24.35997,       175.7388,       39.49983,       175.5262,       25.22637,       177.1471,       12.40518,       174.8091
        198.125,       26.18117,      -177.3425,       40.53191,      -178.1835,       24.68467,       179.6874,       12.12597,      -178.2135
       198.1875,       27.59076,      -176.9725,       44.49198,      -178.7944,       27.34778,      -179.5991,       12.75307,      -179.4055
         198.25,       28.26406,       177.5969,       44.92073,       178.1734,       29.61948,       178.4506,       13.86115,       179.9191
       198.3125,       24.19523,       179.9781,        38.3085,       179.5891,       24.42861,       178.7784,       12.02776,      -179.5928
        198.375,       24.89479,      -178.8675,       38.98214,       179.5371,       24.31807,       178.9931,       12.17466,      -179.2027
       198.4375,       27.16245,      -173.8578,       43.46328,      -174.6138,        27.0314,      -176.7976,       12.80865,      -175.3546
          198.5,       28.53559,      -176.7236,       45.83624,      -178.3091,        29.4123,      -179.8486,       13.24309,      -176.1762
       198.5625,       24.78597,      -179.9498,       39.47414,      -177.8842,        25.7148,      -179.1246,       12.63789,       177.0901
        198.625,       23.97325,      -173.5194,       38.14223,      -175.0001,        23.0092,      -177.4787,        11.8946,      -173.6673
       198.6875,       28.26975,      -173.1493,       43.93924,      -175.4558,       27.98451,      -175.8311,       13.13193,      -176.4759
         198.75,       28.15938,      -177.3163,       46.88065,      -177.3868,       29.70453,       179.9544,       13.42607,       -178.038
       198.8125,       27.62896,      -179.6915,        43.0838,      -177.7813,       26.34859,      -179.6778,       13.07522,       177.3408
        198.875,       25.48547,      -173.2964,       40.36939,      -175.4735,       24.53993,      -176.0124,       11.96726,      -175.8311
       198.9375,       28.44066,      -176.4976,       45.56155,      -176.8361,       28.23433,      -178.5721,       12.82469,      -178.7081
            199,       32.87714,      -179.9836,       51.64791,      -179.4016,       31.22761,       178.7198,       15.06256,      -178.5518
       199.0625,       26.81823,       176.2133,       43.71484,       176.2997,       26.11173,       177.7584,        12.4016,       177.4023
        199.125,       26.66532,       -178.796,       42.11818,       179.2217,        25.2539,      -179.9541,       12.27918,       178.4966
       199.1875,       30.22409,      -178.6991,       47.87111,       179.1686,       29.37938,      -179.8196,       13.50243,         -174.3
         199.25,       27.22352,       177.4824,       44.22613,       176.2796,       29.01147,       177.5537,       13.61681,      -179.7001
       199.3125,       26.42904,       176.0651,       41.28571,       173.9936,        25.6162,       174.3537,       12.25606,        175.626
        199.375,       24.05988,       178.3806,       36.82215,       178.1105,       24.32637,      -179.6354,       12.03184,      -176.1488
       199.4375,        25.5233,      -175.7266,       40.09459,      -179.3817,       26.30201,        178.461,         12.521,       -177.256
          199.5,       26.85719,      -179.8102,       43.07728,       -177.615,       27.65706,      -179.3274,       13.91432,       179.7432
       199.5625,       24.58503,      -175.0577,       38.27541,      -176.7825,        25.4179,      -178.0244,       11.80954,       179.5784
        199.625,        25.9403,      -174.2149,       39.39939,      -172.1335,       24.38516,      -176.6962,       12.22794,      -177.5659
       199.6875,       25.89567,      -172.9178,       42.35953,      -173.5711,       26.36263,      -176.7597,       12.49381,      -174.8754
         199.75,       31.78661,      -174.3371,       49.10555,      -174.1415,       30.29856,      -175.6531,       14.32196,      -178.7746
       199.8125,       28.01158,      -178.9189,       45.24171,      -178.3307,        26.8656,       179.4469,       12.45942,      -179.7234
        199.875,       28.27409,      -177.9609,       44.20581,      -177.2298,       26.47397,      -177.4957,       12.45799,      -178.3885
       199.9375,       28.97183,       179.4378,       47.03926,       178.2786,       28.47648,       177.6726,       13.18988,      -178.1414
            200,       29.12667,       -179.762,       46.32759,       179.2409,        28.3237,      -179.3289,       13.49909,      -178.0478
